datetime,day_of_year,solar_time,cat,z,ST,SD,Z_sl,nd_aws2,Ta_aws2,Ta_cell,G_rsun,G_AWS2_rsun,Sin_AWS2,Sin_cell,alpha,Sout,Lin,Lout,Snet,Lnet,Rnet,T2m_AWS2,T2m,Ts,wind_speed,RH,pressure,H,LE,Qr,Qg,Qm,ablation_mm
2019-07-07 00:00:00,188,0.0,94,2563,1,0,2402.5,3,35.0,34.64,0.0,0.0,0.0,0.0,0.5777,0.0,257.3,315.66,0.0,-58.36,-58.36,9.1,17.23,0.0,0.66,54.52,750.86,0.0,0.0,0.0,4.44,0.0,0.0
2019-07-07 00:00:00,188,0.0,96,2549,1,0,2402.5,3,35.0,35.0,0.0,0.0,0.0,0.0,0.5781,0.0,257.3,315.66,0.0,-58.36,-58.36,9.1,17.32,0.0,0.66,54.52,750.86,0.0,0.0,0.0,4.44,0.0,0.0
2019-07-07 00:00:00,188,0.0,1,2612,1,0,2402.5,3,35.0,33.36,0.0,0.0,0.0,0.0,0.5765,0.0,257.3,315.66,0.0,-58.36,-58.36,9.1,16.91,0.0,0.66,54.52,750.86,0.0,0.0,0.0,4.44,0.0,0.0
2019-07-07 00:00:00,188,0.0,2,2612,1,0,2402.5,3,35.0,33.36,0.0,0.0,0.0,0.0,0.5765,0.0,257.3,315.66,0.0,-58.36,-58.36,9.1,16.91,0.0,0.66,54.52,750.86,0.0,0.0,0.0,4.44,0.0,0.0
2019-07-07 00:00:00,188,0.0,3,2610,1,0,2402.5,3,35.0,33.41,0.0,0.0,0.0,0.0,0.5765,0.0,257.3,315.66,0.0,-58.36,-58.36,9.1,16.92,0.0,0.66,54.52,750.86,0.0,0.0,0.0,4.44,0.0,0.0
2019-07-07 00:00:00,188,0.0,4,2583,1,0,2402.5,3,35.0,34.12,0.0,0.0,0.0,0.0,0.5772,0.0,257.3,315.66,0.0,-58.36,-58.36,9.1,17.1,0.0,0.66,54.52,750.86,0.0,0.0,0.0,4.44,0.0,0.0
2019-07-07 00:00:00,188,0.0,5,2583,1,0,2402.5,3,35.0,34.12,0.0,0.0,0.0,0.0,0.5772,0.0,257.3,315.66,0.0,-58.36,-58.36,9.1,17.1,0.0,0.66,54.52,750.86,0.0,0.0,0.0,4.44,0.0,0.0
2019-07-07 00:00:00,188,0.0,6,2546,1,0,2402.5,3,35.0,35.08,0.0,0.0,0.0,0.0,0.5781,0.0,257.3,315.66,0.0,-58.36,-58.36,9.1,17.34,0.0,0.66,54.52,750.86,0.0,0.0,0.0,4.44,0.0,0.0
2019-07-07 00:00:00,188,0.0,7,2546,1,0,2402.5,3,35.0,35.08,0.0,0.0,0.0,0.0,0.5781,0.0,257.3,315.66,0.0,-58.36,-58.36,9.1,17.34,0.0,0.66,54.52,750.86,0.0,0.0,0.0,4.44,0.0,0.0
2019-07-07 00:00:00,188,0.0,8,2639,1,0,2402.5,3,35.0,32.66,0.0,0.0,0.0,0.0,0.5758,0.0,257.3,315.66,0.0,-58.36,-58.36,9.1,16.73,0.0,0.66,54.52,750.86,0.0,0.0,0.0,4.44,0.0,0.0
2019-07-07 00:00:00,188,0.0,9,2610,1,0,2402.5,3,35.0,33.41,0.0,0.0,0.0,0.0,0.5765,0.0,257.3,315.66,0.0,-58.36,-58.36,9.1,16.92,0.0,0.66,54.52,750.86,0.0,0.0,0.0,4.44,0.0,0.0
2019-07-07 00:00:00,188,0.0,10,2579,1,0,2402.5,3,35.0,34.22,0.0,0.0,0.0,0.0,0.5773,0.0,257.3,315.66,0.0,-58.36,-58.36,9.1,17.12,0.0,0.66,54.52,750.86,0.0,0.0,0.0,4.44,0.0,0.0
2019-07-07 00:00:00,188,0.0,11,2579,1,0,2402.5,3,35.0,34.22,0.0,0.0,0.0,0.0,0.5773,0.0,257.3,315.66,0.0,-58.36,-58.36,9.1,17.12,0.0,0.66,54.52,750.86,0.0,0.0,0.0,4.44,0.0,0.0
2019-07-07 00:00:00,188,0.0,12,2546,1,0,2402.5,3,35.0,35.08,0.0,0.0,0.0,0.0,0.5781,0.0,257.3,315.66,0.0,-58.36,-58.36,9.1,17.34,0.0,0.66,54.52,750.86,0.0,0.0,0.0,4.44,0.0,0.0
2019-07-07 00:00:00,188,0.0,13,2530,1,0,2402.5,3,35.0,35.49,0.0,0.0,0.0,0.0,0.5785,0.0,257.3,315.66,0.0,-58.36,-58.36,9.1,17.44,0.0,0.66,54.52,750.86,0.0,0.0,0.0,4.44,0.0,0.0
2019-07-07 00:00:00,188,0.0,14,2530,1,0,2402.5,3,35.0,35.49,0.0,0.0,0.0,0.0,0.5785,0.0,257.3,315.66,0.0,-58.36,-58.36,9.1,17.44,0.0,0.66,54.52,750.86,0.0,0.0,0.0,4.44,0.0,0.0
2019-07-07 00:00:00,188,0.0,15,2494,1,0,2402.5,3,35.0,36.43,0.0,0.0,0.0,0.0,0.5795,0.0,257.3,315.66,0.0,-58.36,-58.36,9.1,17.67,0.0,0.66,54.52,750.86,0.0,0.0,0.0,4.44,0.0,0.0
2019-07-07 00:00:00,188,0.0,16,2494,1,0,2402.5,3,35.0,36.43,0.0,0.0,0.0,0.0,0.5795,0.0,257.3,315.66,0.0,-58.36,-58.36,9.1,17.67,0.0,0.66,54.52,750.86,0.0,0.0,0.0,4.44,0.0,0.0
2019-07-07 00:00:00,188,0.0,17,2462,1,0,2402.5,3,35.0,37.26,0.0,0.0,0.0,0.0,0.5803,0.0,257.3,315.66,0.0,-58.36,-58.36,9.1,17.88,0.0,0.66,54.52,750.86,0.0,0.0,0.0,4.44,0.0,0.0
2019-07-07 00:00:00,188,0.0,18,2630,1,0,2402.5,3,35.0,32.89,0.0,0.0,0.0,0.0,0.576,0.0,257.3,315.66,0.0,-58.36,-58.36,9.1,16.79,0.0,0.66,54.52,750.86,0.0,0.0,0.0,4.44,0.0,0.0
2019-07-07 00:00:00,188,0.0,19,2630,1,0,2402.5,3,35.0,32.89,0.0,0.0,0.0,0.0,0.576,0.0,257.3,315.66,0.0,-58.36,-58.36,9.1,16.79,0.0,0.66,54.52,750.86,0.0,0.0,0.0,4.44,0.0,0.0
2019-07-07 00:00:00,188,0.0,20,2604,1,0,2402.5,3,35.0,33.57,0.0,0.0,0.0,0.0,0.5767,0.0,257.3,315.66,0.0,-58.36,-58.36,9.1,16.96,0.0,0.66,54.52,750.86,0.0,0.0,0.0,4.44,0.0,0.0
2019-07-07 00:00:00,188,0.0,21,2563,1,0,2402.5,3,35.0,34.64,0.0,0.0,0.0,0.0,0.5777,0.0,257.3,315.66,0.0,-58.36,-58.36,9.1,17.23,0.0,0.66,54.52,750.86,0.0,0.0,0.0,4.44,0.0,0.0
2019-07-07 00:00:00,188,0.0,22,2556,1,0,2402.5,3,35.0,34.82,0.0,0.0,0.0,0.0,0.5779,0.0,257.3,315.66,0.0,-58.36,-58.36,9.1,17.27,0.0,0.66,54.52,750.86,0.0,0.0,0.0,4.44,0.0,0.0
2019-07-07 00:00:00,188,0.0,23,2549,1,0,2402.5,3,35.0,35.0,0.0,0.0,0.0,0.0,0.5781,0.0,257.3,315.66,0.0,-58.36,-58.36,9.1,17.32,0.0,0.66,54.52,750.86,0.0,0.0,0.0,4.44,0.0,0.0
2019-07-07 00:00:00,188,0.0,24,2549,1,0,2402.5,3,35.0,35.0,0.0,0.0,0.0,0.0,0.5781,0.0,257.3,315.66,0.0,-58.36,-58.36,9.1,17.32,0.0,0.66,54.52,750.86,0.0,0.0,0.0,4.44,0.0,0.0
2019-07-07 00:00:00,188,0.0,25,2524,1,0,2402.5,3,35.0,35.65,0.0,0.0,0.0,0.0,0.5787,0.0,257.3,315.66,0.0,-58.36,-58.36,9.1,17.48,0.0,0.66,54.52,750.86,0.0,0.0,0.0,4.44,0.0,0.0
2019-07-07 00:00:00,188,0.0,26,2502,1,0,2402.5,3,35.0,36.22,0.0,0.0,0.0,0.0,0.5792,0.0,257.3,315.66,0.0,-58.36,-58.36,9.1,17.62,0.0,0.66,54.52,750.86,0.0,0.0,0.0,4.44,0.0,0.0
2019-07-07 00:00:00,188,0.0,27,2502,1,0,2402.5,3,35.0,36.22,0.0,0.0,0.0,0.0,0.5792,0.0,257.3,315.66,0.0,-58.36,-58.36,9.1,17.62,0.0,0.66,54.52,750.86,0.0,0.0,0.0,4.44,0.0,0.0
2019-07-07 00:00:00,188,0.0,28,2477,1,0,2402.5,3,35.0,36.87,0.0,0.0,0.0,0.0,0.5799,0.0,257.3,315.66,0.0,-58.36,-58.36,9.1,17.79,0.0,0.66,54.52,750.86,0.0,0.0,0.0,4.44,0.0,0.0
2019-07-07 00:00:00,188,0.0,29,2477,1,0,2402.5,3,35.0,36.87,0.0,0.0,0.0,0.0,0.5799,0.0,257.3,315.66,0.0,-58.36,-58.36,9.1,17.79,0.0,0.66,54.52,750.86,0.0,0.0,0.0,4.44,0.0,0.0
2019-07-07 00:00:00,188,0.0,30,2440,1,0,2402.5,3,35.0,37.83,0.0,0.0,0.0,0.0,0.5808,0.0,257.3,315.66,0.0,-58.36,-58.36,9.1,18.03,0.0,0.66,54.52,750.86,0.0,0.0,0.0,4.44,0.0,0.0
2019-07-07 00:00:00,188,0.0,31,2620,1,0,2402.5,3,35.0,33.15,0.0,0.0,0.0,0.0,0.5763,0.0,257.3,315.66,0.0,-58.36,-58.36,9.1,16.86,0.0,0.66,54.52,750.86,0.0,0.0,0.0,4.44,0.0,0.0
2019-07-07 00:00:00,188,0.0,32,2576,1,0,2402.5,3,35.0,34.3,0.0,0.0,0.0,0.0,0.5774,0.0,257.3,315.66,0.0,-58.36,-58.36,9.1,17.14,0.0,0.66,54.52,750.86,0.0,0.0,0.0,4.44,0.0,0.0
2019-07-07 00:00:00,188,0.0,33,2576,1,0,2402.5,3,35.0,34.3,0.0,0.0,0.0,0.0,0.5774,0.0,257.3,315.66,0.0,-58.36,-58.36,9.1,17.14,0.0,0.66,54.52,750.86,0.0,0.0,0.0,4.44,0.0,0.0
2019-07-07 00:00:00,188,0.0,34,2576,1,0,2402.5,3,35.0,34.3,0.0,0.0,0.0,0.0,0.5774,0.0,257.3,315.66,0.0,-58.36,-58.36,9.1,17.14,0.0,0.66,54.52,750.86,0.0,0.0,0.0,4.44,0.0,0.0
2019-07-07 00:00:00,188,0.0,35,2556,1,0,2402.5,3,35.0,34.82,0.0,0.0,0.0,0.0,0.5779,0.0,257.3,315.66,0.0,-58.36,-58.36,9.1,17.27,0.0,0.66,54.52,750.86,0.0,0.0,0.0,4.44,0.0,0.0
2019-07-07 00:00:00,188,0.0,36,2533,1,0,2402.5,3,35.0,35.42,0.0,0.0,0.0,0.0,0.5785,0.0,257.3,315.66,0.0,-58.36,-58.36,9.1,17.42,0.0,0.66,54.52,750.86,0.0,0.0,0.0,4.44,0.0,0.0
2019-07-07 00:00:00,188,0.0,37,2532,1,0,2402.5,3,35.0,35.44,0.0,0.0,0.0,0.0,0.5785,0.0,257.3,315.66,0.0,-58.36,-58.36,9.1,17.43,0.0,0.66,54.52,750.86,0.0,0.0,0.0,4.44,0.0,0.0
2019-07-07 00:00:00,188,0.0,38,2534,1,0,2402.5,3,35.0,35.39,0.0,0.0,0.0,0.0,0.5784,0.0,257.3,315.66,0.0,-58.36,-58.36,9.1,17.41,0.0,0.66,54.52,750.86,0.0,0.0,0.0,4.44,0.0,0.0
2019-07-07 00:00:00,188,0.0,39,2534,1,0,2402.5,3,35.0,35.39,0.0,0.0,0.0,0.0,0.5784,0.0,257.3,315.66,0.0,-58.36,-58.36,9.1,17.41,0.0,0.66,54.52,750.86,0.0,0.0,0.0,4.44,0.0,0.0
2019-07-07 00:00:00,188,0.0,40,2515,1,0,2402.5,3,35.0,35.88,0.0,0.0,0.0,0.0,0.5789,0.0,257.3,315.66,0.0,-58.36,-58.36,9.1,17.54,0.0,0.66,54.52,750.86,0.0,0.0,0.0,4.44,0.0,0.0
2019-07-07 00:00:00,188,0.0,41,2487,1,0,2402.5,3,35.0,36.61,0.0,0.0,0.0,0.0,0.5796,0.0,257.3,315.66,0.0,-58.36,-58.36,9.1,17.72,0.0,0.66,54.52,750.86,0.0,0.0,0.0,4.44,0.0,0.0
2019-07-07 00:00:00,188,0.0,42,2487,1,0,2402.5,3,35.0,36.61,0.0,0.0,0.0,0.0,0.5796,0.0,257.3,315.66,0.0,-58.36,-58.36,9.1,17.72,0.0,0.66,54.52,750.86,0.0,0.0,0.0,4.44,0.0,0.0
2019-07-07 00:00:00,188,0.0,43,2464,1,0,2402.5,3,35.0,37.21,0.0,0.0,0.0,0.0,0.5802,0.0,257.3,315.66,0.0,-58.36,-58.36,9.1,17.87,0.0,0.66,54.52,750.86,0.0,0.0,0.0,4.44,0.0,0.0
2019-07-07 00:00:00,188,0.0,44,2555,1,0,2402.5,3,35.0,34.84,0.0,0.0,0.0,0.0,0.5779,0.0,257.3,315.66,0.0,-58.36,-58.36,9.1,17.28,0.0,0.66,54.52,750.86,0.0,0.0,0.0,4.44,0.0,0.0
2019-07-07 00:00:00,188,0.0,45,2555,1,0,2402.5,3,35.0,34.84,0.0,0.0,0.0,0.0,0.5779,0.0,257.3,315.66,0.0,-58.36,-58.36,9.1,17.28,0.0,0.66,54.52,750.86,0.0,0.0,0.0,4.44,0.0,0.0
2019-07-07 00:00:00,188,0.0,46,2555,1,0,2402.5,3,35.0,34.84,0.0,0.0,0.0,0.0,0.5779,0.0,257.3,315.66,0.0,-58.36,-58.36,9.1,17.28,0.0,0.66,54.52,750.86,0.0,0.0,0.0,4.44,0.0,0.0
2019-07-07 00:00:00,188,0.0,47,2530,1,0,2402.5,3,35.0,35.49,0.0,0.0,0.0,0.0,0.5785,0.0,257.3,315.66,0.0,-58.36,-58.36,9.1,17.44,0.0,0.66,54.52,750.86,0.0,0.0,0.0,4.44,0.0,0.0
2019-07-07 00:00:00,188,0.0,48,2510,1,0,2402.5,3,35.0,36.01,0.0,0.0,0.0,0.0,0.579,0.0,257.3,315.66,0.0,-58.36,-58.36,9.1,17.57,0.0,0.66,54.52,750.86,0.0,0.0,0.0,4.44,0.0,0.0
2019-07-07 00:00:00,188,0.0,49,2534,1,0,2402.5,3,35.0,35.39,0.0,0.0,0.0,0.0,0.5784,0.0,257.3,315.66,0.0,-58.36,-58.36,9.1,17.41,0.0,0.66,54.52,750.86,0.0,0.0,0.0,4.44,0.0,0.0
2019-07-07 00:00:00,188,0.0,50,2531,1,0,2402.5,3,35.0,35.47,0.0,0.0,0.0,0.0,0.5785,0.0,257.3,315.66,0.0,-58.36,-58.36,9.1,17.43,0.0,0.66,54.52,750.86,0.0,0.0,0.0,4.44,0.0,0.0
2019-07-07 00:00:00,188,0.0,51,2531,1,0,2402.5,3,35.0,35.47,0.0,0.0,0.0,0.0,0.5785,0.0,257.3,315.66,0.0,-58.36,-58.36,9.1,17.43,0.0,0.66,54.52,750.86,0.0,0.0,0.0,4.44,0.0,0.0
2019-07-07 00:00:00,188,0.0,52,2531,1,0,2402.5,3,35.0,35.47,0.0,0.0,0.0,0.0,0.5785,0.0,257.3,315.66,0.0,-58.36,-58.36,9.1,17.43,0.0,0.66,54.52,750.86,0.0,0.0,0.0,4.44,0.0,0.0
2019-07-07 00:00:00,188,0.0,53,2507,1,0,2402.5,3,35.0,36.09,0.0,0.0,0.0,0.0,0.5791,0.0,257.3,315.66,0.0,-58.36,-58.36,9.1,17.59,0.0,0.66,54.52,750.86,0.0,0.0,0.0,4.44,0.0,0.0
2019-07-07 00:00:00,188,0.0,54,2494,1,0,2402.5,3,35.0,36.43,0.0,0.0,0.0,0.0,0.5795,0.0,257.3,315.66,0.0,-58.36,-58.36,9.1,17.67,0.0,0.66,54.52,750.86,0.0,0.0,0.0,4.44,0.0,0.0
2019-07-07 00:00:00,188,0.0,55,2531,1,0,2402.5,3,35.0,35.47,0.0,0.0,0.0,0.0,0.5785,0.0,257.3,315.66,0.0,-58.36,-58.36,9.1,17.43,0.0,0.66,54.52,750.86,0.0,0.0,0.0,4.44,0.0,0.0
2019-07-07 00:00:00,188,0.0,56,2531,1,0,2402.5,3,35.0,35.47,0.0,0.0,0.0,0.0,0.5785,0.0,257.3,315.66,0.0,-58.36,-58.36,9.1,17.43,0.0,0.66,54.52,750.86,0.0,0.0,0.0,4.44,0.0,0.0
2019-07-07 00:00:00,188,0.0,57,2507,1,0,2402.5,3,35.0,36.09,0.0,0.0,0.0,0.0,0.5791,0.0,257.3,315.66,0.0,-58.36,-58.36,9.1,17.59,0.0,0.66,54.52,750.86,0.0,0.0,0.0,4.44,0.0,0.0
2019-07-07 00:00:00,188,0.0,58,2494,1,0,2402.5,3,35.0,36.43,0.0,0.0,0.0,0.0,0.5795,0.0,257.3,315.66,0.0,-58.36,-58.36,9.1,17.67,0.0,0.66,54.52,750.86,0.0,0.0,0.0,4.44,0.0,0.0
2019-07-07 00:00:00,188,0.0,59,2506,1,0,2402.5,3,35.0,36.12,0.0,0.0,0.0,0.0,0.5791,0.0,257.3,315.66,0.0,-58.36,-58.36,9.1,17.6,0.0,0.66,54.52,750.86,0.0,0.0,0.0,4.44,0.0,0.0
2019-07-07 00:00:00,188,0.0,60,2506,1,0,2402.5,3,35.0,36.12,0.0,0.0,0.0,0.0,0.5791,0.0,257.3,315.66,0.0,-58.36,-58.36,9.1,17.6,0.0,0.66,54.52,750.86,0.0,0.0,0.0,4.44,0.0,0.0
2019-07-07 00:00:00,188,0.0,61,2485,1,0,2402.5,3,35.0,36.66,0.0,0.0,0.0,0.0,0.5797,0.0,257.3,315.66,0.0,-58.36,-58.36,9.1,17.73,0.0,0.66,54.52,750.86,0.0,0.0,0.0,4.44,0.0,0.0
2019-07-07 00:00:00,188,0.0,62,2469,1,0,2402.5,3,35.0,37.08,0.0,0.0,0.0,0.0,0.5801,0.0,257.3,315.66,0.0,-58.36,-58.36,9.1,17.84,0.0,0.66,54.52,750.86,0.0,0.0,0.0,4.44,0.0,0.0
2019-07-07 00:00:00,188,0.0,63,2506,1,0,2402.5,3,35.0,36.12,0.0,0.0,0.0,0.0,0.5791,0.0,257.3,315.66,0.0,-58.36,-58.36,9.1,17.6,0.0,0.66,54.52,750.86,0.0,0.0,0.0,4.44,0.0,0.0
2019-07-07 00:00:00,188,0.0,64,2506,1,0,2402.5,3,35.0,36.12,0.0,0.0,0.0,0.0,0.5791,0.0,257.3,315.66,0.0,-58.36,-58.36,9.1,17.6,0.0,0.66,54.52,750.86,0.0,0.0,0.0,4.44,0.0,0.0
2019-07-07 00:00:00,188,0.0,65,2506,1,0,2402.5,3,35.0,36.12,0.0,0.0,0.0,0.0,0.5791,0.0,257.3,315.66,0.0,-58.36,-58.36,9.1,17.6,0.0,0.66,54.52,750.86,0.0,0.0,0.0,4.44,0.0,0.0
2019-07-07 00:00:00,188,0.0,66,2485,1,0,2402.5,3,35.0,36.66,0.0,0.0,0.0,0.0,0.5797,0.0,257.3,315.66,0.0,-58.36,-58.36,9.1,17.73,0.0,0.66,54.52,750.86,0.0,0.0,0.0,4.44,0.0,0.0
2019-07-07 00:00:00,188,0.0,67,2455,1,0,2402.5,3,35.0,37.44,0.0,0.0,0.0,0.0,0.5804,0.0,257.3,315.66,0.0,-58.36,-58.36,9.1,17.93,0.0,0.66,54.52,750.86,0.0,0.0,0.0,4.44,0.0,0.0
2019-07-07 00:00:00,188,0.0,68,2489,1,0,2402.5,3,35.0,36.56,0.0,0.0,0.0,0.0,0.5796,0.0,257.3,315.66,0.0,-58.36,-58.36,9.1,17.71,0.0,0.66,54.52,750.86,0.0,0.0,0.0,4.44,0.0,0.0
2019-07-07 00:00:00,188,0.0,69,2489,1,0,2402.5,3,35.0,36.56,0.0,0.0,0.0,0.0,0.5796,0.0,257.3,315.66,0.0,-58.36,-58.36,9.1,17.71,0.0,0.66,54.52,750.86,0.0,0.0,0.0,4.44,0.0,0.0
2019-07-07 00:00:00,188,0.0,70,2489,1,0,2402.5,3,35.0,36.56,0.0,0.0,0.0,0.0,0.5796,0.0,257.3,315.66,0.0,-58.36,-58.36,9.1,17.71,0.0,0.66,54.52,750.86,0.0,0.0,0.0,4.44,0.0,0.0
2019-07-07 00:00:00,188,0.0,71,2477,1,0,2402.5,3,35.0,36.87,0.0,0.0,0.0,0.0,0.5799,0.0,257.3,315.66,0.0,-58.36,-58.36,9.1,17.79,0.0,0.66,54.52,750.86,0.0,0.0,0.0,4.44,0.0,0.0
2019-07-07 00:00:00,188,0.0,72,2455,1,0,2402.5,3,35.0,37.44,0.0,0.0,0.0,0.0,0.5804,0.0,257.3,315.66,0.0,-58.36,-58.36,9.1,17.93,0.0,0.66,54.52,750.86,0.0,0.0,0.0,4.44,0.0,0.0
2019-07-07 00:00:00,188,0.0,73,2485,1,0,2402.5,3,35.0,36.66,0.0,0.0,0.0,0.0,0.5797,0.0,257.3,315.66,0.0,-58.36,-58.36,9.1,17.73,0.0,0.66,54.52,750.86,0.0,0.0,0.0,4.44,0.0,0.0
2019-07-07 00:00:00,188,0.0,74,2485,1,0,2402.5,3,35.0,36.66,0.0,0.0,0.0,0.0,0.5797,0.0,257.3,315.66,0.0,-58.36,-58.36,9.1,17.73,0.0,0.66,54.52,750.86,0.0,0.0,0.0,4.44,0.0,0.0
2019-07-07 00:00:00,188,0.0,75,2485,1,0,2402.5,3,35.0,36.66,0.0,0.0,0.0,0.0,0.5797,0.0,257.3,315.66,0.0,-58.36,-58.36,9.1,17.73,0.0,0.66,54.52,750.86,0.0,0.0,0.0,4.44,0.0,0.0
2019-07-07 00:00:00,188,0.0,76,2466,1,0,2402.5,3,35.0,37.16,0.0,0.0,0.0,0.0,0.5802,0.0,257.3,315.66,0.0,-58.36,-58.36,9.1,17.86,0.0,0.66,54.52,750.86,0.0,0.0,0.0,4.44,0.0,0.0
2019-07-07 00:00:00,188,0.0,77,2445,1,0,2402.5,3,35.0,37.7,0.0,0.0,0.0,0.0,0.5807,0.0,257.3,315.66,0.0,-58.36,-58.36,9.1,17.99,0.0,0.66,54.52,750.86,0.0,0.0,0.0,4.44,0.0,0.0
2019-07-07 00:00:00,188,0.0,78,2478,1,0,2402.5,3,35.0,36.85,0.0,0.0,0.0,0.0,0.5799,0.0,257.3,315.66,0.0,-58.36,-58.36,9.1,17.78,0.0,0.66,54.52,750.86,0.0,0.0,0.0,4.44,0.0,0.0
2019-07-07 00:00:00,188,0.0,79,2478,1,0,2402.5,3,35.0,36.85,0.0,0.0,0.0,0.0,0.5799,0.0,257.3,315.66,0.0,-58.36,-58.36,9.1,17.78,0.0,0.66,54.52,750.86,0.0,0.0,0.0,4.44,0.0,0.0
2019-07-07 00:00:00,188,0.0,80,2449,1,0,2402.5,3,35.0,37.6,0.0,0.0,0.0,0.0,0.5806,0.0,257.3,315.66,0.0,-58.36,-58.36,9.1,17.97,0.0,0.66,54.52,750.86,0.0,0.0,0.0,4.44,0.0,0.0
2019-07-07 00:00:00,188,0.0,81,2412,1,0,2402.5,3,35.0,38.56,0.0,0.0,0.0,0.0,0.5815,0.0,257.3,315.66,0.0,-58.36,-58.36,9.1,18.21,0.0,0.66,54.52,750.86,0.0,0.0,0.0,4.44,0.0,0.0
2019-07-07 00:00:00,188,0.0,82,2443,1,0,2402.5,3,35.0,37.76,0.0,0.0,0.0,0.0,0.5807,0.0,257.3,315.66,0.0,-58.36,-58.36,9.1,18.01,0.0,0.66,54.52,750.86,0.0,0.0,0.0,4.44,0.0,0.0
2019-07-07 00:00:00,188,0.0,83,2474,1,0,2402.5,3,35.0,36.95,0.0,0.0,0.0,0.0,0.58,0.0,257.3,315.66,0.0,-58.36,-58.36,9.1,17.8,0.0,0.66,54.52,750.86,0.0,0.0,0.0,4.44,0.0,0.0
2019-07-07 00:00:00,188,0.0,84,2474,1,0,2402.5,3,35.0,36.95,0.0,0.0,0.0,0.0,0.58,0.0,257.3,315.66,0.0,-58.36,-58.36,9.1,17.8,0.0,0.66,54.52,750.86,0.0,0.0,0.0,4.44,0.0,0.0
2019-07-07 00:00:00,188,0.0,85,2436,1,0,2402.5,3,35.0,37.94,0.0,0.0,0.0,0.0,0.5809,0.0,257.3,315.66,0.0,-58.36,-58.36,9.1,18.05,0.0,0.66,54.52,750.86,0.0,0.0,0.0,4.44,0.0,0.0
2019-07-07 00:00:00,188,0.0,86,2397,0,0,2402.5,3,35.0,38.95,0.0,0.0,0.0,0.0,0.2445,0.0,257.3,315.66,0.0,-58.36,-58.36,9.1,18.3,0.0,0.66,54.52,750.86,0.0,0.0,0.0,24.44,0.0,0.0
2019-07-07 00:00:00,188,0.0,87,2415,1,0,2402.5,3,35.0,38.48,0.0,0.0,0.0,0.0,0.5815,0.0,257.3,315.66,0.0,-58.36,-58.36,9.1,18.19,0.0,0.66,54.52,750.86,0.0,0.0,0.0,4.44,0.0,0.0
2019-07-07 00:00:00,188,0.0,88,2476,1,0,2402.5,3,35.0,36.9,0.0,0.0,0.0,0.0,0.5799,0.0,257.3,315.66,0.0,-58.36,-58.36,9.1,17.79,0.0,0.66,54.52,750.86,0.0,0.0,0.0,4.44,0.0,0.0
2019-07-07 00:00:00,188,0.0,89,2428,1,0,2402.5,3,35.0,38.15,0.0,0.0,0.0,0.0,0.5811,0.0,257.3,315.66,0.0,-58.36,-58.36,9.1,18.1,0.0,0.66,54.52,750.86,0.0,0.0,0.0,4.44,0.0,0.0
2019-07-07 00:00:00,188,0.0,90,2377,0,0,2402.5,3,35.0,39.47,0.0,0.0,0.0,0.0,0.245,0.0,257.3,315.66,0.0,-58.36,-58.36,9.1,18.43,0.0,0.66,54.52,750.86,0.0,0.0,0.0,24.44,0.0,0.0
2019-07-07 00:00:00,188,0.0,91,2378,0,0,2402.5,3,35.0,39.45,0.0,0.0,0.0,0.0,0.2449,0.0,257.3,315.66,0.0,-58.36,-58.36,9.1,18.43,0.0,0.66,54.52,750.86,0.0,0.0,0.0,24.44,0.0,0.0
2019-07-07 00:00:00,188,0.0,92,2496,1,0,2402.5,3,35.0,36.38,0.0,0.0,0.0,0.0,0.5794,0.0,257.3,315.66,0.0,-58.36,-58.36,9.1,17.66,0.0,0.66,54.52,750.86,0.0,0.0,0.0,4.44,0.0,0.0
2019-07-07 00:00:00,188,0.0,93,2423,1,0,2402.5,3,35.0,38.28,0.0,0.0,0.0,0.0,0.5813,0.0,257.3,315.66,0.0,-58.36,-58.36,9.1,18.14,0.0,0.66,54.52,750.86,0.0,0.0,0.0,4.44,0.0,0.0
2019-07-07 00:00:00,188,0.0,95,2372,0,0,2402.5,3,35.0,39.6,0.0,0.0,0.0,0.0,0.2451,0.0,257.3,315.66,0.0,-58.36,-58.36,9.1,18.47,0.0,0.66,54.52,750.86,0.0,0.0,0.0,24.44,0.0,0.0
2019-07-07 00:00:00,188,0.0,97,2358,0,0,2402.5,3,35.0,39.97,0.0,0.0,0.0,0.0,0.2454,0.0,257.3,315.66,0.0,-58.36,-58.36,9.1,18.56,0.0,0.66,54.52,750.86,0.0,0.0,0.0,24.44,0.0,0.0
2019-07-07 00:00:00,188,0.0,98,2554,1,0,2402.5,3,35.0,34.87,0.0,0.0,0.0,0.0,0.5779,0.0,257.3,315.66,0.0,-58.36,-58.36,9.1,17.28,0.0,0.66,54.52,750.86,0.0,0.0,0.0,4.44,0.0,0.0
2019-07-07 00:00:00,188,0.0,99,2451,1,0,2402.5,3,35.0,37.55,0.0,0.0,0.0,0.0,0.5805,0.0,257.3,315.66,0.0,-58.36,-58.36,9.1,17.95,0.0,0.66,54.52,750.86,0.0,0.0,0.0,4.44,0.0,0.0
2019-07-07 00:00:00,188,0.0,100,2361,0,0,2402.5,3,35.0,39.89,0.0,0.0,0.0,0.0,0.2454,0.0,257.3,315.66,0.0,-58.36,-58.36,9.1,18.54,0.0,0.66,54.52,750.86,0.0,0.0,0.0,24.44,0.0,0.0
2019-07-07 00:30:00,188,0.5,94,2563,1,0,2402.5,3,35.0,34.64,0.0,0.0,0.0,0.0,0.5777,0.0,258.11,315.66,0.0,-57.54,-57.54,9.85,17.23,0.0,1.09,52.89,750.77,0.0,0.0,0.0,4.44,0.0,0.0
2019-07-07 00:30:00,188,0.5,96,2549,1,0,2402.5,3,35.0,35.0,0.0,0.0,0.0,0.0,0.5781,0.0,258.11,315.66,0.0,-57.54,-57.54,9.85,17.32,0.0,1.09,52.89,750.77,0.0,0.0,0.0,4.44,0.0,0.0
2019-07-07 00:30:00,188,0.5,1,2612,1,0,2402.5,3,35.0,33.36,0.0,0.0,0.0,0.0,0.5765,0.0,258.11,315.66,0.0,-57.54,-57.54,9.85,16.91,0.0,1.09,52.89,750.77,0.0,0.0,0.0,4.44,0.0,0.0
2019-07-07 00:30:00,188,0.5,2,2612,1,0,2402.5,3,35.0,33.36,0.0,0.0,0.0,0.0,0.5765,0.0,258.11,315.66,0.0,-57.54,-57.54,9.85,16.91,0.0,1.09,52.89,750.77,0.0,0.0,0.0,4.44,0.0,0.0
2019-07-07 00:30:00,188,0.5,3,2610,1,0,2402.5,3,35.0,33.41,0.0,0.0,0.0,0.0,0.5765,0.0,258.11,315.66,0.0,-57.54,-57.54,9.85,16.92,0.0,1.09,52.89,750.77,0.0,0.0,0.0,4.44,0.0,0.0
2019-07-07 00:30:00,188,0.5,4,2583,1,0,2402.5,3,35.0,34.12,0.0,0.0,0.0,0.0,0.5772,0.0,258.11,315.66,0.0,-57.54,-57.54,9.85,17.1,0.0,1.09,52.89,750.77,0.0,0.0,0.0,4.44,0.0,0.0
2019-07-07 00:30:00,188,0.5,5,2583,1,0,2402.5,3,35.0,34.12,0.0,0.0,0.0,0.0,0.5772,0.0,258.11,315.66,0.0,-57.54,-57.54,9.85,17.1,0.0,1.09,52.89,750.77,0.0,0.0,0.0,4.44,0.0,0.0
2019-07-07 00:30:00,188,0.5,6,2546,1,0,2402.5,3,35.0,35.08,0.0,0.0,0.0,0.0,0.5781,0.0,258.11,315.66,0.0,-57.54,-57.54,9.85,17.34,0.0,1.09,52.89,750.77,0.0,0.0,0.0,4.44,0.0,0.0
2019-07-07 00:30:00,188,0.5,7,2546,1,0,2402.5,3,35.0,35.08,0.0,0.0,0.0,0.0,0.5781,0.0,258.11,315.66,0.0,-57.54,-57.54,9.85,17.34,0.0,1.09,52.89,750.77,0.0,0.0,0.0,4.44,0.0,0.0
2019-07-07 00:30:00,188,0.5,8,2639,1,0,2402.5,3,35.0,32.66,0.0,0.0,0.0,0.0,0.5758,0.0,258.11,315.66,0.0,-57.54,-57.54,9.85,16.73,0.0,1.09,52.89,750.77,0.0,0.0,0.0,4.44,0.0,0.0
2019-07-07 00:30:00,188,0.5,9,2610,1,0,2402.5,3,35.0,33.41,0.0,0.0,0.0,0.0,0.5765,0.0,258.11,315.66,0.0,-57.54,-57.54,9.85,16.92,0.0,1.09,52.89,750.77,0.0,0.0,0.0,4.44,0.0,0.0
2019-07-07 00:30:00,188,0.5,10,2579,1,0,2402.5,3,35.0,34.22,0.0,0.0,0.0,0.0,0.5773,0.0,258.11,315.66,0.0,-57.54,-57.54,9.85,17.12,0.0,1.09,52.89,750.77,0.0,0.0,0.0,4.44,0.0,0.0
2019-07-07 00:30:00,188,0.5,11,2579,1,0,2402.5,3,35.0,34.22,0.0,0.0,0.0,0.0,0.5773,0.0,258.11,315.66,0.0,-57.54,-57.54,9.85,17.12,0.0,1.09,52.89,750.77,0.0,0.0,0.0,4.44,0.0,0.0
2019-07-07 00:30:00,188,0.5,12,2546,1,0,2402.5,3,35.0,35.08,0.0,0.0,0.0,0.0,0.5781,0.0,258.11,315.66,0.0,-57.54,-57.54,9.85,17.34,0.0,1.09,52.89,750.77,0.0,0.0,0.0,4.44,0.0,0.0
2019-07-07 00:30:00,188,0.5,13,2530,1,0,2402.5,3,35.0,35.49,0.0,0.0,0.0,0.0,0.5785,0.0,258.11,315.66,0.0,-57.54,-57.54,9.85,17.44,0.0,1.09,52.89,750.77,0.0,0.0,0.0,4.44,0.0,0.0
2019-07-07 00:30:00,188,0.5,14,2530,1,0,2402.5,3,35.0,35.49,0.0,0.0,0.0,0.0,0.5785,0.0,258.11,315.66,0.0,-57.54,-57.54,9.85,17.44,0.0,1.09,52.89,750.77,0.0,0.0,0.0,4.44,0.0,0.0
2019-07-07 00:30:00,188,0.5,15,2494,1,0,2402.5,3,35.0,36.43,0.0,0.0,0.0,0.0,0.5795,0.0,258.11,315.66,0.0,-57.54,-57.54,9.85,17.67,0.0,1.09,52.89,750.77,0.0,0.0,0.0,4.44,0.0,0.0
2019-07-07 00:30:00,188,0.5,16,2494,1,0,2402.5,3,35.0,36.43,0.0,0.0,0.0,0.0,0.5795,0.0,258.11,315.66,0.0,-57.54,-57.54,9.85,17.67,0.0,1.09,52.89,750.77,0.0,0.0,0.0,4.44,0.0,0.0
2019-07-07 00:30:00,188,0.5,17,2462,1,0,2402.5,3,35.0,37.26,0.0,0.0,0.0,0.0,0.5803,0.0,258.11,315.66,0.0,-57.54,-57.54,9.85,17.88,0.0,1.09,52.89,750.77,0.0,0.0,0.0,4.44,0.0,0.0
2019-07-07 00:30:00,188,0.5,18,2630,1,0,2402.5,3,35.0,32.89,0.0,0.0,0.0,0.0,0.576,0.0,258.11,315.66,0.0,-57.54,-57.54,9.85,16.79,0.0,1.09,52.89,750.77,0.0,0.0,0.0,4.44,0.0,0.0
2019-07-07 00:30:00,188,0.5,19,2630,1,0,2402.5,3,35.0,32.89,0.0,0.0,0.0,0.0,0.576,0.0,258.11,315.66,0.0,-57.54,-57.54,9.85,16.79,0.0,1.09,52.89,750.77,0.0,0.0,0.0,4.44,0.0,0.0
2019-07-07 00:30:00,188,0.5,20,2604,1,0,2402.5,3,35.0,33.57,0.0,0.0,0.0,0.0,0.5767,0.0,258.11,315.66,0.0,-57.54,-57.54,9.85,16.96,0.0,1.09,52.89,750.77,0.0,0.0,0.0,4.44,0.0,0.0
2019-07-07 00:30:00,188,0.5,21,2563,1,0,2402.5,3,35.0,34.64,0.0,0.0,0.0,0.0,0.5777,0.0,258.11,315.66,0.0,-57.54,-57.54,9.85,17.23,0.0,1.09,52.89,750.77,0.0,0.0,0.0,4.44,0.0,0.0
2019-07-07 00:30:00,188,0.5,22,2556,1,0,2402.5,3,35.0,34.82,0.0,0.0,0.0,0.0,0.5779,0.0,258.11,315.66,0.0,-57.54,-57.54,9.85,17.27,0.0,1.09,52.89,750.77,0.0,0.0,0.0,4.44,0.0,0.0
2019-07-07 00:30:00,188,0.5,23,2549,1,0,2402.5,3,35.0,35.0,0.0,0.0,0.0,0.0,0.5781,0.0,258.11,315.66,0.0,-57.54,-57.54,9.85,17.32,0.0,1.09,52.89,750.77,0.0,0.0,0.0,4.44,0.0,0.0
2019-07-07 00:30:00,188,0.5,24,2549,1,0,2402.5,3,35.0,35.0,0.0,0.0,0.0,0.0,0.5781,0.0,258.11,315.66,0.0,-57.54,-57.54,9.85,17.32,0.0,1.09,52.89,750.77,0.0,0.0,0.0,4.44,0.0,0.0
2019-07-07 00:30:00,188,0.5,25,2524,1,0,2402.5,3,35.0,35.65,0.0,0.0,0.0,0.0,0.5787,0.0,258.11,315.66,0.0,-57.54,-57.54,9.85,17.48,0.0,1.09,52.89,750.77,0.0,0.0,0.0,4.44,0.0,0.0
2019-07-07 00:30:00,188,0.5,26,2502,1,0,2402.5,3,35.0,36.22,0.0,0.0,0.0,0.0,0.5792,0.0,258.11,315.66,0.0,-57.54,-57.54,9.85,17.62,0.0,1.09,52.89,750.77,0.0,0.0,0.0,4.44,0.0,0.0
2019-07-07 00:30:00,188,0.5,27,2502,1,0,2402.5,3,35.0,36.22,0.0,0.0,0.0,0.0,0.5792,0.0,258.11,315.66,0.0,-57.54,-57.54,9.85,17.62,0.0,1.09,52.89,750.77,0.0,0.0,0.0,4.44,0.0,0.0
2019-07-07 00:30:00,188,0.5,28,2477,1,0,2402.5,3,35.0,36.87,0.0,0.0,0.0,0.0,0.5799,0.0,258.11,315.66,0.0,-57.54,-57.54,9.85,17.79,0.0,1.09,52.89,750.77,0.0,0.0,0.0,4.44,0.0,0.0
2019-07-07 00:30:00,188,0.5,29,2477,1,0,2402.5,3,35.0,36.87,0.0,0.0,0.0,0.0,0.5799,0.0,258.11,315.66,0.0,-57.54,-57.54,9.85,17.79,0.0,1.09,52.89,750.77,0.0,0.0,0.0,4.44,0.0,0.0
2019-07-07 00:30:00,188,0.5,30,2440,1,0,2402.5,3,35.0,37.83,0.0,0.0,0.0,0.0,0.5808,0.0,258.11,315.66,0.0,-57.54,-57.54,9.85,18.03,0.0,1.09,52.89,750.77,0.0,0.0,0.0,4.44,0.0,0.0
2019-07-07 00:30:00,188,0.5,31,2620,1,0,2402.5,3,35.0,33.15,0.0,0.0,0.0,0.0,0.5763,0.0,258.11,315.66,0.0,-57.54,-57.54,9.85,16.86,0.0,1.09,52.89,750.77,0.0,0.0,0.0,4.44,0.0,0.0
2019-07-07 00:30:00,188,0.5,32,2576,1,0,2402.5,3,35.0,34.3,0.0,0.0,0.0,0.0,0.5774,0.0,258.11,315.66,0.0,-57.54,-57.54,9.85,17.14,0.0,1.09,52.89,750.77,0.0,0.0,0.0,4.44,0.0,0.0
2019-07-07 00:30:00,188,0.5,33,2576,1,0,2402.5,3,35.0,34.3,0.0,0.0,0.0,0.0,0.5774,0.0,258.11,315.66,0.0,-57.54,-57.54,9.85,17.14,0.0,1.09,52.89,750.77,0.0,0.0,0.0,4.44,0.0,0.0
2019-07-07 00:30:00,188,0.5,34,2576,1,0,2402.5,3,35.0,34.3,0.0,0.0,0.0,0.0,0.5774,0.0,258.11,315.66,0.0,-57.54,-57.54,9.85,17.14,0.0,1.09,52.89,750.77,0.0,0.0,0.0,4.44,0.0,0.0
2019-07-07 00:30:00,188,0.5,35,2556,1,0,2402.5,3,35.0,34.82,0.0,0.0,0.0,0.0,0.5779,0.0,258.11,315.66,0.0,-57.54,-57.54,9.85,17.27,0.0,1.09,52.89,750.77,0.0,0.0,0.0,4.44,0.0,0.0
2019-07-07 00:30:00,188,0.5,36,2533,1,0,2402.5,3,35.0,35.42,0.0,0.0,0.0,0.0,0.5785,0.0,258.11,315.66,0.0,-57.54,-57.54,9.85,17.42,0.0,1.09,52.89,750.77,0.0,0.0,0.0,4.44,0.0,0.0
2019-07-07 00:30:00,188,0.5,37,2532,1,0,2402.5,3,35.0,35.44,0.0,0.0,0.0,0.0,0.5785,0.0,258.11,315.66,0.0,-57.54,-57.54,9.85,17.43,0.0,1.09,52.89,750.77,0.0,0.0,0.0,4.44,0.0,0.0
2019-07-07 00:30:00,188,0.5,38,2534,1,0,2402.5,3,35.0,35.39,0.0,0.0,0.0,0.0,0.5784,0.0,258.11,315.66,0.0,-57.54,-57.54,9.85,17.41,0.0,1.09,52.89,750.77,0.0,0.0,0.0,4.44,0.0,0.0
2019-07-07 00:30:00,188,0.5,39,2534,1,0,2402.5,3,35.0,35.39,0.0,0.0,0.0,0.0,0.5784,0.0,258.11,315.66,0.0,-57.54,-57.54,9.85,17.41,0.0,1.09,52.89,750.77,0.0,0.0,0.0,4.44,0.0,0.0
2019-07-07 00:30:00,188,0.5,40,2515,1,0,2402.5,3,35.0,35.88,0.0,0.0,0.0,0.0,0.5789,0.0,258.11,315.66,0.0,-57.54,-57.54,9.85,17.54,0.0,1.09,52.89,750.77,0.0,0.0,0.0,4.44,0.0,0.0
2019-07-07 00:30:00,188,0.5,41,2487,1,0,2402.5,3,35.0,36.61,0.0,0.0,0.0,0.0,0.5796,0.0,258.11,315.66,0.0,-57.54,-57.54,9.85,17.72,0.0,1.09,52.89,750.77,0.0,0.0,0.0,4.44,0.0,0.0
2019-07-07 00:30:00,188,0.5,42,2487,1,0,2402.5,3,35.0,36.61,0.0,0.0,0.0,0.0,0.5796,0.0,258.11,315.66,0.0,-57.54,-57.54,9.85,17.72,0.0,1.09,52.89,750.77,0.0,0.0,0.0,4.44,0.0,0.0
2019-07-07 00:30:00,188,0.5,43,2464,1,0,2402.5,3,35.0,37.21,0.0,0.0,0.0,0.0,0.5802,0.0,258.11,315.66,0.0,-57.54,-57.54,9.85,17.87,0.0,1.09,52.89,750.77,0.0,0.0,0.0,4.44,0.0,0.0
2019-07-07 00:30:00,188,0.5,44,2555,1,0,2402.5,3,35.0,34.84,0.0,0.0,0.0,0.0,0.5779,0.0,258.11,315.66,0.0,-57.54,-57.54,9.85,17.28,0.0,1.09,52.89,750.77,0.0,0.0,0.0,4.44,0.0,0.0
2019-07-07 00:30:00,188,0.5,45,2555,1,0,2402.5,3,35.0,34.84,0.0,0.0,0.0,0.0,0.5779,0.0,258.11,315.66,0.0,-57.54,-57.54,9.85,17.28,0.0,1.09,52.89,750.77,0.0,0.0,0.0,4.44,0.0,0.0
2019-07-07 00:30:00,188,0.5,46,2555,1,0,2402.5,3,35.0,34.84,0.0,0.0,0.0,0.0,0.5779,0.0,258.11,315.66,0.0,-57.54,-57.54,9.85,17.28,0.0,1.09,52.89,750.77,0.0,0.0,0.0,4.44,0.0,0.0
2019-07-07 00:30:00,188,0.5,47,2530,1,0,2402.5,3,35.0,35.49,0.0,0.0,0.0,0.0,0.5785,0.0,258.11,315.66,0.0,-57.54,-57.54,9.85,17.44,0.0,1.09,52.89,750.77,0.0,0.0,0.0,4.44,0.0,0.0
2019-07-07 00:30:00,188,0.5,48,2510,1,0,2402.5,3,35.0,36.01,0.0,0.0,0.0,0.0,0.579,0.0,258.11,315.66,0.0,-57.54,-57.54,9.85,17.57,0.0,1.09,52.89,750.77,0.0,0.0,0.0,4.44,0.0,0.0
2019-07-07 00:30:00,188,0.5,49,2534,1,0,2402.5,3,35.0,35.39,0.0,0.0,0.0,0.0,0.5784,0.0,258.11,315.66,0.0,-57.54,-57.54,9.85,17.41,0.0,1.09,52.89,750.77,0.0,0.0,0.0,4.44,0.0,0.0
2019-07-07 00:30:00,188,0.5,50,2531,1,0,2402.5,3,35.0,35.47,0.0,0.0,0.0,0.0,0.5785,0.0,258.11,315.66,0.0,-57.54,-57.54,9.85,17.43,0.0,1.09,52.89,750.77,0.0,0.0,0.0,4.44,0.0,0.0
2019-07-07 00:30:00,188,0.5,51,2531,1,0,2402.5,3,35.0,35.47,0.0,0.0,0.0,0.0,0.5785,0.0,258.11,315.66,0.0,-57.54,-57.54,9.85,17.43,0.0,1.09,52.89,750.77,0.0,0.0,0.0,4.44,0.0,0.0
2019-07-07 00:30:00,188,0.5,52,2531,1,0,2402.5,3,35.0,35.47,0.0,0.0,0.0,0.0,0.5785,0.0,258.11,315.66,0.0,-57.54,-57.54,9.85,17.43,0.0,1.09,52.89,750.77,0.0,0.0,0.0,4.44,0.0,0.0
2019-07-07 00:30:00,188,0.5,53,2507,1,0,2402.5,3,35.0,36.09,0.0,0.0,0.0,0.0,0.5791,0.0,258.11,315.66,0.0,-57.54,-57.54,9.85,17.59,0.0,1.09,52.89,750.77,0.0,0.0,0.0,4.44,0.0,0.0
2019-07-07 00:30:00,188,0.5,54,2494,1,0,2402.5,3,35.0,36.43,0.0,0.0,0.0,0.0,0.5795,0.0,258.11,315.66,0.0,-57.54,-57.54,9.85,17.67,0.0,1.09,52.89,750.77,0.0,0.0,0.0,4.44,0.0,0.0
2019-07-07 00:30:00,188,0.5,55,2531,1,0,2402.5,3,35.0,35.47,0.0,0.0,0.0,0.0,0.5785,0.0,258.11,315.66,0.0,-57.54,-57.54,9.85,17.43,0.0,1.09,52.89,750.77,0.0,0.0,0.0,4.44,0.0,0.0
2019-07-07 00:30:00,188,0.5,56,2531,1,0,2402.5,3,35.0,35.47,0.0,0.0,0.0,0.0,0.5785,0.0,258.11,315.66,0.0,-57.54,-57.54,9.85,17.43,0.0,1.09,52.89,750.77,0.0,0.0,0.0,4.44,0.0,0.0
2019-07-07 00:30:00,188,0.5,57,2507,1,0,2402.5,3,35.0,36.09,0.0,0.0,0.0,0.0,0.5791,0.0,258.11,315.66,0.0,-57.54,-57.54,9.85,17.59,0.0,1.09,52.89,750.77,0.0,0.0,0.0,4.44,0.0,0.0
2019-07-07 00:30:00,188,0.5,58,2494,1,0,2402.5,3,35.0,36.43,0.0,0.0,0.0,0.0,0.5795,0.0,258.11,315.66,0.0,-57.54,-57.54,9.85,17.67,0.0,1.09,52.89,750.77,0.0,0.0,0.0,4.44,0.0,0.0
2019-07-07 00:30:00,188,0.5,59,2506,1,0,2402.5,3,35.0,36.12,0.0,0.0,0.0,0.0,0.5791,0.0,258.11,315.66,0.0,-57.54,-57.54,9.85,17.6,0.0,1.09,52.89,750.77,0.0,0.0,0.0,4.44,0.0,0.0
2019-07-07 00:30:00,188,0.5,60,2506,1,0,2402.5,3,35.0,36.12,0.0,0.0,0.0,0.0,0.5791,0.0,258.11,315.66,0.0,-57.54,-57.54,9.85,17.6,0.0,1.09,52.89,750.77,0.0,0.0,0.0,4.44,0.0,0.0
2019-07-07 00:30:00,188,0.5,61,2485,1,0,2402.5,3,35.0,36.66,0.0,0.0,0.0,0.0,0.5797,0.0,258.11,315.66,0.0,-57.54,-57.54,9.85,17.73,0.0,1.09,52.89,750.77,0.0,0.0,0.0,4.44,0.0,0.0
2019-07-07 00:30:00,188,0.5,62,2469,1,0,2402.5,3,35.0,37.08,0.0,0.0,0.0,0.0,0.5801,0.0,258.11,315.66,0.0,-57.54,-57.54,9.85,17.84,0.0,1.09,52.89,750.77,0.0,0.0,0.0,4.44,0.0,0.0
2019-07-07 00:30:00,188,0.5,63,2506,1,0,2402.5,3,35.0,36.12,0.0,0.0,0.0,0.0,0.5791,0.0,258.11,315.66,0.0,-57.54,-57.54,9.85,17.6,0.0,1.09,52.89,750.77,0.0,0.0,0.0,4.44,0.0,0.0
2019-07-07 00:30:00,188,0.5,64,2506,1,0,2402.5,3,35.0,36.12,0.0,0.0,0.0,0.0,0.5791,0.0,258.11,315.66,0.0,-57.54,-57.54,9.85,17.6,0.0,1.09,52.89,750.77,0.0,0.0,0.0,4.44,0.0,0.0
2019-07-07 00:30:00,188,0.5,65,2506,1,0,2402.5,3,35.0,36.12,0.0,0.0,0.0,0.0,0.5791,0.0,258.11,315.66,0.0,-57.54,-57.54,9.85,17.6,0.0,1.09,52.89,750.77,0.0,0.0,0.0,4.44,0.0,0.0
2019-07-07 00:30:00,188,0.5,66,2485,1,0,2402.5,3,35.0,36.66,0.0,0.0,0.0,0.0,0.5797,0.0,258.11,315.66,0.0,-57.54,-57.54,9.85,17.73,0.0,1.09,52.89,750.77,0.0,0.0,0.0,4.44,0.0,0.0
2019-07-07 00:30:00,188,0.5,67,2455,1,0,2402.5,3,35.0,37.44,0.0,0.0,0.0,0.0,0.5804,0.0,258.11,315.66,0.0,-57.54,-57.54,9.85,17.93,0.0,1.09,52.89,750.77,0.0,0.0,0.0,4.44,0.0,0.0
2019-07-07 00:30:00,188,0.5,68,2489,1,0,2402.5,3,35.0,36.56,0.0,0.0,0.0,0.0,0.5796,0.0,258.11,315.66,0.0,-57.54,-57.54,9.85,17.71,0.0,1.09,52.89,750.77,0.0,0.0,0.0,4.44,0.0,0.0
2019-07-07 00:30:00,188,0.5,69,2489,1,0,2402.5,3,35.0,36.56,0.0,0.0,0.0,0.0,0.5796,0.0,258.11,315.66,0.0,-57.54,-57.54,9.85,17.71,0.0,1.09,52.89,750.77,0.0,0.0,0.0,4.44,0.0,0.0
2019-07-07 00:30:00,188,0.5,70,2489,1,0,2402.5,3,35.0,36.56,0.0,0.0,0.0,0.0,0.5796,0.0,258.11,315.66,0.0,-57.54,-57.54,9.85,17.71,0.0,1.09,52.89,750.77,0.0,0.0,0.0,4.44,0.0,0.0
2019-07-07 00:30:00,188,0.5,71,2477,1,0,2402.5,3,35.0,36.87,0.0,0.0,0.0,0.0,0.5799,0.0,258.11,315.66,0.0,-57.54,-57.54,9.85,17.79,0.0,1.09,52.89,750.77,0.0,0.0,0.0,4.44,0.0,0.0
2019-07-07 00:30:00,188,0.5,72,2455,1,0,2402.5,3,35.0,37.44,0.0,0.0,0.0,0.0,0.5804,0.0,258.11,315.66,0.0,-57.54,-57.54,9.85,17.93,0.0,1.09,52.89,750.77,0.0,0.0,0.0,4.44,0.0,0.0
2019-07-07 00:30:00,188,0.5,73,2485,1,0,2402.5,3,35.0,36.66,0.0,0.0,0.0,0.0,0.5797,0.0,258.11,315.66,0.0,-57.54,-57.54,9.85,17.73,0.0,1.09,52.89,750.77,0.0,0.0,0.0,4.44,0.0,0.0
2019-07-07 00:30:00,188,0.5,74,2485,1,0,2402.5,3,35.0,36.66,0.0,0.0,0.0,0.0,0.5797,0.0,258.11,315.66,0.0,-57.54,-57.54,9.85,17.73,0.0,1.09,52.89,750.77,0.0,0.0,0.0,4.44,0.0,0.0
2019-07-07 00:30:00,188,0.5,75,2485,1,0,2402.5,3,35.0,36.66,0.0,0.0,0.0,0.0,0.5797,0.0,258.11,315.66,0.0,-57.54,-57.54,9.85,17.73,0.0,1.09,52.89,750.77,0.0,0.0,0.0,4.44,0.0,0.0
2019-07-07 00:30:00,188,0.5,76,2466,1,0,2402.5,3,35.0,37.16,0.0,0.0,0.0,0.0,0.5802,0.0,258.11,315.66,0.0,-57.54,-57.54,9.85,17.86,0.0,1.09,52.89,750.77,0.0,0.0,0.0,4.44,0.0,0.0
2019-07-07 00:30:00,188,0.5,77,2445,1,0,2402.5,3,35.0,37.7,0.0,0.0,0.0,0.0,0.5807,0.0,258.11,315.66,0.0,-57.54,-57.54,9.85,17.99,0.0,1.09,52.89,750.77,0.0,0.0,0.0,4.44,0.0,0.0
2019-07-07 00:30:00,188,0.5,78,2478,1,0,2402.5,3,35.0,36.85,0.0,0.0,0.0,0.0,0.5799,0.0,258.11,315.66,0.0,-57.54,-57.54,9.85,17.78,0.0,1.09,52.89,750.77,0.0,0.0,0.0,4.44,0.0,0.0
2019-07-07 00:30:00,188,0.5,79,2478,1,0,2402.5,3,35.0,36.85,0.0,0.0,0.0,0.0,0.5799,0.0,258.11,315.66,0.0,-57.54,-57.54,9.85,17.78,0.0,1.09,52.89,750.77,0.0,0.0,0.0,4.44,0.0,0.0
2019-07-07 00:30:00,188,0.5,80,2449,1,0,2402.5,3,35.0,37.6,0.0,0.0,0.0,0.0,0.5806,0.0,258.11,315.66,0.0,-57.54,-57.54,9.85,17.97,0.0,1.09,52.89,750.77,0.0,0.0,0.0,4.44,0.0,0.0
2019-07-07 00:30:00,188,0.5,81,2412,1,0,2402.5,3,35.0,38.56,0.0,0.0,0.0,0.0,0.5815,0.0,258.11,315.66,0.0,-57.54,-57.54,9.85,18.21,0.0,1.09,52.89,750.77,0.0,0.0,0.0,4.44,0.0,0.0
2019-07-07 00:30:00,188,0.5,82,2443,1,0,2402.5,3,35.0,37.76,0.0,0.0,0.0,0.0,0.5807,0.0,258.11,315.66,0.0,-57.54,-57.54,9.85,18.01,0.0,1.09,52.89,750.77,0.0,0.0,0.0,4.44,0.0,0.0
2019-07-07 00:30:00,188,0.5,83,2474,1,0,2402.5,3,35.0,36.95,0.0,0.0,0.0,0.0,0.58,0.0,258.11,315.66,0.0,-57.54,-57.54,9.85,17.8,0.0,1.09,52.89,750.77,0.0,0.0,0.0,4.44,0.0,0.0
2019-07-07 00:30:00,188,0.5,84,2474,1,0,2402.5,3,35.0,36.95,0.0,0.0,0.0,0.0,0.58,0.0,258.11,315.66,0.0,-57.54,-57.54,9.85,17.8,0.0,1.09,52.89,750.77,0.0,0.0,0.0,4.44,0.0,0.0
2019-07-07 00:30:00,188,0.5,85,2436,1,0,2402.5,3,35.0,37.94,0.0,0.0,0.0,0.0,0.5809,0.0,258.11,315.66,0.0,-57.54,-57.54,9.85,18.05,0.0,1.09,52.89,750.77,0.0,0.0,0.0,4.44,0.0,0.0
2019-07-07 00:30:00,188,0.5,86,2397,0,0,2402.5,3,35.0,38.95,0.0,0.0,0.0,0.0,0.2445,0.0,258.11,315.66,0.0,-57.54,-57.54,9.85,18.3,0.0,1.09,52.89,750.77,0.0,0.0,0.0,24.44,0.0,0.0
2019-07-07 00:30:00,188,0.5,87,2415,1,0,2402.5,3,35.0,38.48,0.0,0.0,0.0,0.0,0.5815,0.0,258.11,315.66,0.0,-57.54,-57.54,9.85,18.19,0.0,1.09,52.89,750.77,0.0,0.0,0.0,4.44,0.0,0.0
2019-07-07 00:30:00,188,0.5,88,2476,1,0,2402.5,3,35.0,36.9,0.0,0.0,0.0,0.0,0.5799,0.0,258.11,315.66,0.0,-57.54,-57.54,9.85,17.79,0.0,1.09,52.89,750.77,0.0,0.0,0.0,4.44,0.0,0.0
2019-07-07 00:30:00,188,0.5,89,2428,1,0,2402.5,3,35.0,38.15,0.0,0.0,0.0,0.0,0.5811,0.0,258.11,315.66,0.0,-57.54,-57.54,9.85,18.1,0.0,1.09,52.89,750.77,0.0,0.0,0.0,4.44,0.0,0.0
2019-07-07 00:30:00,188,0.5,90,2377,0,0,2402.5,3,35.0,39.47,0.0,0.0,0.0,0.0,0.245,0.0,258.11,315.66,0.0,-57.54,-57.54,9.85,18.43,0.0,1.09,52.89,750.77,0.0,0.0,0.0,24.44,0.0,0.0
2019-07-07 00:30:00,188,0.5,91,2378,0,0,2402.5,3,35.0,39.45,0.0,0.0,0.0,0.0,0.2449,0.0,258.11,315.66,0.0,-57.54,-57.54,9.85,18.43,0.0,1.09,52.89,750.77,0.0,0.0,0.0,24.44,0.0,0.0
2019-07-07 00:30:00,188,0.5,92,2496,1,0,2402.5,3,35.0,36.38,0.0,0.0,0.0,0.0,0.5794,0.0,258.11,315.66,0.0,-57.54,-57.54,9.85,17.66,0.0,1.09,52.89,750.77,0.0,0.0,0.0,4.44,0.0,0.0
2019-07-07 00:30:00,188,0.5,93,2423,1,0,2402.5,3,35.0,38.28,0.0,0.0,0.0,0.0,0.5813,0.0,258.11,315.66,0.0,-57.54,-57.54,9.85,18.14,0.0,1.09,52.89,750.77,0.0,0.0,0.0,4.44,0.0,0.0
2019-07-07 00:30:00,188,0.5,95,2372,0,0,2402.5,3,35.0,39.6,0.0,0.0,0.0,0.0,0.2451,0.0,258.11,315.66,0.0,-57.54,-57.54,9.85,18.47,0.0,1.09,52.89,750.77,0.0,0.0,0.0,24.44,0.0,0.0
2019-07-07 00:30:00,188,0.5,97,2358,0,0,2402.5,3,35.0,39.97,0.0,0.0,0.0,0.0,0.2454,0.0,258.11,315.66,0.0,-57.54,-57.54,9.85,18.56,0.0,1.09,52.89,750.77,0.0,0.0,0.0,24.44,0.0,0.0
2019-07-07 00:30:00,188,0.5,98,2554,1,0,2402.5,3,35.0,34.87,0.0,0.0,0.0,0.0,0.5779,0.0,258.11,315.66,0.0,-57.54,-57.54,9.85,17.28,0.0,1.09,52.89,750.77,0.0,0.0,0.0,4.44,0.0,0.0
2019-07-07 00:30:00,188,0.5,99,2451,1,0,2402.5,3,35.0,37.55,0.0,0.0,0.0,0.0,0.5805,0.0,258.11,315.66,0.0,-57.54,-57.54,9.85,17.95,0.0,1.09,52.89,750.77,0.0,0.0,0.0,4.44,0.0,0.0
2019-07-07 00:30:00,188,0.5,100,2361,0,0,2402.5,3,35.0,39.89,0.0,0.0,0.0,0.0,0.2454,0.0,258.11,315.66,0.0,-57.54,-57.54,9.85,18.54,0.0,1.09,52.89,750.77,0.0,0.0,0.0,24.44,0.0,0.0
2019-07-07 01:00:00,188,1.0,94,2563,1,0,2402.5,3,35.0,34.64,0.0,0.0,0.0,0.0,0.5777,0.0,258.86,315.66,0.0,-56.8,-56.8,9.29,17.23,0.0,1.09,56.08,750.81,0.0,0.0,0.0,4.44,0.0,0.0
2019-07-07 01:00:00,188,1.0,96,2549,1,0,2402.5,3,35.0,35.0,0.0,0.0,0.0,0.0,0.5781,0.0,258.86,315.66,0.0,-56.8,-56.8,9.29,17.32,0.0,1.09,56.08,750.81,0.0,0.0,0.0,4.44,0.0,0.0
2019-07-07 01:00:00,188,1.0,1,2612,1,0,2402.5,3,35.0,33.36,0.0,0.0,0.0,0.0,0.5765,0.0,258.86,315.66,0.0,-56.8,-56.8,9.29,16.91,0.0,1.09,56.08,750.81,0.0,0.0,0.0,4.44,0.0,0.0
2019-07-07 01:00:00,188,1.0,2,2612,1,0,2402.5,3,35.0,33.36,0.0,0.0,0.0,0.0,0.5765,0.0,258.86,315.66,0.0,-56.8,-56.8,9.29,16.91,0.0,1.09,56.08,750.81,0.0,0.0,0.0,4.44,0.0,0.0
2019-07-07 01:00:00,188,1.0,3,2610,1,0,2402.5,3,35.0,33.41,0.0,0.0,0.0,0.0,0.5765,0.0,258.86,315.66,0.0,-56.8,-56.8,9.29,16.92,0.0,1.09,56.08,750.81,0.0,0.0,0.0,4.44,0.0,0.0
2019-07-07 01:00:00,188,1.0,4,2583,1,0,2402.5,3,35.0,34.12,0.0,0.0,0.0,0.0,0.5772,0.0,258.86,315.66,0.0,-56.8,-56.8,9.29,17.1,0.0,1.09,56.08,750.81,0.0,0.0,0.0,4.44,0.0,0.0
2019-07-07 01:00:00,188,1.0,5,2583,1,0,2402.5,3,35.0,34.12,0.0,0.0,0.0,0.0,0.5772,0.0,258.86,315.66,0.0,-56.8,-56.8,9.29,17.1,0.0,1.09,56.08,750.81,0.0,0.0,0.0,4.44,0.0,0.0
2019-07-07 01:00:00,188,1.0,6,2546,1,0,2402.5,3,35.0,35.08,0.0,0.0,0.0,0.0,0.5781,0.0,258.86,315.66,0.0,-56.8,-56.8,9.29,17.34,0.0,1.09,56.08,750.81,0.0,0.0,0.0,4.44,0.0,0.0
2019-07-07 01:00:00,188,1.0,7,2546,1,0,2402.5,3,35.0,35.08,0.0,0.0,0.0,0.0,0.5781,0.0,258.86,315.66,0.0,-56.8,-56.8,9.29,17.34,0.0,1.09,56.08,750.81,0.0,0.0,0.0,4.44,0.0,0.0
2019-07-07 01:00:00,188,1.0,8,2639,1,0,2402.5,3,35.0,32.66,0.0,0.0,0.0,0.0,0.5758,0.0,258.86,315.66,0.0,-56.8,-56.8,9.29,16.73,0.0,1.09,56.08,750.81,0.0,0.0,0.0,4.44,0.0,0.0
2019-07-07 01:00:00,188,1.0,9,2610,1,0,2402.5,3,35.0,33.41,0.0,0.0,0.0,0.0,0.5765,0.0,258.86,315.66,0.0,-56.8,-56.8,9.29,16.92,0.0,1.09,56.08,750.81,0.0,0.0,0.0,4.44,0.0,0.0
2019-07-07 01:00:00,188,1.0,10,2579,1,0,2402.5,3,35.0,34.22,0.0,0.0,0.0,0.0,0.5773,0.0,258.86,315.66,0.0,-56.8,-56.8,9.29,17.12,0.0,1.09,56.08,750.81,0.0,0.0,0.0,4.44,0.0,0.0
2019-07-07 01:00:00,188,1.0,11,2579,1,0,2402.5,3,35.0,34.22,0.0,0.0,0.0,0.0,0.5773,0.0,258.86,315.66,0.0,-56.8,-56.8,9.29,17.12,0.0,1.09,56.08,750.81,0.0,0.0,0.0,4.44,0.0,0.0
2019-07-07 01:00:00,188,1.0,12,2546,1,0,2402.5,3,35.0,35.08,0.0,0.0,0.0,0.0,0.5781,0.0,258.86,315.66,0.0,-56.8,-56.8,9.29,17.34,0.0,1.09,56.08,750.81,0.0,0.0,0.0,4.44,0.0,0.0
2019-07-07 01:00:00,188,1.0,13,2530,1,0,2402.5,3,35.0,35.49,0.0,0.0,0.0,0.0,0.5785,0.0,258.86,315.66,0.0,-56.8,-56.8,9.29,17.44,0.0,1.09,56.08,750.81,0.0,0.0,0.0,4.44,0.0,0.0
2019-07-07 01:00:00,188,1.0,14,2530,1,0,2402.5,3,35.0,35.49,0.0,0.0,0.0,0.0,0.5785,0.0,258.86,315.66,0.0,-56.8,-56.8,9.29,17.44,0.0,1.09,56.08,750.81,0.0,0.0,0.0,4.44,0.0,0.0
2019-07-07 01:00:00,188,1.0,15,2494,1,0,2402.5,3,35.0,36.43,0.0,0.0,0.0,0.0,0.5795,0.0,258.86,315.66,0.0,-56.8,-56.8,9.29,17.67,0.0,1.09,56.08,750.81,0.0,0.0,0.0,4.44,0.0,0.0
2019-07-07 01:00:00,188,1.0,16,2494,1,0,2402.5,3,35.0,36.43,0.0,0.0,0.0,0.0,0.5795,0.0,258.86,315.66,0.0,-56.8,-56.8,9.29,17.67,0.0,1.09,56.08,750.81,0.0,0.0,0.0,4.44,0.0,0.0
2019-07-07 01:00:00,188,1.0,17,2462,1,0,2402.5,3,35.0,37.26,0.0,0.0,0.0,0.0,0.5803,0.0,258.86,315.66,0.0,-56.8,-56.8,9.29,17.88,0.0,1.09,56.08,750.81,0.0,0.0,0.0,4.44,0.0,0.0
2019-07-07 01:00:00,188,1.0,18,2630,1,0,2402.5,3,35.0,32.89,0.0,0.0,0.0,0.0,0.576,0.0,258.86,315.66,0.0,-56.8,-56.8,9.29,16.79,0.0,1.09,56.08,750.81,0.0,0.0,0.0,4.44,0.0,0.0
2019-07-07 01:00:00,188,1.0,19,2630,1,0,2402.5,3,35.0,32.89,0.0,0.0,0.0,0.0,0.576,0.0,258.86,315.66,0.0,-56.8,-56.8,9.29,16.79,0.0,1.09,56.08,750.81,0.0,0.0,0.0,4.44,0.0,0.0
2019-07-07 01:00:00,188,1.0,20,2604,1,0,2402.5,3,35.0,33.57,0.0,0.0,0.0,0.0,0.5767,0.0,258.86,315.66,0.0,-56.8,-56.8,9.29,16.96,0.0,1.09,56.08,750.81,0.0,0.0,0.0,4.44,0.0,0.0
2019-07-07 01:00:00,188,1.0,21,2563,1,0,2402.5,3,35.0,34.64,0.0,0.0,0.0,0.0,0.5777,0.0,258.86,315.66,0.0,-56.8,-56.8,9.29,17.23,0.0,1.09,56.08,750.81,0.0,0.0,0.0,4.44,0.0,0.0
2019-07-07 01:00:00,188,1.0,22,2556,1,0,2402.5,3,35.0,34.82,0.0,0.0,0.0,0.0,0.5779,0.0,258.86,315.66,0.0,-56.8,-56.8,9.29,17.27,0.0,1.09,56.08,750.81,0.0,0.0,0.0,4.44,0.0,0.0
2019-07-07 01:00:00,188,1.0,23,2549,1,0,2402.5,3,35.0,35.0,0.0,0.0,0.0,0.0,0.5781,0.0,258.86,315.66,0.0,-56.8,-56.8,9.29,17.32,0.0,1.09,56.08,750.81,0.0,0.0,0.0,4.44,0.0,0.0
2019-07-07 01:00:00,188,1.0,24,2549,1,0,2402.5,3,35.0,35.0,0.0,0.0,0.0,0.0,0.5781,0.0,258.86,315.66,0.0,-56.8,-56.8,9.29,17.32,0.0,1.09,56.08,750.81,0.0,0.0,0.0,4.44,0.0,0.0
2019-07-07 01:00:00,188,1.0,25,2524,1,0,2402.5,3,35.0,35.65,0.0,0.0,0.0,0.0,0.5787,0.0,258.86,315.66,0.0,-56.8,-56.8,9.29,17.48,0.0,1.09,56.08,750.81,0.0,0.0,0.0,4.44,0.0,0.0
2019-07-07 01:00:00,188,1.0,26,2502,1,0,2402.5,3,35.0,36.22,0.0,0.0,0.0,0.0,0.5792,0.0,258.86,315.66,0.0,-56.8,-56.8,9.29,17.62,0.0,1.09,56.08,750.81,0.0,0.0,0.0,4.44,0.0,0.0
2019-07-07 01:00:00,188,1.0,27,2502,1,0,2402.5,3,35.0,36.22,0.0,0.0,0.0,0.0,0.5792,0.0,258.86,315.66,0.0,-56.8,-56.8,9.29,17.62,0.0,1.09,56.08,750.81,0.0,0.0,0.0,4.44,0.0,0.0
2019-07-07 01:00:00,188,1.0,28,2477,1,0,2402.5,3,35.0,36.87,0.0,0.0,0.0,0.0,0.5799,0.0,258.86,315.66,0.0,-56.8,-56.8,9.29,17.79,0.0,1.09,56.08,750.81,0.0,0.0,0.0,4.44,0.0,0.0
2019-07-07 01:00:00,188,1.0,29,2477,1,0,2402.5,3,35.0,36.87,0.0,0.0,0.0,0.0,0.5799,0.0,258.86,315.66,0.0,-56.8,-56.8,9.29,17.79,0.0,1.09,56.08,750.81,0.0,0.0,0.0,4.44,0.0,0.0
2019-07-07 01:00:00,188,1.0,30,2440,1,0,2402.5,3,35.0,37.83,0.0,0.0,0.0,0.0,0.5808,0.0,258.86,315.66,0.0,-56.8,-56.8,9.29,18.03,0.0,1.09,56.08,750.81,0.0,0.0,0.0,4.44,0.0,0.0
2019-07-07 01:00:00,188,1.0,31,2620,1,0,2402.5,3,35.0,33.15,0.0,0.0,0.0,0.0,0.5763,0.0,258.86,315.66,0.0,-56.8,-56.8,9.29,16.86,0.0,1.09,56.08,750.81,0.0,0.0,0.0,4.44,0.0,0.0
2019-07-07 01:00:00,188,1.0,32,2576,1,0,2402.5,3,35.0,34.3,0.0,0.0,0.0,0.0,0.5774,0.0,258.86,315.66,0.0,-56.8,-56.8,9.29,17.14,0.0,1.09,56.08,750.81,0.0,0.0,0.0,4.44,0.0,0.0
2019-07-07 01:00:00,188,1.0,33,2576,1,0,2402.5,3,35.0,34.3,0.0,0.0,0.0,0.0,0.5774,0.0,258.86,315.66,0.0,-56.8,-56.8,9.29,17.14,0.0,1.09,56.08,750.81,0.0,0.0,0.0,4.44,0.0,0.0
2019-07-07 01:00:00,188,1.0,34,2576,1,0,2402.5,3,35.0,34.3,0.0,0.0,0.0,0.0,0.5774,0.0,258.86,315.66,0.0,-56.8,-56.8,9.29,17.14,0.0,1.09,56.08,750.81,0.0,0.0,0.0,4.44,0.0,0.0
2019-07-07 01:00:00,188,1.0,35,2556,1,0,2402.5,3,35.0,34.82,0.0,0.0,0.0,0.0,0.5779,0.0,258.86,315.66,0.0,-56.8,-56.8,9.29,17.27,0.0,1.09,56.08,750.81,0.0,0.0,0.0,4.44,0.0,0.0
2019-07-07 01:00:00,188,1.0,36,2533,1,0,2402.5,3,35.0,35.42,0.0,0.0,0.0,0.0,0.5785,0.0,258.86,315.66,0.0,-56.8,-56.8,9.29,17.42,0.0,1.09,56.08,750.81,0.0,0.0,0.0,4.44,0.0,0.0
2019-07-07 01:00:00,188,1.0,37,2532,1,0,2402.5,3,35.0,35.44,0.0,0.0,0.0,0.0,0.5785,0.0,258.86,315.66,0.0,-56.8,-56.8,9.29,17.43,0.0,1.09,56.08,750.81,0.0,0.0,0.0,4.44,0.0,0.0
2019-07-07 01:00:00,188,1.0,38,2534,1,0,2402.5,3,35.0,35.39,0.0,0.0,0.0,0.0,0.5784,0.0,258.86,315.66,0.0,-56.8,-56.8,9.29,17.41,0.0,1.09,56.08,750.81,0.0,0.0,0.0,4.44,0.0,0.0
2019-07-07 01:00:00,188,1.0,39,2534,1,0,2402.5,3,35.0,35.39,0.0,0.0,0.0,0.0,0.5784,0.0,258.86,315.66,0.0,-56.8,-56.8,9.29,17.41,0.0,1.09,56.08,750.81,0.0,0.0,0.0,4.44,0.0,0.0
2019-07-07 01:00:00,188,1.0,40,2515,1,0,2402.5,3,35.0,35.88,0.0,0.0,0.0,0.0,0.5789,0.0,258.86,315.66,0.0,-56.8,-56.8,9.29,17.54,0.0,1.09,56.08,750.81,0.0,0.0,0.0,4.44,0.0,0.0
2019-07-07 01:00:00,188,1.0,41,2487,1,0,2402.5,3,35.0,36.61,0.0,0.0,0.0,0.0,0.5796,0.0,258.86,315.66,0.0,-56.8,-56.8,9.29,17.72,0.0,1.09,56.08,750.81,0.0,0.0,0.0,4.44,0.0,0.0
2019-07-07 01:00:00,188,1.0,42,2487,1,0,2402.5,3,35.0,36.61,0.0,0.0,0.0,0.0,0.5796,0.0,258.86,315.66,0.0,-56.8,-56.8,9.29,17.72,0.0,1.09,56.08,750.81,0.0,0.0,0.0,4.44,0.0,0.0
2019-07-07 01:00:00,188,1.0,43,2464,1,0,2402.5,3,35.0,37.21,0.0,0.0,0.0,0.0,0.5802,0.0,258.86,315.66,0.0,-56.8,-56.8,9.29,17.87,0.0,1.09,56.08,750.81,0.0,0.0,0.0,4.44,0.0,0.0
2019-07-07 01:00:00,188,1.0,44,2555,1,0,2402.5,3,35.0,34.84,0.0,0.0,0.0,0.0,0.5779,0.0,258.86,315.66,0.0,-56.8,-56.8,9.29,17.28,0.0,1.09,56.08,750.81,0.0,0.0,0.0,4.44,0.0,0.0
2019-07-07 01:00:00,188,1.0,45,2555,1,0,2402.5,3,35.0,34.84,0.0,0.0,0.0,0.0,0.5779,0.0,258.86,315.66,0.0,-56.8,-56.8,9.29,17.28,0.0,1.09,56.08,750.81,0.0,0.0,0.0,4.44,0.0,0.0
2019-07-07 01:00:00,188,1.0,46,2555,1,0,2402.5,3,35.0,34.84,0.0,0.0,0.0,0.0,0.5779,0.0,258.86,315.66,0.0,-56.8,-56.8,9.29,17.28,0.0,1.09,56.08,750.81,0.0,0.0,0.0,4.44,0.0,0.0
2019-07-07 01:00:00,188,1.0,47,2530,1,0,2402.5,3,35.0,35.49,0.0,0.0,0.0,0.0,0.5785,0.0,258.86,315.66,0.0,-56.8,-56.8,9.29,17.44,0.0,1.09,56.08,750.81,0.0,0.0,0.0,4.44,0.0,0.0
2019-07-07 01:00:00,188,1.0,48,2510,1,0,2402.5,3,35.0,36.01,0.0,0.0,0.0,0.0,0.579,0.0,258.86,315.66,0.0,-56.8,-56.8,9.29,17.57,0.0,1.09,56.08,750.81,0.0,0.0,0.0,4.44,0.0,0.0
2019-07-07 01:00:00,188,1.0,49,2534,1,0,2402.5,3,35.0,35.39,0.0,0.0,0.0,0.0,0.5784,0.0,258.86,315.66,0.0,-56.8,-56.8,9.29,17.41,0.0,1.09,56.08,750.81,0.0,0.0,0.0,4.44,0.0,0.0
2019-07-07 01:00:00,188,1.0,50,2531,1,0,2402.5,3,35.0,35.47,0.0,0.0,0.0,0.0,0.5785,0.0,258.86,315.66,0.0,-56.8,-56.8,9.29,17.43,0.0,1.09,56.08,750.81,0.0,0.0,0.0,4.44,0.0,0.0
2019-07-07 01:00:00,188,1.0,51,2531,1,0,2402.5,3,35.0,35.47,0.0,0.0,0.0,0.0,0.5785,0.0,258.86,315.66,0.0,-56.8,-56.8,9.29,17.43,0.0,1.09,56.08,750.81,0.0,0.0,0.0,4.44,0.0,0.0
2019-07-07 01:00:00,188,1.0,52,2531,1,0,2402.5,3,35.0,35.47,0.0,0.0,0.0,0.0,0.5785,0.0,258.86,315.66,0.0,-56.8,-56.8,9.29,17.43,0.0,1.09,56.08,750.81,0.0,0.0,0.0,4.44,0.0,0.0
2019-07-07 01:00:00,188,1.0,53,2507,1,0,2402.5,3,35.0,36.09,0.0,0.0,0.0,0.0,0.5791,0.0,258.86,315.66,0.0,-56.8,-56.8,9.29,17.59,0.0,1.09,56.08,750.81,0.0,0.0,0.0,4.44,0.0,0.0
2019-07-07 01:00:00,188,1.0,54,2494,1,0,2402.5,3,35.0,36.43,0.0,0.0,0.0,0.0,0.5795,0.0,258.86,315.66,0.0,-56.8,-56.8,9.29,17.67,0.0,1.09,56.08,750.81,0.0,0.0,0.0,4.44,0.0,0.0
2019-07-07 01:00:00,188,1.0,55,2531,1,0,2402.5,3,35.0,35.47,0.0,0.0,0.0,0.0,0.5785,0.0,258.86,315.66,0.0,-56.8,-56.8,9.29,17.43,0.0,1.09,56.08,750.81,0.0,0.0,0.0,4.44,0.0,0.0
2019-07-07 01:00:00,188,1.0,56,2531,1,0,2402.5,3,35.0,35.47,0.0,0.0,0.0,0.0,0.5785,0.0,258.86,315.66,0.0,-56.8,-56.8,9.29,17.43,0.0,1.09,56.08,750.81,0.0,0.0,0.0,4.44,0.0,0.0
2019-07-07 01:00:00,188,1.0,57,2507,1,0,2402.5,3,35.0,36.09,0.0,0.0,0.0,0.0,0.5791,0.0,258.86,315.66,0.0,-56.8,-56.8,9.29,17.59,0.0,1.09,56.08,750.81,0.0,0.0,0.0,4.44,0.0,0.0
2019-07-07 01:00:00,188,1.0,58,2494,1,0,2402.5,3,35.0,36.43,0.0,0.0,0.0,0.0,0.5795,0.0,258.86,315.66,0.0,-56.8,-56.8,9.29,17.67,0.0,1.09,56.08,750.81,0.0,0.0,0.0,4.44,0.0,0.0
2019-07-07 01:00:00,188,1.0,59,2506,1,0,2402.5,3,35.0,36.12,0.0,0.0,0.0,0.0,0.5791,0.0,258.86,315.66,0.0,-56.8,-56.8,9.29,17.6,0.0,1.09,56.08,750.81,0.0,0.0,0.0,4.44,0.0,0.0
2019-07-07 01:00:00,188,1.0,60,2506,1,0,2402.5,3,35.0,36.12,0.0,0.0,0.0,0.0,0.5791,0.0,258.86,315.66,0.0,-56.8,-56.8,9.29,17.6,0.0,1.09,56.08,750.81,0.0,0.0,0.0,4.44,0.0,0.0
2019-07-07 01:00:00,188,1.0,61,2485,1,0,2402.5,3,35.0,36.66,0.0,0.0,0.0,0.0,0.5797,0.0,258.86,315.66,0.0,-56.8,-56.8,9.29,17.73,0.0,1.09,56.08,750.81,0.0,0.0,0.0,4.44,0.0,0.0
2019-07-07 01:00:00,188,1.0,62,2469,1,0,2402.5,3,35.0,37.08,0.0,0.0,0.0,0.0,0.5801,0.0,258.86,315.66,0.0,-56.8,-56.8,9.29,17.84,0.0,1.09,56.08,750.81,0.0,0.0,0.0,4.44,0.0,0.0
2019-07-07 01:00:00,188,1.0,63,2506,1,0,2402.5,3,35.0,36.12,0.0,0.0,0.0,0.0,0.5791,0.0,258.86,315.66,0.0,-56.8,-56.8,9.29,17.6,0.0,1.09,56.08,750.81,0.0,0.0,0.0,4.44,0.0,0.0
2019-07-07 01:00:00,188,1.0,64,2506,1,0,2402.5,3,35.0,36.12,0.0,0.0,0.0,0.0,0.5791,0.0,258.86,315.66,0.0,-56.8,-56.8,9.29,17.6,0.0,1.09,56.08,750.81,0.0,0.0,0.0,4.44,0.0,0.0
2019-07-07 01:00:00,188,1.0,65,2506,1,0,2402.5,3,35.0,36.12,0.0,0.0,0.0,0.0,0.5791,0.0,258.86,315.66,0.0,-56.8,-56.8,9.29,17.6,0.0,1.09,56.08,750.81,0.0,0.0,0.0,4.44,0.0,0.0
2019-07-07 01:00:00,188,1.0,66,2485,1,0,2402.5,3,35.0,36.66,0.0,0.0,0.0,0.0,0.5797,0.0,258.86,315.66,0.0,-56.8,-56.8,9.29,17.73,0.0,1.09,56.08,750.81,0.0,0.0,0.0,4.44,0.0,0.0
2019-07-07 01:00:00,188,1.0,67,2455,1,0,2402.5,3,35.0,37.44,0.0,0.0,0.0,0.0,0.5804,0.0,258.86,315.66,0.0,-56.8,-56.8,9.29,17.93,0.0,1.09,56.08,750.81,0.0,0.0,0.0,4.44,0.0,0.0
2019-07-07 01:00:00,188,1.0,68,2489,1,0,2402.5,3,35.0,36.56,0.0,0.0,0.0,0.0,0.5796,0.0,258.86,315.66,0.0,-56.8,-56.8,9.29,17.71,0.0,1.09,56.08,750.81,0.0,0.0,0.0,4.44,0.0,0.0
2019-07-07 01:00:00,188,1.0,69,2489,1,0,2402.5,3,35.0,36.56,0.0,0.0,0.0,0.0,0.5796,0.0,258.86,315.66,0.0,-56.8,-56.8,9.29,17.71,0.0,1.09,56.08,750.81,0.0,0.0,0.0,4.44,0.0,0.0
2019-07-07 01:00:00,188,1.0,70,2489,1,0,2402.5,3,35.0,36.56,0.0,0.0,0.0,0.0,0.5796,0.0,258.86,315.66,0.0,-56.8,-56.8,9.29,17.71,0.0,1.09,56.08,750.81,0.0,0.0,0.0,4.44,0.0,0.0
2019-07-07 01:00:00,188,1.0,71,2477,1,0,2402.5,3,35.0,36.87,0.0,0.0,0.0,0.0,0.5799,0.0,258.86,315.66,0.0,-56.8,-56.8,9.29,17.79,0.0,1.09,56.08,750.81,0.0,0.0,0.0,4.44,0.0,0.0
2019-07-07 01:00:00,188,1.0,72,2455,1,0,2402.5,3,35.0,37.44,0.0,0.0,0.0,0.0,0.5804,0.0,258.86,315.66,0.0,-56.8,-56.8,9.29,17.93,0.0,1.09,56.08,750.81,0.0,0.0,0.0,4.44,0.0,0.0
2019-07-07 01:00:00,188,1.0,73,2485,1,0,2402.5,3,35.0,36.66,0.0,0.0,0.0,0.0,0.5797,0.0,258.86,315.66,0.0,-56.8,-56.8,9.29,17.73,0.0,1.09,56.08,750.81,0.0,0.0,0.0,4.44,0.0,0.0
2019-07-07 01:00:00,188,1.0,74,2485,1,0,2402.5,3,35.0,36.66,0.0,0.0,0.0,0.0,0.5797,0.0,258.86,315.66,0.0,-56.8,-56.8,9.29,17.73,0.0,1.09,56.08,750.81,0.0,0.0,0.0,4.44,0.0,0.0
2019-07-07 01:00:00,188,1.0,75,2485,1,0,2402.5,3,35.0,36.66,0.0,0.0,0.0,0.0,0.5797,0.0,258.86,315.66,0.0,-56.8,-56.8,9.29,17.73,0.0,1.09,56.08,750.81,0.0,0.0,0.0,4.44,0.0,0.0
2019-07-07 01:00:00,188,1.0,76,2466,1,0,2402.5,3,35.0,37.16,0.0,0.0,0.0,0.0,0.5802,0.0,258.86,315.66,0.0,-56.8,-56.8,9.29,17.86,0.0,1.09,56.08,750.81,0.0,0.0,0.0,4.44,0.0,0.0
2019-07-07 01:00:00,188,1.0,77,2445,1,0,2402.5,3,35.0,37.7,0.0,0.0,0.0,0.0,0.5807,0.0,258.86,315.66,0.0,-56.8,-56.8,9.29,17.99,0.0,1.09,56.08,750.81,0.0,0.0,0.0,4.44,0.0,0.0
2019-07-07 01:00:00,188,1.0,78,2478,1,0,2402.5,3,35.0,36.85,0.0,0.0,0.0,0.0,0.5799,0.0,258.86,315.66,0.0,-56.8,-56.8,9.29,17.78,0.0,1.09,56.08,750.81,0.0,0.0,0.0,4.44,0.0,0.0
2019-07-07 01:00:00,188,1.0,79,2478,1,0,2402.5,3,35.0,36.85,0.0,0.0,0.0,0.0,0.5799,0.0,258.86,315.66,0.0,-56.8,-56.8,9.29,17.78,0.0,1.09,56.08,750.81,0.0,0.0,0.0,4.44,0.0,0.0
2019-07-07 01:00:00,188,1.0,80,2449,1,0,2402.5,3,35.0,37.6,0.0,0.0,0.0,0.0,0.5806,0.0,258.86,315.66,0.0,-56.8,-56.8,9.29,17.97,0.0,1.09,56.08,750.81,0.0,0.0,0.0,4.44,0.0,0.0
2019-07-07 01:00:00,188,1.0,81,2412,1,0,2402.5,3,35.0,38.56,0.0,0.0,0.0,0.0,0.5815,0.0,258.86,315.66,0.0,-56.8,-56.8,9.29,18.21,0.0,1.09,56.08,750.81,0.0,0.0,0.0,4.44,0.0,0.0
2019-07-07 01:00:00,188,1.0,82,2443,1,0,2402.5,3,35.0,37.76,0.0,0.0,0.0,0.0,0.5807,0.0,258.86,315.66,0.0,-56.8,-56.8,9.29,18.01,0.0,1.09,56.08,750.81,0.0,0.0,0.0,4.44,0.0,0.0
2019-07-07 01:00:00,188,1.0,83,2474,1,0,2402.5,3,35.0,36.95,0.0,0.0,0.0,0.0,0.58,0.0,258.86,315.66,0.0,-56.8,-56.8,9.29,17.8,0.0,1.09,56.08,750.81,0.0,0.0,0.0,4.44,0.0,0.0
2019-07-07 01:00:00,188,1.0,84,2474,1,0,2402.5,3,35.0,36.95,0.0,0.0,0.0,0.0,0.58,0.0,258.86,315.66,0.0,-56.8,-56.8,9.29,17.8,0.0,1.09,56.08,750.81,0.0,0.0,0.0,4.44,0.0,0.0
2019-07-07 01:00:00,188,1.0,85,2436,1,0,2402.5,3,35.0,37.94,0.0,0.0,0.0,0.0,0.5809,0.0,258.86,315.66,0.0,-56.8,-56.8,9.29,18.05,0.0,1.09,56.08,750.81,0.0,0.0,0.0,4.44,0.0,0.0
2019-07-07 01:00:00,188,1.0,86,2397,0,0,2402.5,3,35.0,38.95,0.0,0.0,0.0,0.0,0.2445,0.0,258.86,315.66,0.0,-56.8,-56.8,9.29,18.3,0.0,1.09,56.08,750.81,0.0,0.0,0.0,24.44,0.0,0.0
2019-07-07 01:00:00,188,1.0,87,2415,1,0,2402.5,3,35.0,38.48,0.0,0.0,0.0,0.0,0.5815,0.0,258.86,315.66,0.0,-56.8,-56.8,9.29,18.19,0.0,1.09,56.08,750.81,0.0,0.0,0.0,4.44,0.0,0.0
2019-07-07 01:00:00,188,1.0,88,2476,1,0,2402.5,3,35.0,36.9,0.0,0.0,0.0,0.0,0.5799,0.0,258.86,315.66,0.0,-56.8,-56.8,9.29,17.79,0.0,1.09,56.08,750.81,0.0,0.0,0.0,4.44,0.0,0.0
2019-07-07 01:00:00,188,1.0,89,2428,1,0,2402.5,3,35.0,38.15,0.0,0.0,0.0,0.0,0.5811,0.0,258.86,315.66,0.0,-56.8,-56.8,9.29,18.1,0.0,1.09,56.08,750.81,0.0,0.0,0.0,4.44,0.0,0.0
2019-07-07 01:00:00,188,1.0,90,2377,0,0,2402.5,3,35.0,39.47,0.0,0.0,0.0,0.0,0.245,0.0,258.86,315.66,0.0,-56.8,-56.8,9.29,18.43,0.0,1.09,56.08,750.81,0.0,0.0,0.0,24.44,0.0,0.0
2019-07-07 01:00:00,188,1.0,91,2378,0,0,2402.5,3,35.0,39.45,0.0,0.0,0.0,0.0,0.2449,0.0,258.86,315.66,0.0,-56.8,-56.8,9.29,18.43,0.0,1.09,56.08,750.81,0.0,0.0,0.0,24.44,0.0,0.0
2019-07-07 01:00:00,188,1.0,92,2496,1,0,2402.5,3,35.0,36.38,0.0,0.0,0.0,0.0,0.5794,0.0,258.86,315.66,0.0,-56.8,-56.8,9.29,17.66,0.0,1.09,56.08,750.81,0.0,0.0,0.0,4.44,0.0,0.0
2019-07-07 01:00:00,188,1.0,93,2423,1,0,2402.5,3,35.0,38.28,0.0,0.0,0.0,0.0,0.5813,0.0,258.86,315.66,0.0,-56.8,-56.8,9.29,18.14,0.0,1.09,56.08,750.81,0.0,0.0,0.0,4.44,0.0,0.0
2019-07-07 01:00:00,188,1.0,95,2372,0,0,2402.5,3,35.0,39.6,0.0,0.0,0.0,0.0,0.2451,0.0,258.86,315.66,0.0,-56.8,-56.8,9.29,18.47,0.0,1.09,56.08,750.81,0.0,0.0,0.0,24.44,0.0,0.0
2019-07-07 01:00:00,188,1.0,97,2358,0,0,2402.5,3,35.0,39.97,0.0,0.0,0.0,0.0,0.2454,0.0,258.86,315.66,0.0,-56.8,-56.8,9.29,18.56,0.0,1.09,56.08,750.81,0.0,0.0,0.0,24.44,0.0,0.0
2019-07-07 01:00:00,188,1.0,98,2554,1,0,2402.5,3,35.0,34.87,0.0,0.0,0.0,0.0,0.5779,0.0,258.86,315.66,0.0,-56.8,-56.8,9.29,17.28,0.0,1.09,56.08,750.81,0.0,0.0,0.0,4.44,0.0,0.0
2019-07-07 01:00:00,188,1.0,99,2451,1,0,2402.5,3,35.0,37.55,0.0,0.0,0.0,0.0,0.5805,0.0,258.86,315.66,0.0,-56.8,-56.8,9.29,17.95,0.0,1.09,56.08,750.81,0.0,0.0,0.0,4.44,0.0,0.0
2019-07-07 01:00:00,188,1.0,100,2361,0,0,2402.5,3,35.0,39.89,0.0,0.0,0.0,0.0,0.2454,0.0,258.86,315.66,0.0,-56.8,-56.8,9.29,18.54,0.0,1.09,56.08,750.81,0.0,0.0,0.0,24.44,0.0,0.0
2019-07-07 01:30:00,188,1.5,94,2563,1,0,2402.5,3,35.0,34.64,0.0,0.0,0.0,0.0,0.5777,0.0,259.46,315.66,0.0,-56.2,-56.2,8.66,17.23,0.0,1.52,59.28,750.89,0.0,0.0,0.0,4.44,0.0,0.0
2019-07-07 01:30:00,188,1.5,96,2549,1,0,2402.5,3,35.0,35.0,0.0,0.0,0.0,0.0,0.5781,0.0,259.46,315.66,0.0,-56.2,-56.2,8.66,17.32,0.0,1.52,59.28,750.89,0.0,0.0,0.0,4.44,0.0,0.0
2019-07-07 01:30:00,188,1.5,1,2612,1,0,2402.5,3,35.0,33.36,0.0,0.0,0.0,0.0,0.5765,0.0,259.46,315.66,0.0,-56.2,-56.2,8.66,16.91,0.0,1.52,59.28,750.89,0.0,0.0,0.0,4.44,0.0,0.0
2019-07-07 01:30:00,188,1.5,2,2612,1,0,2402.5,3,35.0,33.36,0.0,0.0,0.0,0.0,0.5765,0.0,259.46,315.66,0.0,-56.2,-56.2,8.66,16.91,0.0,1.52,59.28,750.89,0.0,0.0,0.0,4.44,0.0,0.0
2019-07-07 01:30:00,188,1.5,3,2610,1,0,2402.5,3,35.0,33.41,0.0,0.0,0.0,0.0,0.5765,0.0,259.46,315.66,0.0,-56.2,-56.2,8.66,16.92,0.0,1.52,59.28,750.89,0.0,0.0,0.0,4.44,0.0,0.0
2019-07-07 01:30:00,188,1.5,4,2583,1,0,2402.5,3,35.0,34.12,0.0,0.0,0.0,0.0,0.5772,0.0,259.46,315.66,0.0,-56.2,-56.2,8.66,17.1,0.0,1.52,59.28,750.89,0.0,0.0,0.0,4.44,0.0,0.0
2019-07-07 01:30:00,188,1.5,5,2583,1,0,2402.5,3,35.0,34.12,0.0,0.0,0.0,0.0,0.5772,0.0,259.46,315.66,0.0,-56.2,-56.2,8.66,17.1,0.0,1.52,59.28,750.89,0.0,0.0,0.0,4.44,0.0,0.0
2019-07-07 01:30:00,188,1.5,6,2546,1,0,2402.5,3,35.0,35.08,0.0,0.0,0.0,0.0,0.5781,0.0,259.46,315.66,0.0,-56.2,-56.2,8.66,17.34,0.0,1.52,59.28,750.89,0.0,0.0,0.0,4.44,0.0,0.0
2019-07-07 01:30:00,188,1.5,7,2546,1,0,2402.5,3,35.0,35.08,0.0,0.0,0.0,0.0,0.5781,0.0,259.46,315.66,0.0,-56.2,-56.2,8.66,17.34,0.0,1.52,59.28,750.89,0.0,0.0,0.0,4.44,0.0,0.0
2019-07-07 01:30:00,188,1.5,8,2639,1,0,2402.5,3,35.0,32.66,0.0,0.0,0.0,0.0,0.5758,0.0,259.46,315.66,0.0,-56.2,-56.2,8.66,16.73,0.0,1.52,59.28,750.89,0.0,0.0,0.0,4.44,0.0,0.0
2019-07-07 01:30:00,188,1.5,9,2610,1,0,2402.5,3,35.0,33.41,0.0,0.0,0.0,0.0,0.5765,0.0,259.46,315.66,0.0,-56.2,-56.2,8.66,16.92,0.0,1.52,59.28,750.89,0.0,0.0,0.0,4.44,0.0,0.0
2019-07-07 01:30:00,188,1.5,10,2579,1,0,2402.5,3,35.0,34.22,0.0,0.0,0.0,0.0,0.5773,0.0,259.46,315.66,0.0,-56.2,-56.2,8.66,17.12,0.0,1.52,59.28,750.89,0.0,0.0,0.0,4.44,0.0,0.0
2019-07-07 01:30:00,188,1.5,11,2579,1,0,2402.5,3,35.0,34.22,0.0,0.0,0.0,0.0,0.5773,0.0,259.46,315.66,0.0,-56.2,-56.2,8.66,17.12,0.0,1.52,59.28,750.89,0.0,0.0,0.0,4.44,0.0,0.0
2019-07-07 01:30:00,188,1.5,12,2546,1,0,2402.5,3,35.0,35.08,0.0,0.0,0.0,0.0,0.5781,0.0,259.46,315.66,0.0,-56.2,-56.2,8.66,17.34,0.0,1.52,59.28,750.89,0.0,0.0,0.0,4.44,0.0,0.0
2019-07-07 01:30:00,188,1.5,13,2530,1,0,2402.5,3,35.0,35.49,0.0,0.0,0.0,0.0,0.5785,0.0,259.46,315.66,0.0,-56.2,-56.2,8.66,17.44,0.0,1.52,59.28,750.89,0.0,0.0,0.0,4.44,0.0,0.0
2019-07-07 01:30:00,188,1.5,14,2530,1,0,2402.5,3,35.0,35.49,0.0,0.0,0.0,0.0,0.5785,0.0,259.46,315.66,0.0,-56.2,-56.2,8.66,17.44,0.0,1.52,59.28,750.89,0.0,0.0,0.0,4.44,0.0,0.0
2019-07-07 01:30:00,188,1.5,15,2494,1,0,2402.5,3,35.0,36.43,0.0,0.0,0.0,0.0,0.5795,0.0,259.46,315.66,0.0,-56.2,-56.2,8.66,17.67,0.0,1.52,59.28,750.89,0.0,0.0,0.0,4.44,0.0,0.0
2019-07-07 01:30:00,188,1.5,16,2494,1,0,2402.5,3,35.0,36.43,0.0,0.0,0.0,0.0,0.5795,0.0,259.46,315.66,0.0,-56.2,-56.2,8.66,17.67,0.0,1.52,59.28,750.89,0.0,0.0,0.0,4.44,0.0,0.0
2019-07-07 01:30:00,188,1.5,17,2462,1,0,2402.5,3,35.0,37.26,0.0,0.0,0.0,0.0,0.5803,0.0,259.46,315.66,0.0,-56.2,-56.2,8.66,17.88,0.0,1.52,59.28,750.89,0.0,0.0,0.0,4.44,0.0,0.0
2019-07-07 01:30:00,188,1.5,18,2630,1,0,2402.5,3,35.0,32.89,0.0,0.0,0.0,0.0,0.576,0.0,259.46,315.66,0.0,-56.2,-56.2,8.66,16.79,0.0,1.52,59.28,750.89,0.0,0.0,0.0,4.44,0.0,0.0
2019-07-07 01:30:00,188,1.5,19,2630,1,0,2402.5,3,35.0,32.89,0.0,0.0,0.0,0.0,0.576,0.0,259.46,315.66,0.0,-56.2,-56.2,8.66,16.79,0.0,1.52,59.28,750.89,0.0,0.0,0.0,4.44,0.0,0.0
2019-07-07 01:30:00,188,1.5,20,2604,1,0,2402.5,3,35.0,33.57,0.0,0.0,0.0,0.0,0.5767,0.0,259.46,315.66,0.0,-56.2,-56.2,8.66,16.96,0.0,1.52,59.28,750.89,0.0,0.0,0.0,4.44,0.0,0.0
2019-07-07 01:30:00,188,1.5,21,2563,1,0,2402.5,3,35.0,34.64,0.0,0.0,0.0,0.0,0.5777,0.0,259.46,315.66,0.0,-56.2,-56.2,8.66,17.23,0.0,1.52,59.28,750.89,0.0,0.0,0.0,4.44,0.0,0.0
2019-07-07 01:30:00,188,1.5,22,2556,1,0,2402.5,3,35.0,34.82,0.0,0.0,0.0,0.0,0.5779,0.0,259.46,315.66,0.0,-56.2,-56.2,8.66,17.27,0.0,1.52,59.28,750.89,0.0,0.0,0.0,4.44,0.0,0.0
2019-07-07 01:30:00,188,1.5,23,2549,1,0,2402.5,3,35.0,35.0,0.0,0.0,0.0,0.0,0.5781,0.0,259.46,315.66,0.0,-56.2,-56.2,8.66,17.32,0.0,1.52,59.28,750.89,0.0,0.0,0.0,4.44,0.0,0.0
2019-07-07 01:30:00,188,1.5,24,2549,1,0,2402.5,3,35.0,35.0,0.0,0.0,0.0,0.0,0.5781,0.0,259.46,315.66,0.0,-56.2,-56.2,8.66,17.32,0.0,1.52,59.28,750.89,0.0,0.0,0.0,4.44,0.0,0.0
2019-07-07 01:30:00,188,1.5,25,2524,1,0,2402.5,3,35.0,35.65,0.0,0.0,0.0,0.0,0.5787,0.0,259.46,315.66,0.0,-56.2,-56.2,8.66,17.48,0.0,1.52,59.28,750.89,0.0,0.0,0.0,4.44,0.0,0.0
2019-07-07 01:30:00,188,1.5,26,2502,1,0,2402.5,3,35.0,36.22,0.0,0.0,0.0,0.0,0.5792,0.0,259.46,315.66,0.0,-56.2,-56.2,8.66,17.62,0.0,1.52,59.28,750.89,0.0,0.0,0.0,4.44,0.0,0.0
2019-07-07 01:30:00,188,1.5,27,2502,1,0,2402.5,3,35.0,36.22,0.0,0.0,0.0,0.0,0.5792,0.0,259.46,315.66,0.0,-56.2,-56.2,8.66,17.62,0.0,1.52,59.28,750.89,0.0,0.0,0.0,4.44,0.0,0.0
2019-07-07 01:30:00,188,1.5,28,2477,1,0,2402.5,3,35.0,36.87,0.0,0.0,0.0,0.0,0.5799,0.0,259.46,315.66,0.0,-56.2,-56.2,8.66,17.79,0.0,1.52,59.28,750.89,0.0,0.0,0.0,4.44,0.0,0.0
2019-07-07 01:30:00,188,1.5,29,2477,1,0,2402.5,3,35.0,36.87,0.0,0.0,0.0,0.0,0.5799,0.0,259.46,315.66,0.0,-56.2,-56.2,8.66,17.79,0.0,1.52,59.28,750.89,0.0,0.0,0.0,4.44,0.0,0.0
2019-07-07 01:30:00,188,1.5,30,2440,1,0,2402.5,3,35.0,37.83,0.0,0.0,0.0,0.0,0.5808,0.0,259.46,315.66,0.0,-56.2,-56.2,8.66,18.03,0.0,1.52,59.28,750.89,0.0,0.0,0.0,4.44,0.0,0.0
2019-07-07 01:30:00,188,1.5,31,2620,1,0,2402.5,3,35.0,33.15,0.0,0.0,0.0,0.0,0.5763,0.0,259.46,315.66,0.0,-56.2,-56.2,8.66,16.86,0.0,1.52,59.28,750.89,0.0,0.0,0.0,4.44,0.0,0.0
2019-07-07 01:30:00,188,1.5,32,2576,1,0,2402.5,3,35.0,34.3,0.0,0.0,0.0,0.0,0.5774,0.0,259.46,315.66,0.0,-56.2,-56.2,8.66,17.14,0.0,1.52,59.28,750.89,0.0,0.0,0.0,4.44,0.0,0.0
2019-07-07 01:30:00,188,1.5,33,2576,1,0,2402.5,3,35.0,34.3,0.0,0.0,0.0,0.0,0.5774,0.0,259.46,315.66,0.0,-56.2,-56.2,8.66,17.14,0.0,1.52,59.28,750.89,0.0,0.0,0.0,4.44,0.0,0.0
2019-07-07 01:30:00,188,1.5,34,2576,1,0,2402.5,3,35.0,34.3,0.0,0.0,0.0,0.0,0.5774,0.0,259.46,315.66,0.0,-56.2,-56.2,8.66,17.14,0.0,1.52,59.28,750.89,0.0,0.0,0.0,4.44,0.0,0.0
2019-07-07 01:30:00,188,1.5,35,2556,1,0,2402.5,3,35.0,34.82,0.0,0.0,0.0,0.0,0.5779,0.0,259.46,315.66,0.0,-56.2,-56.2,8.66,17.27,0.0,1.52,59.28,750.89,0.0,0.0,0.0,4.44,0.0,0.0
2019-07-07 01:30:00,188,1.5,36,2533,1,0,2402.5,3,35.0,35.42,0.0,0.0,0.0,0.0,0.5785,0.0,259.46,315.66,0.0,-56.2,-56.2,8.66,17.42,0.0,1.52,59.28,750.89,0.0,0.0,0.0,4.44,0.0,0.0
2019-07-07 01:30:00,188,1.5,37,2532,1,0,2402.5,3,35.0,35.44,0.0,0.0,0.0,0.0,0.5785,0.0,259.46,315.66,0.0,-56.2,-56.2,8.66,17.43,0.0,1.52,59.28,750.89,0.0,0.0,0.0,4.44,0.0,0.0
2019-07-07 01:30:00,188,1.5,38,2534,1,0,2402.5,3,35.0,35.39,0.0,0.0,0.0,0.0,0.5784,0.0,259.46,315.66,0.0,-56.2,-56.2,8.66,17.41,0.0,1.52,59.28,750.89,0.0,0.0,0.0,4.44,0.0,0.0
2019-07-07 01:30:00,188,1.5,39,2534,1,0,2402.5,3,35.0,35.39,0.0,0.0,0.0,0.0,0.5784,0.0,259.46,315.66,0.0,-56.2,-56.2,8.66,17.41,0.0,1.52,59.28,750.89,0.0,0.0,0.0,4.44,0.0,0.0
2019-07-07 01:30:00,188,1.5,40,2515,1,0,2402.5,3,35.0,35.88,0.0,0.0,0.0,0.0,0.5789,0.0,259.46,315.66,0.0,-56.2,-56.2,8.66,17.54,0.0,1.52,59.28,750.89,0.0,0.0,0.0,4.44,0.0,0.0
2019-07-07 01:30:00,188,1.5,41,2487,1,0,2402.5,3,35.0,36.61,0.0,0.0,0.0,0.0,0.5796,0.0,259.46,315.66,0.0,-56.2,-56.2,8.66,17.72,0.0,1.52,59.28,750.89,0.0,0.0,0.0,4.44,0.0,0.0
2019-07-07 01:30:00,188,1.5,42,2487,1,0,2402.5,3,35.0,36.61,0.0,0.0,0.0,0.0,0.5796,0.0,259.46,315.66,0.0,-56.2,-56.2,8.66,17.72,0.0,1.52,59.28,750.89,0.0,0.0,0.0,4.44,0.0,0.0
2019-07-07 01:30:00,188,1.5,43,2464,1,0,2402.5,3,35.0,37.21,0.0,0.0,0.0,0.0,0.5802,0.0,259.46,315.66,0.0,-56.2,-56.2,8.66,17.87,0.0,1.52,59.28,750.89,0.0,0.0,0.0,4.44,0.0,0.0
2019-07-07 01:30:00,188,1.5,44,2555,1,0,2402.5,3,35.0,34.84,0.0,0.0,0.0,0.0,0.5779,0.0,259.46,315.66,0.0,-56.2,-56.2,8.66,17.28,0.0,1.52,59.28,750.89,0.0,0.0,0.0,4.44,0.0,0.0
2019-07-07 01:30:00,188,1.5,45,2555,1,0,2402.5,3,35.0,34.84,0.0,0.0,0.0,0.0,0.5779,0.0,259.46,315.66,0.0,-56.2,-56.2,8.66,17.28,0.0,1.52,59.28,750.89,0.0,0.0,0.0,4.44,0.0,0.0
2019-07-07 01:30:00,188,1.5,46,2555,1,0,2402.5,3,35.0,34.84,0.0,0.0,0.0,0.0,0.5779,0.0,259.46,315.66,0.0,-56.2,-56.2,8.66,17.28,0.0,1.52,59.28,750.89,0.0,0.0,0.0,4.44,0.0,0.0
2019-07-07 01:30:00,188,1.5,47,2530,1,0,2402.5,3,35.0,35.49,0.0,0.0,0.0,0.0,0.5785,0.0,259.46,315.66,0.0,-56.2,-56.2,8.66,17.44,0.0,1.52,59.28,750.89,0.0,0.0,0.0,4.44,0.0,0.0
2019-07-07 01:30:00,188,1.5,48,2510,1,0,2402.5,3,35.0,36.01,0.0,0.0,0.0,0.0,0.579,0.0,259.46,315.66,0.0,-56.2,-56.2,8.66,17.57,0.0,1.52,59.28,750.89,0.0,0.0,0.0,4.44,0.0,0.0
2019-07-07 01:30:00,188,1.5,49,2534,1,0,2402.5,3,35.0,35.39,0.0,0.0,0.0,0.0,0.5784,0.0,259.46,315.66,0.0,-56.2,-56.2,8.66,17.41,0.0,1.52,59.28,750.89,0.0,0.0,0.0,4.44,0.0,0.0
2019-07-07 01:30:00,188,1.5,50,2531,1,0,2402.5,3,35.0,35.47,0.0,0.0,0.0,0.0,0.5785,0.0,259.46,315.66,0.0,-56.2,-56.2,8.66,17.43,0.0,1.52,59.28,750.89,0.0,0.0,0.0,4.44,0.0,0.0
2019-07-07 01:30:00,188,1.5,51,2531,1,0,2402.5,3,35.0,35.47,0.0,0.0,0.0,0.0,0.5785,0.0,259.46,315.66,0.0,-56.2,-56.2,8.66,17.43,0.0,1.52,59.28,750.89,0.0,0.0,0.0,4.44,0.0,0.0
2019-07-07 01:30:00,188,1.5,52,2531,1,0,2402.5,3,35.0,35.47,0.0,0.0,0.0,0.0,0.5785,0.0,259.46,315.66,0.0,-56.2,-56.2,8.66,17.43,0.0,1.52,59.28,750.89,0.0,0.0,0.0,4.44,0.0,0.0
2019-07-07 01:30:00,188,1.5,53,2507,1,0,2402.5,3,35.0,36.09,0.0,0.0,0.0,0.0,0.5791,0.0,259.46,315.66,0.0,-56.2,-56.2,8.66,17.59,0.0,1.52,59.28,750.89,0.0,0.0,0.0,4.44,0.0,0.0
2019-07-07 01:30:00,188,1.5,54,2494,1,0,2402.5,3,35.0,36.43,0.0,0.0,0.0,0.0,0.5795,0.0,259.46,315.66,0.0,-56.2,-56.2,8.66,17.67,0.0,1.52,59.28,750.89,0.0,0.0,0.0,4.44,0.0,0.0
2019-07-07 01:30:00,188,1.5,55,2531,1,0,2402.5,3,35.0,35.47,0.0,0.0,0.0,0.0,0.5785,0.0,259.46,315.66,0.0,-56.2,-56.2,8.66,17.43,0.0,1.52,59.28,750.89,0.0,0.0,0.0,4.44,0.0,0.0
2019-07-07 01:30:00,188,1.5,56,2531,1,0,2402.5,3,35.0,35.47,0.0,0.0,0.0,0.0,0.5785,0.0,259.46,315.66,0.0,-56.2,-56.2,8.66,17.43,0.0,1.52,59.28,750.89,0.0,0.0,0.0,4.44,0.0,0.0
2019-07-07 01:30:00,188,1.5,57,2507,1,0,2402.5,3,35.0,36.09,0.0,0.0,0.0,0.0,0.5791,0.0,259.46,315.66,0.0,-56.2,-56.2,8.66,17.59,0.0,1.52,59.28,750.89,0.0,0.0,0.0,4.44,0.0,0.0
2019-07-07 01:30:00,188,1.5,58,2494,1,0,2402.5,3,35.0,36.43,0.0,0.0,0.0,0.0,0.5795,0.0,259.46,315.66,0.0,-56.2,-56.2,8.66,17.67,0.0,1.52,59.28,750.89,0.0,0.0,0.0,4.44,0.0,0.0
2019-07-07 01:30:00,188,1.5,59,2506,1,0,2402.5,3,35.0,36.12,0.0,0.0,0.0,0.0,0.5791,0.0,259.46,315.66,0.0,-56.2,-56.2,8.66,17.6,0.0,1.52,59.28,750.89,0.0,0.0,0.0,4.44,0.0,0.0
2019-07-07 01:30:00,188,1.5,60,2506,1,0,2402.5,3,35.0,36.12,0.0,0.0,0.0,0.0,0.5791,0.0,259.46,315.66,0.0,-56.2,-56.2,8.66,17.6,0.0,1.52,59.28,750.89,0.0,0.0,0.0,4.44,0.0,0.0
2019-07-07 01:30:00,188,1.5,61,2485,1,0,2402.5,3,35.0,36.66,0.0,0.0,0.0,0.0,0.5797,0.0,259.46,315.66,0.0,-56.2,-56.2,8.66,17.73,0.0,1.52,59.28,750.89,0.0,0.0,0.0,4.44,0.0,0.0
2019-07-07 01:30:00,188,1.5,62,2469,1,0,2402.5,3,35.0,37.08,0.0,0.0,0.0,0.0,0.5801,0.0,259.46,315.66,0.0,-56.2,-56.2,8.66,17.84,0.0,1.52,59.28,750.89,0.0,0.0,0.0,4.44,0.0,0.0
2019-07-07 01:30:00,188,1.5,63,2506,1,0,2402.5,3,35.0,36.12,0.0,0.0,0.0,0.0,0.5791,0.0,259.46,315.66,0.0,-56.2,-56.2,8.66,17.6,0.0,1.52,59.28,750.89,0.0,0.0,0.0,4.44,0.0,0.0
2019-07-07 01:30:00,188,1.5,64,2506,1,0,2402.5,3,35.0,36.12,0.0,0.0,0.0,0.0,0.5791,0.0,259.46,315.66,0.0,-56.2,-56.2,8.66,17.6,0.0,1.52,59.28,750.89,0.0,0.0,0.0,4.44,0.0,0.0
2019-07-07 01:30:00,188,1.5,65,2506,1,0,2402.5,3,35.0,36.12,0.0,0.0,0.0,0.0,0.5791,0.0,259.46,315.66,0.0,-56.2,-56.2,8.66,17.6,0.0,1.52,59.28,750.89,0.0,0.0,0.0,4.44,0.0,0.0
2019-07-07 01:30:00,188,1.5,66,2485,1,0,2402.5,3,35.0,36.66,0.0,0.0,0.0,0.0,0.5797,0.0,259.46,315.66,0.0,-56.2,-56.2,8.66,17.73,0.0,1.52,59.28,750.89,0.0,0.0,0.0,4.44,0.0,0.0
2019-07-07 01:30:00,188,1.5,67,2455,1,0,2402.5,3,35.0,37.44,0.0,0.0,0.0,0.0,0.5804,0.0,259.46,315.66,0.0,-56.2,-56.2,8.66,17.93,0.0,1.52,59.28,750.89,0.0,0.0,0.0,4.44,0.0,0.0
2019-07-07 01:30:00,188,1.5,68,2489,1,0,2402.5,3,35.0,36.56,0.0,0.0,0.0,0.0,0.5796,0.0,259.46,315.66,0.0,-56.2,-56.2,8.66,17.71,0.0,1.52,59.28,750.89,0.0,0.0,0.0,4.44,0.0,0.0
2019-07-07 01:30:00,188,1.5,69,2489,1,0,2402.5,3,35.0,36.56,0.0,0.0,0.0,0.0,0.5796,0.0,259.46,315.66,0.0,-56.2,-56.2,8.66,17.71,0.0,1.52,59.28,750.89,0.0,0.0,0.0,4.44,0.0,0.0
2019-07-07 01:30:00,188,1.5,70,2489,1,0,2402.5,3,35.0,36.56,0.0,0.0,0.0,0.0,0.5796,0.0,259.46,315.66,0.0,-56.2,-56.2,8.66,17.71,0.0,1.52,59.28,750.89,0.0,0.0,0.0,4.44,0.0,0.0
2019-07-07 01:30:00,188,1.5,71,2477,1,0,2402.5,3,35.0,36.87,0.0,0.0,0.0,0.0,0.5799,0.0,259.46,315.66,0.0,-56.2,-56.2,8.66,17.79,0.0,1.52,59.28,750.89,0.0,0.0,0.0,4.44,0.0,0.0
2019-07-07 01:30:00,188,1.5,72,2455,1,0,2402.5,3,35.0,37.44,0.0,0.0,0.0,0.0,0.5804,0.0,259.46,315.66,0.0,-56.2,-56.2,8.66,17.93,0.0,1.52,59.28,750.89,0.0,0.0,0.0,4.44,0.0,0.0
2019-07-07 01:30:00,188,1.5,73,2485,1,0,2402.5,3,35.0,36.66,0.0,0.0,0.0,0.0,0.5797,0.0,259.46,315.66,0.0,-56.2,-56.2,8.66,17.73,0.0,1.52,59.28,750.89,0.0,0.0,0.0,4.44,0.0,0.0
2019-07-07 01:30:00,188,1.5,74,2485,1,0,2402.5,3,35.0,36.66,0.0,0.0,0.0,0.0,0.5797,0.0,259.46,315.66,0.0,-56.2,-56.2,8.66,17.73,0.0,1.52,59.28,750.89,0.0,0.0,0.0,4.44,0.0,0.0
2019-07-07 01:30:00,188,1.5,75,2485,1,0,2402.5,3,35.0,36.66,0.0,0.0,0.0,0.0,0.5797,0.0,259.46,315.66,0.0,-56.2,-56.2,8.66,17.73,0.0,1.52,59.28,750.89,0.0,0.0,0.0,4.44,0.0,0.0
2019-07-07 01:30:00,188,1.5,76,2466,1,0,2402.5,3,35.0,37.16,0.0,0.0,0.0,0.0,0.5802,0.0,259.46,315.66,0.0,-56.2,-56.2,8.66,17.86,0.0,1.52,59.28,750.89,0.0,0.0,0.0,4.44,0.0,0.0
2019-07-07 01:30:00,188,1.5,77,2445,1,0,2402.5,3,35.0,37.7,0.0,0.0,0.0,0.0,0.5807,0.0,259.46,315.66,0.0,-56.2,-56.2,8.66,17.99,0.0,1.52,59.28,750.89,0.0,0.0,0.0,4.44,0.0,0.0
2019-07-07 01:30:00,188,1.5,78,2478,1,0,2402.5,3,35.0,36.85,0.0,0.0,0.0,0.0,0.5799,0.0,259.46,315.66,0.0,-56.2,-56.2,8.66,17.78,0.0,1.52,59.28,750.89,0.0,0.0,0.0,4.44,0.0,0.0
2019-07-07 01:30:00,188,1.5,79,2478,1,0,2402.5,3,35.0,36.85,0.0,0.0,0.0,0.0,0.5799,0.0,259.46,315.66,0.0,-56.2,-56.2,8.66,17.78,0.0,1.52,59.28,750.89,0.0,0.0,0.0,4.44,0.0,0.0
2019-07-07 01:30:00,188,1.5,80,2449,1,0,2402.5,3,35.0,37.6,0.0,0.0,0.0,0.0,0.5806,0.0,259.46,315.66,0.0,-56.2,-56.2,8.66,17.97,0.0,1.52,59.28,750.89,0.0,0.0,0.0,4.44,0.0,0.0
2019-07-07 01:30:00,188,1.5,81,2412,1,0,2402.5,3,35.0,38.56,0.0,0.0,0.0,0.0,0.5815,0.0,259.46,315.66,0.0,-56.2,-56.2,8.66,18.21,0.0,1.52,59.28,750.89,0.0,0.0,0.0,4.44,0.0,0.0
2019-07-07 01:30:00,188,1.5,82,2443,1,0,2402.5,3,35.0,37.76,0.0,0.0,0.0,0.0,0.5807,0.0,259.46,315.66,0.0,-56.2,-56.2,8.66,18.01,0.0,1.52,59.28,750.89,0.0,0.0,0.0,4.44,0.0,0.0
2019-07-07 01:30:00,188,1.5,83,2474,1,0,2402.5,3,35.0,36.95,0.0,0.0,0.0,0.0,0.58,0.0,259.46,315.66,0.0,-56.2,-56.2,8.66,17.8,0.0,1.52,59.28,750.89,0.0,0.0,0.0,4.44,0.0,0.0
2019-07-07 01:30:00,188,1.5,84,2474,1,0,2402.5,3,35.0,36.95,0.0,0.0,0.0,0.0,0.58,0.0,259.46,315.66,0.0,-56.2,-56.2,8.66,17.8,0.0,1.52,59.28,750.89,0.0,0.0,0.0,4.44,0.0,0.0
2019-07-07 01:30:00,188,1.5,85,2436,1,0,2402.5,3,35.0,37.94,0.0,0.0,0.0,0.0,0.5809,0.0,259.46,315.66,0.0,-56.2,-56.2,8.66,18.05,0.0,1.52,59.28,750.89,0.0,0.0,0.0,4.44,0.0,0.0
2019-07-07 01:30:00,188,1.5,86,2397,0,0,2402.5,3,35.0,38.95,0.0,0.0,0.0,0.0,0.2445,0.0,259.46,315.66,0.0,-56.2,-56.2,8.66,18.3,0.0,1.52,59.28,750.89,0.0,0.0,0.0,24.44,0.0,0.0
2019-07-07 01:30:00,188,1.5,87,2415,1,0,2402.5,3,35.0,38.48,0.0,0.0,0.0,0.0,0.5815,0.0,259.46,315.66,0.0,-56.2,-56.2,8.66,18.19,0.0,1.52,59.28,750.89,0.0,0.0,0.0,4.44,0.0,0.0
2019-07-07 01:30:00,188,1.5,88,2476,1,0,2402.5,3,35.0,36.9,0.0,0.0,0.0,0.0,0.5799,0.0,259.46,315.66,0.0,-56.2,-56.2,8.66,17.79,0.0,1.52,59.28,750.89,0.0,0.0,0.0,4.44,0.0,0.0
2019-07-07 01:30:00,188,1.5,89,2428,1,0,2402.5,3,35.0,38.15,0.0,0.0,0.0,0.0,0.5811,0.0,259.46,315.66,0.0,-56.2,-56.2,8.66,18.1,0.0,1.52,59.28,750.89,0.0,0.0,0.0,4.44,0.0,0.0
2019-07-07 01:30:00,188,1.5,90,2377,0,0,2402.5,3,35.0,39.47,0.0,0.0,0.0,0.0,0.245,0.0,259.46,315.66,0.0,-56.2,-56.2,8.66,18.43,0.0,1.52,59.28,750.89,0.0,0.0,0.0,24.44,0.0,0.0
2019-07-07 01:30:00,188,1.5,91,2378,0,0,2402.5,3,35.0,39.45,0.0,0.0,0.0,0.0,0.2449,0.0,259.46,315.66,0.0,-56.2,-56.2,8.66,18.43,0.0,1.52,59.28,750.89,0.0,0.0,0.0,24.44,0.0,0.0
2019-07-07 01:30:00,188,1.5,92,2496,1,0,2402.5,3,35.0,36.38,0.0,0.0,0.0,0.0,0.5794,0.0,259.46,315.66,0.0,-56.2,-56.2,8.66,17.66,0.0,1.52,59.28,750.89,0.0,0.0,0.0,4.44,0.0,0.0
2019-07-07 01:30:00,188,1.5,93,2423,1,0,2402.5,3,35.0,38.28,0.0,0.0,0.0,0.0,0.5813,0.0,259.46,315.66,0.0,-56.2,-56.2,8.66,18.14,0.0,1.52,59.28,750.89,0.0,0.0,0.0,4.44,0.0,0.0
2019-07-07 01:30:00,188,1.5,95,2372,0,0,2402.5,3,35.0,39.6,0.0,0.0,0.0,0.0,0.2451,0.0,259.46,315.66,0.0,-56.2,-56.2,8.66,18.47,0.0,1.52,59.28,750.89,0.0,0.0,0.0,24.44,0.0,0.0
2019-07-07 01:30:00,188,1.5,97,2358,0,0,2402.5,3,35.0,39.97,0.0,0.0,0.0,0.0,0.2454,0.0,259.46,315.66,0.0,-56.2,-56.2,8.66,18.56,0.0,1.52,59.28,750.89,0.0,0.0,0.0,24.44,0.0,0.0
2019-07-07 01:30:00,188,1.5,98,2554,1,0,2402.5,3,35.0,34.87,0.0,0.0,0.0,0.0,0.5779,0.0,259.46,315.66,0.0,-56.2,-56.2,8.66,17.28,0.0,1.52,59.28,750.89,0.0,0.0,0.0,4.44,0.0,0.0
2019-07-07 01:30:00,188,1.5,99,2451,1,0,2402.5,3,35.0,37.55,0.0,0.0,0.0,0.0,0.5805,0.0,259.46,315.66,0.0,-56.2,-56.2,8.66,17.95,0.0,1.52,59.28,750.89,0.0,0.0,0.0,4.44,0.0,0.0
2019-07-07 01:30:00,188,1.5,100,2361,0,0,2402.5,3,35.0,39.89,0.0,0.0,0.0,0.0,0.2454,0.0,259.46,315.66,0.0,-56.2,-56.2,8.66,18.54,0.0,1.52,59.28,750.89,0.0,0.0,0.0,24.44,0.0,0.0
2019-07-07 02:00:00,188,2.0,94,2563,1,0,2402.5,3,35.0,34.64,0.0,0.0,0.0,0.0,0.5777,0.0,261.88,315.66,0.0,-53.77,-53.77,10.17,17.23,0.0,1.38,54.55,751.0,0.0,0.0,0.0,4.44,0.0,0.0
2019-07-07 02:00:00,188,2.0,96,2549,1,0,2402.5,3,35.0,35.0,0.0,0.0,0.0,0.0,0.5781,0.0,261.88,315.66,0.0,-53.77,-53.77,10.17,17.32,0.0,1.38,54.55,751.0,0.0,0.0,0.0,4.44,0.0,0.0
2019-07-07 02:00:00,188,2.0,1,2612,1,0,2402.5,3,35.0,33.36,0.0,0.0,0.0,0.0,0.5765,0.0,261.88,315.66,0.0,-53.77,-53.77,10.17,16.91,0.0,1.38,54.55,751.0,0.0,0.0,0.0,4.44,0.0,0.0
2019-07-07 02:00:00,188,2.0,2,2612,1,0,2402.5,3,35.0,33.36,0.0,0.0,0.0,0.0,0.5765,0.0,261.88,315.66,0.0,-53.77,-53.77,10.17,16.91,0.0,1.38,54.55,751.0,0.0,0.0,0.0,4.44,0.0,0.0
2019-07-07 02:00:00,188,2.0,3,2610,1,0,2402.5,3,35.0,33.41,0.0,0.0,0.0,0.0,0.5765,0.0,261.88,315.66,0.0,-53.77,-53.77,10.17,16.92,0.0,1.38,54.55,751.0,0.0,0.0,0.0,4.44,0.0,0.0
2019-07-07 02:00:00,188,2.0,4,2583,1,0,2402.5,3,35.0,34.12,0.0,0.0,0.0,0.0,0.5772,0.0,261.88,315.66,0.0,-53.77,-53.77,10.17,17.1,0.0,1.38,54.55,751.0,0.0,0.0,0.0,4.44,0.0,0.0
2019-07-07 02:00:00,188,2.0,5,2583,1,0,2402.5,3,35.0,34.12,0.0,0.0,0.0,0.0,0.5772,0.0,261.88,315.66,0.0,-53.77,-53.77,10.17,17.1,0.0,1.38,54.55,751.0,0.0,0.0,0.0,4.44,0.0,0.0
2019-07-07 02:00:00,188,2.0,6,2546,1,0,2402.5,3,35.0,35.08,0.0,0.0,0.0,0.0,0.5781,0.0,261.88,315.66,0.0,-53.77,-53.77,10.17,17.34,0.0,1.38,54.55,751.0,0.0,0.0,0.0,4.44,0.0,0.0
2019-07-07 02:00:00,188,2.0,7,2546,1,0,2402.5,3,35.0,35.08,0.0,0.0,0.0,0.0,0.5781,0.0,261.88,315.66,0.0,-53.77,-53.77,10.17,17.34,0.0,1.38,54.55,751.0,0.0,0.0,0.0,4.44,0.0,0.0
2019-07-07 02:00:00,188,2.0,8,2639,1,0,2402.5,3,35.0,32.66,0.0,0.0,0.0,0.0,0.5758,0.0,261.88,315.66,0.0,-53.77,-53.77,10.17,16.73,0.0,1.38,54.55,751.0,0.0,0.0,0.0,4.44,0.0,0.0
2019-07-07 02:00:00,188,2.0,9,2610,1,0,2402.5,3,35.0,33.41,0.0,0.0,0.0,0.0,0.5765,0.0,261.88,315.66,0.0,-53.77,-53.77,10.17,16.92,0.0,1.38,54.55,751.0,0.0,0.0,0.0,4.44,0.0,0.0
2019-07-07 02:00:00,188,2.0,10,2579,1,0,2402.5,3,35.0,34.22,0.0,0.0,0.0,0.0,0.5773,0.0,261.88,315.66,0.0,-53.77,-53.77,10.17,17.12,0.0,1.38,54.55,751.0,0.0,0.0,0.0,4.44,0.0,0.0
2019-07-07 02:00:00,188,2.0,11,2579,1,0,2402.5,3,35.0,34.22,0.0,0.0,0.0,0.0,0.5773,0.0,261.88,315.66,0.0,-53.77,-53.77,10.17,17.12,0.0,1.38,54.55,751.0,0.0,0.0,0.0,4.44,0.0,0.0
2019-07-07 02:00:00,188,2.0,12,2546,1,0,2402.5,3,35.0,35.08,0.0,0.0,0.0,0.0,0.5781,0.0,261.88,315.66,0.0,-53.77,-53.77,10.17,17.34,0.0,1.38,54.55,751.0,0.0,0.0,0.0,4.44,0.0,0.0
2019-07-07 02:00:00,188,2.0,13,2530,1,0,2402.5,3,35.0,35.49,0.0,0.0,0.0,0.0,0.5785,0.0,261.88,315.66,0.0,-53.77,-53.77,10.17,17.44,0.0,1.38,54.55,751.0,0.0,0.0,0.0,4.44,0.0,0.0
2019-07-07 02:00:00,188,2.0,14,2530,1,0,2402.5,3,35.0,35.49,0.0,0.0,0.0,0.0,0.5785,0.0,261.88,315.66,0.0,-53.77,-53.77,10.17,17.44,0.0,1.38,54.55,751.0,0.0,0.0,0.0,4.44,0.0,0.0
2019-07-07 02:00:00,188,2.0,15,2494,1,0,2402.5,3,35.0,36.43,0.0,0.0,0.0,0.0,0.5795,0.0,261.88,315.66,0.0,-53.77,-53.77,10.17,17.67,0.0,1.38,54.55,751.0,0.0,0.0,0.0,4.44,0.0,0.0
2019-07-07 02:00:00,188,2.0,16,2494,1,0,2402.5,3,35.0,36.43,0.0,0.0,0.0,0.0,0.5795,0.0,261.88,315.66,0.0,-53.77,-53.77,10.17,17.67,0.0,1.38,54.55,751.0,0.0,0.0,0.0,4.44,0.0,0.0
2019-07-07 02:00:00,188,2.0,17,2462,1,0,2402.5,3,35.0,37.26,0.0,0.0,0.0,0.0,0.5803,0.0,261.88,315.66,0.0,-53.77,-53.77,10.17,17.88,0.0,1.38,54.55,751.0,0.0,0.0,0.0,4.44,0.0,0.0
2019-07-07 02:00:00,188,2.0,18,2630,1,0,2402.5,3,35.0,32.89,0.0,0.0,0.0,0.0,0.576,0.0,261.88,315.66,0.0,-53.77,-53.77,10.17,16.79,0.0,1.38,54.55,751.0,0.0,0.0,0.0,4.44,0.0,0.0
2019-07-07 02:00:00,188,2.0,19,2630,1,0,2402.5,3,35.0,32.89,0.0,0.0,0.0,0.0,0.576,0.0,261.88,315.66,0.0,-53.77,-53.77,10.17,16.79,0.0,1.38,54.55,751.0,0.0,0.0,0.0,4.44,0.0,0.0
2019-07-07 02:00:00,188,2.0,20,2604,1,0,2402.5,3,35.0,33.57,0.0,0.0,0.0,0.0,0.5767,0.0,261.88,315.66,0.0,-53.77,-53.77,10.17,16.96,0.0,1.38,54.55,751.0,0.0,0.0,0.0,4.44,0.0,0.0
2019-07-07 02:00:00,188,2.0,21,2563,1,0,2402.5,3,35.0,34.64,0.0,0.0,0.0,0.0,0.5777,0.0,261.88,315.66,0.0,-53.77,-53.77,10.17,17.23,0.0,1.38,54.55,751.0,0.0,0.0,0.0,4.44,0.0,0.0
2019-07-07 02:00:00,188,2.0,22,2556,1,0,2402.5,3,35.0,34.82,0.0,0.0,0.0,0.0,0.5779,0.0,261.88,315.66,0.0,-53.77,-53.77,10.17,17.27,0.0,1.38,54.55,751.0,0.0,0.0,0.0,4.44,0.0,0.0
2019-07-07 02:00:00,188,2.0,23,2549,1,0,2402.5,3,35.0,35.0,0.0,0.0,0.0,0.0,0.5781,0.0,261.88,315.66,0.0,-53.77,-53.77,10.17,17.32,0.0,1.38,54.55,751.0,0.0,0.0,0.0,4.44,0.0,0.0
2019-07-07 02:00:00,188,2.0,24,2549,1,0,2402.5,3,35.0,35.0,0.0,0.0,0.0,0.0,0.5781,0.0,261.88,315.66,0.0,-53.77,-53.77,10.17,17.32,0.0,1.38,54.55,751.0,0.0,0.0,0.0,4.44,0.0,0.0
2019-07-07 02:00:00,188,2.0,25,2524,1,0,2402.5,3,35.0,35.65,0.0,0.0,0.0,0.0,0.5787,0.0,261.88,315.66,0.0,-53.77,-53.77,10.17,17.48,0.0,1.38,54.55,751.0,0.0,0.0,0.0,4.44,0.0,0.0
2019-07-07 02:00:00,188,2.0,26,2502,1,0,2402.5,3,35.0,36.22,0.0,0.0,0.0,0.0,0.5792,0.0,261.88,315.66,0.0,-53.77,-53.77,10.17,17.62,0.0,1.38,54.55,751.0,0.0,0.0,0.0,4.44,0.0,0.0
2019-07-07 02:00:00,188,2.0,27,2502,1,0,2402.5,3,35.0,36.22,0.0,0.0,0.0,0.0,0.5792,0.0,261.88,315.66,0.0,-53.77,-53.77,10.17,17.62,0.0,1.38,54.55,751.0,0.0,0.0,0.0,4.44,0.0,0.0
2019-07-07 02:00:00,188,2.0,28,2477,1,0,2402.5,3,35.0,36.87,0.0,0.0,0.0,0.0,0.5799,0.0,261.88,315.66,0.0,-53.77,-53.77,10.17,17.79,0.0,1.38,54.55,751.0,0.0,0.0,0.0,4.44,0.0,0.0
2019-07-07 02:00:00,188,2.0,29,2477,1,0,2402.5,3,35.0,36.87,0.0,0.0,0.0,0.0,0.5799,0.0,261.88,315.66,0.0,-53.77,-53.77,10.17,17.79,0.0,1.38,54.55,751.0,0.0,0.0,0.0,4.44,0.0,0.0
2019-07-07 02:00:00,188,2.0,30,2440,1,0,2402.5,3,35.0,37.83,0.0,0.0,0.0,0.0,0.5808,0.0,261.88,315.66,0.0,-53.77,-53.77,10.17,18.03,0.0,1.38,54.55,751.0,0.0,0.0,0.0,4.44,0.0,0.0
2019-07-07 02:00:00,188,2.0,31,2620,1,0,2402.5,3,35.0,33.15,0.0,0.0,0.0,0.0,0.5763,0.0,261.88,315.66,0.0,-53.77,-53.77,10.17,16.86,0.0,1.38,54.55,751.0,0.0,0.0,0.0,4.44,0.0,0.0
2019-07-07 02:00:00,188,2.0,32,2576,1,0,2402.5,3,35.0,34.3,0.0,0.0,0.0,0.0,0.5774,0.0,261.88,315.66,0.0,-53.77,-53.77,10.17,17.14,0.0,1.38,54.55,751.0,0.0,0.0,0.0,4.44,0.0,0.0
2019-07-07 02:00:00,188,2.0,33,2576,1,0,2402.5,3,35.0,34.3,0.0,0.0,0.0,0.0,0.5774,0.0,261.88,315.66,0.0,-53.77,-53.77,10.17,17.14,0.0,1.38,54.55,751.0,0.0,0.0,0.0,4.44,0.0,0.0
2019-07-07 02:00:00,188,2.0,34,2576,1,0,2402.5,3,35.0,34.3,0.0,0.0,0.0,0.0,0.5774,0.0,261.88,315.66,0.0,-53.77,-53.77,10.17,17.14,0.0,1.38,54.55,751.0,0.0,0.0,0.0,4.44,0.0,0.0
2019-07-07 02:00:00,188,2.0,35,2556,1,0,2402.5,3,35.0,34.82,0.0,0.0,0.0,0.0,0.5779,0.0,261.88,315.66,0.0,-53.77,-53.77,10.17,17.27,0.0,1.38,54.55,751.0,0.0,0.0,0.0,4.44,0.0,0.0
2019-07-07 02:00:00,188,2.0,36,2533,1,0,2402.5,3,35.0,35.42,0.0,0.0,0.0,0.0,0.5785,0.0,261.88,315.66,0.0,-53.77,-53.77,10.17,17.42,0.0,1.38,54.55,751.0,0.0,0.0,0.0,4.44,0.0,0.0
2019-07-07 02:00:00,188,2.0,37,2532,1,0,2402.5,3,35.0,35.44,0.0,0.0,0.0,0.0,0.5785,0.0,261.88,315.66,0.0,-53.77,-53.77,10.17,17.43,0.0,1.38,54.55,751.0,0.0,0.0,0.0,4.44,0.0,0.0
2019-07-07 02:00:00,188,2.0,38,2534,1,0,2402.5,3,35.0,35.39,0.0,0.0,0.0,0.0,0.5784,0.0,261.88,315.66,0.0,-53.77,-53.77,10.17,17.41,0.0,1.38,54.55,751.0,0.0,0.0,0.0,4.44,0.0,0.0
2019-07-07 02:00:00,188,2.0,39,2534,1,0,2402.5,3,35.0,35.39,0.0,0.0,0.0,0.0,0.5784,0.0,261.88,315.66,0.0,-53.77,-53.77,10.17,17.41,0.0,1.38,54.55,751.0,0.0,0.0,0.0,4.44,0.0,0.0
2019-07-07 02:00:00,188,2.0,40,2515,1,0,2402.5,3,35.0,35.88,0.0,0.0,0.0,0.0,0.5789,0.0,261.88,315.66,0.0,-53.77,-53.77,10.17,17.54,0.0,1.38,54.55,751.0,0.0,0.0,0.0,4.44,0.0,0.0
2019-07-07 02:00:00,188,2.0,41,2487,1,0,2402.5,3,35.0,36.61,0.0,0.0,0.0,0.0,0.5796,0.0,261.88,315.66,0.0,-53.77,-53.77,10.17,17.72,0.0,1.38,54.55,751.0,0.0,0.0,0.0,4.44,0.0,0.0
2019-07-07 02:00:00,188,2.0,42,2487,1,0,2402.5,3,35.0,36.61,0.0,0.0,0.0,0.0,0.5796,0.0,261.88,315.66,0.0,-53.77,-53.77,10.17,17.72,0.0,1.38,54.55,751.0,0.0,0.0,0.0,4.44,0.0,0.0
2019-07-07 02:00:00,188,2.0,43,2464,1,0,2402.5,3,35.0,37.21,0.0,0.0,0.0,0.0,0.5802,0.0,261.88,315.66,0.0,-53.77,-53.77,10.17,17.87,0.0,1.38,54.55,751.0,0.0,0.0,0.0,4.44,0.0,0.0
2019-07-07 02:00:00,188,2.0,44,2555,1,0,2402.5,3,35.0,34.84,0.0,0.0,0.0,0.0,0.5779,0.0,261.88,315.66,0.0,-53.77,-53.77,10.17,17.28,0.0,1.38,54.55,751.0,0.0,0.0,0.0,4.44,0.0,0.0
2019-07-07 02:00:00,188,2.0,45,2555,1,0,2402.5,3,35.0,34.84,0.0,0.0,0.0,0.0,0.5779,0.0,261.88,315.66,0.0,-53.77,-53.77,10.17,17.28,0.0,1.38,54.55,751.0,0.0,0.0,0.0,4.44,0.0,0.0
2019-07-07 02:00:00,188,2.0,46,2555,1,0,2402.5,3,35.0,34.84,0.0,0.0,0.0,0.0,0.5779,0.0,261.88,315.66,0.0,-53.77,-53.77,10.17,17.28,0.0,1.38,54.55,751.0,0.0,0.0,0.0,4.44,0.0,0.0
2019-07-07 02:00:00,188,2.0,47,2530,1,0,2402.5,3,35.0,35.49,0.0,0.0,0.0,0.0,0.5785,0.0,261.88,315.66,0.0,-53.77,-53.77,10.17,17.44,0.0,1.38,54.55,751.0,0.0,0.0,0.0,4.44,0.0,0.0
2019-07-07 02:00:00,188,2.0,48,2510,1,0,2402.5,3,35.0,36.01,0.0,0.0,0.0,0.0,0.579,0.0,261.88,315.66,0.0,-53.77,-53.77,10.17,17.57,0.0,1.38,54.55,751.0,0.0,0.0,0.0,4.44,0.0,0.0
2019-07-07 02:00:00,188,2.0,49,2534,1,0,2402.5,3,35.0,35.39,0.0,0.0,0.0,0.0,0.5784,0.0,261.88,315.66,0.0,-53.77,-53.77,10.17,17.41,0.0,1.38,54.55,751.0,0.0,0.0,0.0,4.44,0.0,0.0
2019-07-07 02:00:00,188,2.0,50,2531,1,0,2402.5,3,35.0,35.47,0.0,0.0,0.0,0.0,0.5785,0.0,261.88,315.66,0.0,-53.77,-53.77,10.17,17.43,0.0,1.38,54.55,751.0,0.0,0.0,0.0,4.44,0.0,0.0
2019-07-07 02:00:00,188,2.0,51,2531,1,0,2402.5,3,35.0,35.47,0.0,0.0,0.0,0.0,0.5785,0.0,261.88,315.66,0.0,-53.77,-53.77,10.17,17.43,0.0,1.38,54.55,751.0,0.0,0.0,0.0,4.44,0.0,0.0
2019-07-07 02:00:00,188,2.0,52,2531,1,0,2402.5,3,35.0,35.47,0.0,0.0,0.0,0.0,0.5785,0.0,261.88,315.66,0.0,-53.77,-53.77,10.17,17.43,0.0,1.38,54.55,751.0,0.0,0.0,0.0,4.44,0.0,0.0
2019-07-07 02:00:00,188,2.0,53,2507,1,0,2402.5,3,35.0,36.09,0.0,0.0,0.0,0.0,0.5791,0.0,261.88,315.66,0.0,-53.77,-53.77,10.17,17.59,0.0,1.38,54.55,751.0,0.0,0.0,0.0,4.44,0.0,0.0
2019-07-07 02:00:00,188,2.0,54,2494,1,0,2402.5,3,35.0,36.43,0.0,0.0,0.0,0.0,0.5795,0.0,261.88,315.66,0.0,-53.77,-53.77,10.17,17.67,0.0,1.38,54.55,751.0,0.0,0.0,0.0,4.44,0.0,0.0
2019-07-07 02:00:00,188,2.0,55,2531,1,0,2402.5,3,35.0,35.47,0.0,0.0,0.0,0.0,0.5785,0.0,261.88,315.66,0.0,-53.77,-53.77,10.17,17.43,0.0,1.38,54.55,751.0,0.0,0.0,0.0,4.44,0.0,0.0
2019-07-07 02:00:00,188,2.0,56,2531,1,0,2402.5,3,35.0,35.47,0.0,0.0,0.0,0.0,0.5785,0.0,261.88,315.66,0.0,-53.77,-53.77,10.17,17.43,0.0,1.38,54.55,751.0,0.0,0.0,0.0,4.44,0.0,0.0
2019-07-07 02:00:00,188,2.0,57,2507,1,0,2402.5,3,35.0,36.09,0.0,0.0,0.0,0.0,0.5791,0.0,261.88,315.66,0.0,-53.77,-53.77,10.17,17.59,0.0,1.38,54.55,751.0,0.0,0.0,0.0,4.44,0.0,0.0
2019-07-07 02:00:00,188,2.0,58,2494,1,0,2402.5,3,35.0,36.43,0.0,0.0,0.0,0.0,0.5795,0.0,261.88,315.66,0.0,-53.77,-53.77,10.17,17.67,0.0,1.38,54.55,751.0,0.0,0.0,0.0,4.44,0.0,0.0
2019-07-07 02:00:00,188,2.0,59,2506,1,0,2402.5,3,35.0,36.12,0.0,0.0,0.0,0.0,0.5791,0.0,261.88,315.66,0.0,-53.77,-53.77,10.17,17.6,0.0,1.38,54.55,751.0,0.0,0.0,0.0,4.44,0.0,0.0
2019-07-07 02:00:00,188,2.0,60,2506,1,0,2402.5,3,35.0,36.12,0.0,0.0,0.0,0.0,0.5791,0.0,261.88,315.66,0.0,-53.77,-53.77,10.17,17.6,0.0,1.38,54.55,751.0,0.0,0.0,0.0,4.44,0.0,0.0
2019-07-07 02:00:00,188,2.0,61,2485,1,0,2402.5,3,35.0,36.66,0.0,0.0,0.0,0.0,0.5797,0.0,261.88,315.66,0.0,-53.77,-53.77,10.17,17.73,0.0,1.38,54.55,751.0,0.0,0.0,0.0,4.44,0.0,0.0
2019-07-07 02:00:00,188,2.0,62,2469,1,0,2402.5,3,35.0,37.08,0.0,0.0,0.0,0.0,0.5801,0.0,261.88,315.66,0.0,-53.77,-53.77,10.17,17.84,0.0,1.38,54.55,751.0,0.0,0.0,0.0,4.44,0.0,0.0
2019-07-07 02:00:00,188,2.0,63,2506,1,0,2402.5,3,35.0,36.12,0.0,0.0,0.0,0.0,0.5791,0.0,261.88,315.66,0.0,-53.77,-53.77,10.17,17.6,0.0,1.38,54.55,751.0,0.0,0.0,0.0,4.44,0.0,0.0
2019-07-07 02:00:00,188,2.0,64,2506,1,0,2402.5,3,35.0,36.12,0.0,0.0,0.0,0.0,0.5791,0.0,261.88,315.66,0.0,-53.77,-53.77,10.17,17.6,0.0,1.38,54.55,751.0,0.0,0.0,0.0,4.44,0.0,0.0
2019-07-07 02:00:00,188,2.0,65,2506,1,0,2402.5,3,35.0,36.12,0.0,0.0,0.0,0.0,0.5791,0.0,261.88,315.66,0.0,-53.77,-53.77,10.17,17.6,0.0,1.38,54.55,751.0,0.0,0.0,0.0,4.44,0.0,0.0
2019-07-07 02:00:00,188,2.0,66,2485,1,0,2402.5,3,35.0,36.66,0.0,0.0,0.0,0.0,0.5797,0.0,261.88,315.66,0.0,-53.77,-53.77,10.17,17.73,0.0,1.38,54.55,751.0,0.0,0.0,0.0,4.44,0.0,0.0
2019-07-07 02:00:00,188,2.0,67,2455,1,0,2402.5,3,35.0,37.44,0.0,0.0,0.0,0.0,0.5804,0.0,261.88,315.66,0.0,-53.77,-53.77,10.17,17.93,0.0,1.38,54.55,751.0,0.0,0.0,0.0,4.44,0.0,0.0
2019-07-07 02:00:00,188,2.0,68,2489,1,0,2402.5,3,35.0,36.56,0.0,0.0,0.0,0.0,0.5796,0.0,261.88,315.66,0.0,-53.77,-53.77,10.17,17.71,0.0,1.38,54.55,751.0,0.0,0.0,0.0,4.44,0.0,0.0
2019-07-07 02:00:00,188,2.0,69,2489,1,0,2402.5,3,35.0,36.56,0.0,0.0,0.0,0.0,0.5796,0.0,261.88,315.66,0.0,-53.77,-53.77,10.17,17.71,0.0,1.38,54.55,751.0,0.0,0.0,0.0,4.44,0.0,0.0
2019-07-07 02:00:00,188,2.0,70,2489,1,0,2402.5,3,35.0,36.56,0.0,0.0,0.0,0.0,0.5796,0.0,261.88,315.66,0.0,-53.77,-53.77,10.17,17.71,0.0,1.38,54.55,751.0,0.0,0.0,0.0,4.44,0.0,0.0
2019-07-07 02:00:00,188,2.0,71,2477,1,0,2402.5,3,35.0,36.87,0.0,0.0,0.0,0.0,0.5799,0.0,261.88,315.66,0.0,-53.77,-53.77,10.17,17.79,0.0,1.38,54.55,751.0,0.0,0.0,0.0,4.44,0.0,0.0
2019-07-07 02:00:00,188,2.0,72,2455,1,0,2402.5,3,35.0,37.44,0.0,0.0,0.0,0.0,0.5804,0.0,261.88,315.66,0.0,-53.77,-53.77,10.17,17.93,0.0,1.38,54.55,751.0,0.0,0.0,0.0,4.44,0.0,0.0
2019-07-07 02:00:00,188,2.0,73,2485,1,0,2402.5,3,35.0,36.66,0.0,0.0,0.0,0.0,0.5797,0.0,261.88,315.66,0.0,-53.77,-53.77,10.17,17.73,0.0,1.38,54.55,751.0,0.0,0.0,0.0,4.44,0.0,0.0
2019-07-07 02:00:00,188,2.0,74,2485,1,0,2402.5,3,35.0,36.66,0.0,0.0,0.0,0.0,0.5797,0.0,261.88,315.66,0.0,-53.77,-53.77,10.17,17.73,0.0,1.38,54.55,751.0,0.0,0.0,0.0,4.44,0.0,0.0
2019-07-07 02:00:00,188,2.0,75,2485,1,0,2402.5,3,35.0,36.66,0.0,0.0,0.0,0.0,0.5797,0.0,261.88,315.66,0.0,-53.77,-53.77,10.17,17.73,0.0,1.38,54.55,751.0,0.0,0.0,0.0,4.44,0.0,0.0
2019-07-07 02:00:00,188,2.0,76,2466,1,0,2402.5,3,35.0,37.16,0.0,0.0,0.0,0.0,0.5802,0.0,261.88,315.66,0.0,-53.77,-53.77,10.17,17.86,0.0,1.38,54.55,751.0,0.0,0.0,0.0,4.44,0.0,0.0
2019-07-07 02:00:00,188,2.0,77,2445,1,0,2402.5,3,35.0,37.7,0.0,0.0,0.0,0.0,0.5807,0.0,261.88,315.66,0.0,-53.77,-53.77,10.17,17.99,0.0,1.38,54.55,751.0,0.0,0.0,0.0,4.44,0.0,0.0
2019-07-07 02:00:00,188,2.0,78,2478,1,0,2402.5,3,35.0,36.85,0.0,0.0,0.0,0.0,0.5799,0.0,261.88,315.66,0.0,-53.77,-53.77,10.17,17.78,0.0,1.38,54.55,751.0,0.0,0.0,0.0,4.44,0.0,0.0
2019-07-07 02:00:00,188,2.0,79,2478,1,0,2402.5,3,35.0,36.85,0.0,0.0,0.0,0.0,0.5799,0.0,261.88,315.66,0.0,-53.77,-53.77,10.17,17.78,0.0,1.38,54.55,751.0,0.0,0.0,0.0,4.44,0.0,0.0
2019-07-07 02:00:00,188,2.0,80,2449,1,0,2402.5,3,35.0,37.6,0.0,0.0,0.0,0.0,0.5806,0.0,261.88,315.66,0.0,-53.77,-53.77,10.17,17.97,0.0,1.38,54.55,751.0,0.0,0.0,0.0,4.44,0.0,0.0
2019-07-07 02:00:00,188,2.0,81,2412,1,0,2402.5,3,35.0,38.56,0.0,0.0,0.0,0.0,0.5815,0.0,261.88,315.66,0.0,-53.77,-53.77,10.17,18.21,0.0,1.38,54.55,751.0,0.0,0.0,0.0,4.44,0.0,0.0
2019-07-07 02:00:00,188,2.0,82,2443,1,0,2402.5,3,35.0,37.76,0.0,0.0,0.0,0.0,0.5807,0.0,261.88,315.66,0.0,-53.77,-53.77,10.17,18.01,0.0,1.38,54.55,751.0,0.0,0.0,0.0,4.44,0.0,0.0
2019-07-07 02:00:00,188,2.0,83,2474,1,0,2402.5,3,35.0,36.95,0.0,0.0,0.0,0.0,0.58,0.0,261.88,315.66,0.0,-53.77,-53.77,10.17,17.8,0.0,1.38,54.55,751.0,0.0,0.0,0.0,4.44,0.0,0.0
2019-07-07 02:00:00,188,2.0,84,2474,1,0,2402.5,3,35.0,36.95,0.0,0.0,0.0,0.0,0.58,0.0,261.88,315.66,0.0,-53.77,-53.77,10.17,17.8,0.0,1.38,54.55,751.0,0.0,0.0,0.0,4.44,0.0,0.0
2019-07-07 02:00:00,188,2.0,85,2436,1,0,2402.5,3,35.0,37.94,0.0,0.0,0.0,0.0,0.5809,0.0,261.88,315.66,0.0,-53.77,-53.77,10.17,18.05,0.0,1.38,54.55,751.0,0.0,0.0,0.0,4.44,0.0,0.0
2019-07-07 02:00:00,188,2.0,86,2397,0,0,2402.5,3,35.0,38.95,0.0,0.0,0.0,0.0,0.2445,0.0,261.88,315.66,0.0,-53.77,-53.77,10.17,18.3,0.0,1.38,54.55,751.0,0.0,0.0,0.0,24.44,0.0,0.0
2019-07-07 02:00:00,188,2.0,87,2415,1,0,2402.5,3,35.0,38.48,0.0,0.0,0.0,0.0,0.5815,0.0,261.88,315.66,0.0,-53.77,-53.77,10.17,18.19,0.0,1.38,54.55,751.0,0.0,0.0,0.0,4.44,0.0,0.0
2019-07-07 02:00:00,188,2.0,88,2476,1,0,2402.5,3,35.0,36.9,0.0,0.0,0.0,0.0,0.5799,0.0,261.88,315.66,0.0,-53.77,-53.77,10.17,17.79,0.0,1.38,54.55,751.0,0.0,0.0,0.0,4.44,0.0,0.0
2019-07-07 02:00:00,188,2.0,89,2428,1,0,2402.5,3,35.0,38.15,0.0,0.0,0.0,0.0,0.5811,0.0,261.88,315.66,0.0,-53.77,-53.77,10.17,18.1,0.0,1.38,54.55,751.0,0.0,0.0,0.0,4.44,0.0,0.0
2019-07-07 02:00:00,188,2.0,90,2377,0,0,2402.5,3,35.0,39.47,0.0,0.0,0.0,0.0,0.245,0.0,261.88,315.66,0.0,-53.77,-53.77,10.17,18.43,0.0,1.38,54.55,751.0,0.0,0.0,0.0,24.44,0.0,0.0
2019-07-07 02:00:00,188,2.0,91,2378,0,0,2402.5,3,35.0,39.45,0.0,0.0,0.0,0.0,0.2449,0.0,261.88,315.66,0.0,-53.77,-53.77,10.17,18.43,0.0,1.38,54.55,751.0,0.0,0.0,0.0,24.44,0.0,0.0
2019-07-07 02:00:00,188,2.0,92,2496,1,0,2402.5,3,35.0,36.38,0.0,0.0,0.0,0.0,0.5794,0.0,261.88,315.66,0.0,-53.77,-53.77,10.17,17.66,0.0,1.38,54.55,751.0,0.0,0.0,0.0,4.44,0.0,0.0
2019-07-07 02:00:00,188,2.0,93,2423,1,0,2402.5,3,35.0,38.28,0.0,0.0,0.0,0.0,0.5813,0.0,261.88,315.66,0.0,-53.77,-53.77,10.17,18.14,0.0,1.38,54.55,751.0,0.0,0.0,0.0,4.44,0.0,0.0
2019-07-07 02:00:00,188,2.0,95,2372,0,0,2402.5,3,35.0,39.6,0.0,0.0,0.0,0.0,0.2451,0.0,261.88,315.66,0.0,-53.77,-53.77,10.17,18.47,0.0,1.38,54.55,751.0,0.0,0.0,0.0,24.44,0.0,0.0
2019-07-07 02:00:00,188,2.0,97,2358,0,0,2402.5,3,35.0,39.97,0.0,0.0,0.0,0.0,0.2454,0.0,261.88,315.66,0.0,-53.77,-53.77,10.17,18.56,0.0,1.38,54.55,751.0,0.0,0.0,0.0,24.44,0.0,0.0
2019-07-07 02:00:00,188,2.0,98,2554,1,0,2402.5,3,35.0,34.87,0.0,0.0,0.0,0.0,0.5779,0.0,261.88,315.66,0.0,-53.77,-53.77,10.17,17.28,0.0,1.38,54.55,751.0,0.0,0.0,0.0,4.44,0.0,0.0
2019-07-07 02:00:00,188,2.0,99,2451,1,0,2402.5,3,35.0,37.55,0.0,0.0,0.0,0.0,0.5805,0.0,261.88,315.66,0.0,-53.77,-53.77,10.17,17.95,0.0,1.38,54.55,751.0,0.0,0.0,0.0,4.44,0.0,0.0
2019-07-07 02:00:00,188,2.0,100,2361,0,0,2402.5,3,35.0,39.89,0.0,0.0,0.0,0.0,0.2454,0.0,261.88,315.66,0.0,-53.77,-53.77,10.17,18.54,0.0,1.38,54.55,751.0,0.0,0.0,0.0,24.44,0.0,0.0
2019-07-07 02:30:00,188,2.5,94,2563,1,0,2402.5,3,35.0,34.64,0.0,0.0,0.0,0.0,0.5777,0.0,260.01,315.66,0.0,-55.65,-55.65,9.47,17.23,0.0,1.66,55.71,751.12,0.0,0.0,0.0,4.44,0.0,0.0
2019-07-07 02:30:00,188,2.5,96,2549,1,0,2402.5,3,35.0,35.0,0.0,0.0,0.0,0.0,0.5781,0.0,260.01,315.66,0.0,-55.65,-55.65,9.47,17.32,0.0,1.66,55.71,751.12,0.0,0.0,0.0,4.44,0.0,0.0
2019-07-07 02:30:00,188,2.5,1,2612,1,0,2402.5,3,35.0,33.36,0.0,0.0,0.0,0.0,0.5765,0.0,260.01,315.66,0.0,-55.65,-55.65,9.47,16.91,0.0,1.66,55.71,751.12,0.0,0.0,0.0,4.44,0.0,0.0
2019-07-07 02:30:00,188,2.5,2,2612,1,0,2402.5,3,35.0,33.36,0.0,0.0,0.0,0.0,0.5765,0.0,260.01,315.66,0.0,-55.65,-55.65,9.47,16.91,0.0,1.66,55.71,751.12,0.0,0.0,0.0,4.44,0.0,0.0
2019-07-07 02:30:00,188,2.5,3,2610,1,0,2402.5,3,35.0,33.41,0.0,0.0,0.0,0.0,0.5765,0.0,260.01,315.66,0.0,-55.65,-55.65,9.47,16.92,0.0,1.66,55.71,751.12,0.0,0.0,0.0,4.44,0.0,0.0
2019-07-07 02:30:00,188,2.5,4,2583,1,0,2402.5,3,35.0,34.12,0.0,0.0,0.0,0.0,0.5772,0.0,260.01,315.66,0.0,-55.65,-55.65,9.47,17.1,0.0,1.66,55.71,751.12,0.0,0.0,0.0,4.44,0.0,0.0
2019-07-07 02:30:00,188,2.5,5,2583,1,0,2402.5,3,35.0,34.12,0.0,0.0,0.0,0.0,0.5772,0.0,260.01,315.66,0.0,-55.65,-55.65,9.47,17.1,0.0,1.66,55.71,751.12,0.0,0.0,0.0,4.44,0.0,0.0
2019-07-07 02:30:00,188,2.5,6,2546,1,0,2402.5,3,35.0,35.08,0.0,0.0,0.0,0.0,0.5781,0.0,260.01,315.66,0.0,-55.65,-55.65,9.47,17.34,0.0,1.66,55.71,751.12,0.0,0.0,0.0,4.44,0.0,0.0
2019-07-07 02:30:00,188,2.5,7,2546,1,0,2402.5,3,35.0,35.08,0.0,0.0,0.0,0.0,0.5781,0.0,260.01,315.66,0.0,-55.65,-55.65,9.47,17.34,0.0,1.66,55.71,751.12,0.0,0.0,0.0,4.44,0.0,0.0
2019-07-07 02:30:00,188,2.5,8,2639,1,0,2402.5,3,35.0,32.66,0.0,0.0,0.0,0.0,0.5758,0.0,260.01,315.66,0.0,-55.65,-55.65,9.47,16.73,0.0,1.66,55.71,751.12,0.0,0.0,0.0,4.44,0.0,0.0
2019-07-07 02:30:00,188,2.5,9,2610,1,0,2402.5,3,35.0,33.41,0.0,0.0,0.0,0.0,0.5765,0.0,260.01,315.66,0.0,-55.65,-55.65,9.47,16.92,0.0,1.66,55.71,751.12,0.0,0.0,0.0,4.44,0.0,0.0
2019-07-07 02:30:00,188,2.5,10,2579,1,0,2402.5,3,35.0,34.22,0.0,0.0,0.0,0.0,0.5773,0.0,260.01,315.66,0.0,-55.65,-55.65,9.47,17.12,0.0,1.66,55.71,751.12,0.0,0.0,0.0,4.44,0.0,0.0
2019-07-07 02:30:00,188,2.5,11,2579,1,0,2402.5,3,35.0,34.22,0.0,0.0,0.0,0.0,0.5773,0.0,260.01,315.66,0.0,-55.65,-55.65,9.47,17.12,0.0,1.66,55.71,751.12,0.0,0.0,0.0,4.44,0.0,0.0
2019-07-07 02:30:00,188,2.5,12,2546,1,0,2402.5,3,35.0,35.08,0.0,0.0,0.0,0.0,0.5781,0.0,260.01,315.66,0.0,-55.65,-55.65,9.47,17.34,0.0,1.66,55.71,751.12,0.0,0.0,0.0,4.44,0.0,0.0
2019-07-07 02:30:00,188,2.5,13,2530,1,0,2402.5,3,35.0,35.49,0.0,0.0,0.0,0.0,0.5785,0.0,260.01,315.66,0.0,-55.65,-55.65,9.47,17.44,0.0,1.66,55.71,751.12,0.0,0.0,0.0,4.44,0.0,0.0
2019-07-07 02:30:00,188,2.5,14,2530,1,0,2402.5,3,35.0,35.49,0.0,0.0,0.0,0.0,0.5785,0.0,260.01,315.66,0.0,-55.65,-55.65,9.47,17.44,0.0,1.66,55.71,751.12,0.0,0.0,0.0,4.44,0.0,0.0
2019-07-07 02:30:00,188,2.5,15,2494,1,0,2402.5,3,35.0,36.43,0.0,0.0,0.0,0.0,0.5795,0.0,260.01,315.66,0.0,-55.65,-55.65,9.47,17.67,0.0,1.66,55.71,751.12,0.0,0.0,0.0,4.44,0.0,0.0
2019-07-07 02:30:00,188,2.5,16,2494,1,0,2402.5,3,35.0,36.43,0.0,0.0,0.0,0.0,0.5795,0.0,260.01,315.66,0.0,-55.65,-55.65,9.47,17.67,0.0,1.66,55.71,751.12,0.0,0.0,0.0,4.44,0.0,0.0
2019-07-07 02:30:00,188,2.5,17,2462,1,0,2402.5,3,35.0,37.26,0.0,0.0,0.0,0.0,0.5803,0.0,260.01,315.66,0.0,-55.65,-55.65,9.47,17.88,0.0,1.66,55.71,751.12,0.0,0.0,0.0,4.44,0.0,0.0
2019-07-07 02:30:00,188,2.5,18,2630,1,0,2402.5,3,35.0,32.89,0.0,0.0,0.0,0.0,0.576,0.0,260.01,315.66,0.0,-55.65,-55.65,9.47,16.79,0.0,1.66,55.71,751.12,0.0,0.0,0.0,4.44,0.0,0.0
2019-07-07 02:30:00,188,2.5,19,2630,1,0,2402.5,3,35.0,32.89,0.0,0.0,0.0,0.0,0.576,0.0,260.01,315.66,0.0,-55.65,-55.65,9.47,16.79,0.0,1.66,55.71,751.12,0.0,0.0,0.0,4.44,0.0,0.0
2019-07-07 02:30:00,188,2.5,20,2604,1,0,2402.5,3,35.0,33.57,0.0,0.0,0.0,0.0,0.5767,0.0,260.01,315.66,0.0,-55.65,-55.65,9.47,16.96,0.0,1.66,55.71,751.12,0.0,0.0,0.0,4.44,0.0,0.0
2019-07-07 02:30:00,188,2.5,21,2563,1,0,2402.5,3,35.0,34.64,0.0,0.0,0.0,0.0,0.5777,0.0,260.01,315.66,0.0,-55.65,-55.65,9.47,17.23,0.0,1.66,55.71,751.12,0.0,0.0,0.0,4.44,0.0,0.0
2019-07-07 02:30:00,188,2.5,22,2556,1,0,2402.5,3,35.0,34.82,0.0,0.0,0.0,0.0,0.5779,0.0,260.01,315.66,0.0,-55.65,-55.65,9.47,17.27,0.0,1.66,55.71,751.12,0.0,0.0,0.0,4.44,0.0,0.0
2019-07-07 02:30:00,188,2.5,23,2549,1,0,2402.5,3,35.0,35.0,0.0,0.0,0.0,0.0,0.5781,0.0,260.01,315.66,0.0,-55.65,-55.65,9.47,17.32,0.0,1.66,55.71,751.12,0.0,0.0,0.0,4.44,0.0,0.0
2019-07-07 02:30:00,188,2.5,24,2549,1,0,2402.5,3,35.0,35.0,0.0,0.0,0.0,0.0,0.5781,0.0,260.01,315.66,0.0,-55.65,-55.65,9.47,17.32,0.0,1.66,55.71,751.12,0.0,0.0,0.0,4.44,0.0,0.0
2019-07-07 02:30:00,188,2.5,25,2524,1,0,2402.5,3,35.0,35.65,0.0,0.0,0.0,0.0,0.5787,0.0,260.01,315.66,0.0,-55.65,-55.65,9.47,17.48,0.0,1.66,55.71,751.12,0.0,0.0,0.0,4.44,0.0,0.0
2019-07-07 02:30:00,188,2.5,26,2502,1,0,2402.5,3,35.0,36.22,0.0,0.0,0.0,0.0,0.5792,0.0,260.01,315.66,0.0,-55.65,-55.65,9.47,17.62,0.0,1.66,55.71,751.12,0.0,0.0,0.0,4.44,0.0,0.0
2019-07-07 02:30:00,188,2.5,27,2502,1,0,2402.5,3,35.0,36.22,0.0,0.0,0.0,0.0,0.5792,0.0,260.01,315.66,0.0,-55.65,-55.65,9.47,17.62,0.0,1.66,55.71,751.12,0.0,0.0,0.0,4.44,0.0,0.0
2019-07-07 02:30:00,188,2.5,28,2477,1,0,2402.5,3,35.0,36.87,0.0,0.0,0.0,0.0,0.5799,0.0,260.01,315.66,0.0,-55.65,-55.65,9.47,17.79,0.0,1.66,55.71,751.12,0.0,0.0,0.0,4.44,0.0,0.0
2019-07-07 02:30:00,188,2.5,29,2477,1,0,2402.5,3,35.0,36.87,0.0,0.0,0.0,0.0,0.5799,0.0,260.01,315.66,0.0,-55.65,-55.65,9.47,17.79,0.0,1.66,55.71,751.12,0.0,0.0,0.0,4.44,0.0,0.0
2019-07-07 02:30:00,188,2.5,30,2440,1,0,2402.5,3,35.0,37.83,0.0,0.0,0.0,0.0,0.5808,0.0,260.01,315.66,0.0,-55.65,-55.65,9.47,18.03,0.0,1.66,55.71,751.12,0.0,0.0,0.0,4.44,0.0,0.0
2019-07-07 02:30:00,188,2.5,31,2620,1,0,2402.5,3,35.0,33.15,0.0,0.0,0.0,0.0,0.5763,0.0,260.01,315.66,0.0,-55.65,-55.65,9.47,16.86,0.0,1.66,55.71,751.12,0.0,0.0,0.0,4.44,0.0,0.0
2019-07-07 02:30:00,188,2.5,32,2576,1,0,2402.5,3,35.0,34.3,0.0,0.0,0.0,0.0,0.5774,0.0,260.01,315.66,0.0,-55.65,-55.65,9.47,17.14,0.0,1.66,55.71,751.12,0.0,0.0,0.0,4.44,0.0,0.0
2019-07-07 02:30:00,188,2.5,33,2576,1,0,2402.5,3,35.0,34.3,0.0,0.0,0.0,0.0,0.5774,0.0,260.01,315.66,0.0,-55.65,-55.65,9.47,17.14,0.0,1.66,55.71,751.12,0.0,0.0,0.0,4.44,0.0,0.0
2019-07-07 02:30:00,188,2.5,34,2576,1,0,2402.5,3,35.0,34.3,0.0,0.0,0.0,0.0,0.5774,0.0,260.01,315.66,0.0,-55.65,-55.65,9.47,17.14,0.0,1.66,55.71,751.12,0.0,0.0,0.0,4.44,0.0,0.0
2019-07-07 02:30:00,188,2.5,35,2556,1,0,2402.5,3,35.0,34.82,0.0,0.0,0.0,0.0,0.5779,0.0,260.01,315.66,0.0,-55.65,-55.65,9.47,17.27,0.0,1.66,55.71,751.12,0.0,0.0,0.0,4.44,0.0,0.0
2019-07-07 02:30:00,188,2.5,36,2533,1,0,2402.5,3,35.0,35.42,0.0,0.0,0.0,0.0,0.5785,0.0,260.01,315.66,0.0,-55.65,-55.65,9.47,17.42,0.0,1.66,55.71,751.12,0.0,0.0,0.0,4.44,0.0,0.0
2019-07-07 02:30:00,188,2.5,37,2532,1,0,2402.5,3,35.0,35.44,0.0,0.0,0.0,0.0,0.5785,0.0,260.01,315.66,0.0,-55.65,-55.65,9.47,17.43,0.0,1.66,55.71,751.12,0.0,0.0,0.0,4.44,0.0,0.0
2019-07-07 02:30:00,188,2.5,38,2534,1,0,2402.5,3,35.0,35.39,0.0,0.0,0.0,0.0,0.5784,0.0,260.01,315.66,0.0,-55.65,-55.65,9.47,17.41,0.0,1.66,55.71,751.12,0.0,0.0,0.0,4.44,0.0,0.0
2019-07-07 02:30:00,188,2.5,39,2534,1,0,2402.5,3,35.0,35.39,0.0,0.0,0.0,0.0,0.5784,0.0,260.01,315.66,0.0,-55.65,-55.65,9.47,17.41,0.0,1.66,55.71,751.12,0.0,0.0,0.0,4.44,0.0,0.0
2019-07-07 02:30:00,188,2.5,40,2515,1,0,2402.5,3,35.0,35.88,0.0,0.0,0.0,0.0,0.5789,0.0,260.01,315.66,0.0,-55.65,-55.65,9.47,17.54,0.0,1.66,55.71,751.12,0.0,0.0,0.0,4.44,0.0,0.0
2019-07-07 02:30:00,188,2.5,41,2487,1,0,2402.5,3,35.0,36.61,0.0,0.0,0.0,0.0,0.5796,0.0,260.01,315.66,0.0,-55.65,-55.65,9.47,17.72,0.0,1.66,55.71,751.12,0.0,0.0,0.0,4.44,0.0,0.0
2019-07-07 02:30:00,188,2.5,42,2487,1,0,2402.5,3,35.0,36.61,0.0,0.0,0.0,0.0,0.5796,0.0,260.01,315.66,0.0,-55.65,-55.65,9.47,17.72,0.0,1.66,55.71,751.12,0.0,0.0,0.0,4.44,0.0,0.0
2019-07-07 02:30:00,188,2.5,43,2464,1,0,2402.5,3,35.0,37.21,0.0,0.0,0.0,0.0,0.5802,0.0,260.01,315.66,0.0,-55.65,-55.65,9.47,17.87,0.0,1.66,55.71,751.12,0.0,0.0,0.0,4.44,0.0,0.0
2019-07-07 02:30:00,188,2.5,44,2555,1,0,2402.5,3,35.0,34.84,0.0,0.0,0.0,0.0,0.5779,0.0,260.01,315.66,0.0,-55.65,-55.65,9.47,17.28,0.0,1.66,55.71,751.12,0.0,0.0,0.0,4.44,0.0,0.0
2019-07-07 02:30:00,188,2.5,45,2555,1,0,2402.5,3,35.0,34.84,0.0,0.0,0.0,0.0,0.5779,0.0,260.01,315.66,0.0,-55.65,-55.65,9.47,17.28,0.0,1.66,55.71,751.12,0.0,0.0,0.0,4.44,0.0,0.0
2019-07-07 02:30:00,188,2.5,46,2555,1,0,2402.5,3,35.0,34.84,0.0,0.0,0.0,0.0,0.5779,0.0,260.01,315.66,0.0,-55.65,-55.65,9.47,17.28,0.0,1.66,55.71,751.12,0.0,0.0,0.0,4.44,0.0,0.0
2019-07-07 02:30:00,188,2.5,47,2530,1,0,2402.5,3,35.0,35.49,0.0,0.0,0.0,0.0,0.5785,0.0,260.01,315.66,0.0,-55.65,-55.65,9.47,17.44,0.0,1.66,55.71,751.12,0.0,0.0,0.0,4.44,0.0,0.0
2019-07-07 02:30:00,188,2.5,48,2510,1,0,2402.5,3,35.0,36.01,0.0,0.0,0.0,0.0,0.579,0.0,260.01,315.66,0.0,-55.65,-55.65,9.47,17.57,0.0,1.66,55.71,751.12,0.0,0.0,0.0,4.44,0.0,0.0
2019-07-07 02:30:00,188,2.5,49,2534,1,0,2402.5,3,35.0,35.39,0.0,0.0,0.0,0.0,0.5784,0.0,260.01,315.66,0.0,-55.65,-55.65,9.47,17.41,0.0,1.66,55.71,751.12,0.0,0.0,0.0,4.44,0.0,0.0
2019-07-07 02:30:00,188,2.5,50,2531,1,0,2402.5,3,35.0,35.47,0.0,0.0,0.0,0.0,0.5785,0.0,260.01,315.66,0.0,-55.65,-55.65,9.47,17.43,0.0,1.66,55.71,751.12,0.0,0.0,0.0,4.44,0.0,0.0
2019-07-07 02:30:00,188,2.5,51,2531,1,0,2402.5,3,35.0,35.47,0.0,0.0,0.0,0.0,0.5785,0.0,260.01,315.66,0.0,-55.65,-55.65,9.47,17.43,0.0,1.66,55.71,751.12,0.0,0.0,0.0,4.44,0.0,0.0
2019-07-07 02:30:00,188,2.5,52,2531,1,0,2402.5,3,35.0,35.47,0.0,0.0,0.0,0.0,0.5785,0.0,260.01,315.66,0.0,-55.65,-55.65,9.47,17.43,0.0,1.66,55.71,751.12,0.0,0.0,0.0,4.44,0.0,0.0
2019-07-07 02:30:00,188,2.5,53,2507,1,0,2402.5,3,35.0,36.09,0.0,0.0,0.0,0.0,0.5791,0.0,260.01,315.66,0.0,-55.65,-55.65,9.47,17.59,0.0,1.66,55.71,751.12,0.0,0.0,0.0,4.44,0.0,0.0
2019-07-07 02:30:00,188,2.5,54,2494,1,0,2402.5,3,35.0,36.43,0.0,0.0,0.0,0.0,0.5795,0.0,260.01,315.66,0.0,-55.65,-55.65,9.47,17.67,0.0,1.66,55.71,751.12,0.0,0.0,0.0,4.44,0.0,0.0
2019-07-07 02:30:00,188,2.5,55,2531,1,0,2402.5,3,35.0,35.47,0.0,0.0,0.0,0.0,0.5785,0.0,260.01,315.66,0.0,-55.65,-55.65,9.47,17.43,0.0,1.66,55.71,751.12,0.0,0.0,0.0,4.44,0.0,0.0
2019-07-07 02:30:00,188,2.5,56,2531,1,0,2402.5,3,35.0,35.47,0.0,0.0,0.0,0.0,0.5785,0.0,260.01,315.66,0.0,-55.65,-55.65,9.47,17.43,0.0,1.66,55.71,751.12,0.0,0.0,0.0,4.44,0.0,0.0
2019-07-07 02:30:00,188,2.5,57,2507,1,0,2402.5,3,35.0,36.09,0.0,0.0,0.0,0.0,0.5791,0.0,260.01,315.66,0.0,-55.65,-55.65,9.47,17.59,0.0,1.66,55.71,751.12,0.0,0.0,0.0,4.44,0.0,0.0
2019-07-07 02:30:00,188,2.5,58,2494,1,0,2402.5,3,35.0,36.43,0.0,0.0,0.0,0.0,0.5795,0.0,260.01,315.66,0.0,-55.65,-55.65,9.47,17.67,0.0,1.66,55.71,751.12,0.0,0.0,0.0,4.44,0.0,0.0
2019-07-07 02:30:00,188,2.5,59,2506,1,0,2402.5,3,35.0,36.12,0.0,0.0,0.0,0.0,0.5791,0.0,260.01,315.66,0.0,-55.65,-55.65,9.47,17.6,0.0,1.66,55.71,751.12,0.0,0.0,0.0,4.44,0.0,0.0
2019-07-07 02:30:00,188,2.5,60,2506,1,0,2402.5,3,35.0,36.12,0.0,0.0,0.0,0.0,0.5791,0.0,260.01,315.66,0.0,-55.65,-55.65,9.47,17.6,0.0,1.66,55.71,751.12,0.0,0.0,0.0,4.44,0.0,0.0
2019-07-07 02:30:00,188,2.5,61,2485,1,0,2402.5,3,35.0,36.66,0.0,0.0,0.0,0.0,0.5797,0.0,260.01,315.66,0.0,-55.65,-55.65,9.47,17.73,0.0,1.66,55.71,751.12,0.0,0.0,0.0,4.44,0.0,0.0
2019-07-07 02:30:00,188,2.5,62,2469,1,0,2402.5,3,35.0,37.08,0.0,0.0,0.0,0.0,0.5801,0.0,260.01,315.66,0.0,-55.65,-55.65,9.47,17.84,0.0,1.66,55.71,751.12,0.0,0.0,0.0,4.44,0.0,0.0
2019-07-07 02:30:00,188,2.5,63,2506,1,0,2402.5,3,35.0,36.12,0.0,0.0,0.0,0.0,0.5791,0.0,260.01,315.66,0.0,-55.65,-55.65,9.47,17.6,0.0,1.66,55.71,751.12,0.0,0.0,0.0,4.44,0.0,0.0
2019-07-07 02:30:00,188,2.5,64,2506,1,0,2402.5,3,35.0,36.12,0.0,0.0,0.0,0.0,0.5791,0.0,260.01,315.66,0.0,-55.65,-55.65,9.47,17.6,0.0,1.66,55.71,751.12,0.0,0.0,0.0,4.44,0.0,0.0
2019-07-07 02:30:00,188,2.5,65,2506,1,0,2402.5,3,35.0,36.12,0.0,0.0,0.0,0.0,0.5791,0.0,260.01,315.66,0.0,-55.65,-55.65,9.47,17.6,0.0,1.66,55.71,751.12,0.0,0.0,0.0,4.44,0.0,0.0
2019-07-07 02:30:00,188,2.5,66,2485,1,0,2402.5,3,35.0,36.66,0.0,0.0,0.0,0.0,0.5797,0.0,260.01,315.66,0.0,-55.65,-55.65,9.47,17.73,0.0,1.66,55.71,751.12,0.0,0.0,0.0,4.44,0.0,0.0
2019-07-07 02:30:00,188,2.5,67,2455,1,0,2402.5,3,35.0,37.44,0.0,0.0,0.0,0.0,0.5804,0.0,260.01,315.66,0.0,-55.65,-55.65,9.47,17.93,0.0,1.66,55.71,751.12,0.0,0.0,0.0,4.44,0.0,0.0
2019-07-07 02:30:00,188,2.5,68,2489,1,0,2402.5,3,35.0,36.56,0.0,0.0,0.0,0.0,0.5796,0.0,260.01,315.66,0.0,-55.65,-55.65,9.47,17.71,0.0,1.66,55.71,751.12,0.0,0.0,0.0,4.44,0.0,0.0
2019-07-07 02:30:00,188,2.5,69,2489,1,0,2402.5,3,35.0,36.56,0.0,0.0,0.0,0.0,0.5796,0.0,260.01,315.66,0.0,-55.65,-55.65,9.47,17.71,0.0,1.66,55.71,751.12,0.0,0.0,0.0,4.44,0.0,0.0
2019-07-07 02:30:00,188,2.5,70,2489,1,0,2402.5,3,35.0,36.56,0.0,0.0,0.0,0.0,0.5796,0.0,260.01,315.66,0.0,-55.65,-55.65,9.47,17.71,0.0,1.66,55.71,751.12,0.0,0.0,0.0,4.44,0.0,0.0
2019-07-07 02:30:00,188,2.5,71,2477,1,0,2402.5,3,35.0,36.87,0.0,0.0,0.0,0.0,0.5799,0.0,260.01,315.66,0.0,-55.65,-55.65,9.47,17.79,0.0,1.66,55.71,751.12,0.0,0.0,0.0,4.44,0.0,0.0
2019-07-07 02:30:00,188,2.5,72,2455,1,0,2402.5,3,35.0,37.44,0.0,0.0,0.0,0.0,0.5804,0.0,260.01,315.66,0.0,-55.65,-55.65,9.47,17.93,0.0,1.66,55.71,751.12,0.0,0.0,0.0,4.44,0.0,0.0
2019-07-07 02:30:00,188,2.5,73,2485,1,0,2402.5,3,35.0,36.66,0.0,0.0,0.0,0.0,0.5797,0.0,260.01,315.66,0.0,-55.65,-55.65,9.47,17.73,0.0,1.66,55.71,751.12,0.0,0.0,0.0,4.44,0.0,0.0
2019-07-07 02:30:00,188,2.5,74,2485,1,0,2402.5,3,35.0,36.66,0.0,0.0,0.0,0.0,0.5797,0.0,260.01,315.66,0.0,-55.65,-55.65,9.47,17.73,0.0,1.66,55.71,751.12,0.0,0.0,0.0,4.44,0.0,0.0
2019-07-07 02:30:00,188,2.5,75,2485,1,0,2402.5,3,35.0,36.66,0.0,0.0,0.0,0.0,0.5797,0.0,260.01,315.66,0.0,-55.65,-55.65,9.47,17.73,0.0,1.66,55.71,751.12,0.0,0.0,0.0,4.44,0.0,0.0
2019-07-07 02:30:00,188,2.5,76,2466,1,0,2402.5,3,35.0,37.16,0.0,0.0,0.0,0.0,0.5802,0.0,260.01,315.66,0.0,-55.65,-55.65,9.47,17.86,0.0,1.66,55.71,751.12,0.0,0.0,0.0,4.44,0.0,0.0
2019-07-07 02:30:00,188,2.5,77,2445,1,0,2402.5,3,35.0,37.7,0.0,0.0,0.0,0.0,0.5807,0.0,260.01,315.66,0.0,-55.65,-55.65,9.47,17.99,0.0,1.66,55.71,751.12,0.0,0.0,0.0,4.44,0.0,0.0
2019-07-07 02:30:00,188,2.5,78,2478,1,0,2402.5,3,35.0,36.85,0.0,0.0,0.0,0.0,0.5799,0.0,260.01,315.66,0.0,-55.65,-55.65,9.47,17.78,0.0,1.66,55.71,751.12,0.0,0.0,0.0,4.44,0.0,0.0
2019-07-07 02:30:00,188,2.5,79,2478,1,0,2402.5,3,35.0,36.85,0.0,0.0,0.0,0.0,0.5799,0.0,260.01,315.66,0.0,-55.65,-55.65,9.47,17.78,0.0,1.66,55.71,751.12,0.0,0.0,0.0,4.44,0.0,0.0
2019-07-07 02:30:00,188,2.5,80,2449,1,0,2402.5,3,35.0,37.6,0.0,0.0,0.0,0.0,0.5806,0.0,260.01,315.66,0.0,-55.65,-55.65,9.47,17.97,0.0,1.66,55.71,751.12,0.0,0.0,0.0,4.44,0.0,0.0
2019-07-07 02:30:00,188,2.5,81,2412,1,0,2402.5,3,35.0,38.56,0.0,0.0,0.0,0.0,0.5815,0.0,260.01,315.66,0.0,-55.65,-55.65,9.47,18.21,0.0,1.66,55.71,751.12,0.0,0.0,0.0,4.44,0.0,0.0
2019-07-07 02:30:00,188,2.5,82,2443,1,0,2402.5,3,35.0,37.76,0.0,0.0,0.0,0.0,0.5807,0.0,260.01,315.66,0.0,-55.65,-55.65,9.47,18.01,0.0,1.66,55.71,751.12,0.0,0.0,0.0,4.44,0.0,0.0
2019-07-07 02:30:00,188,2.5,83,2474,1,0,2402.5,3,35.0,36.95,0.0,0.0,0.0,0.0,0.58,0.0,260.01,315.66,0.0,-55.65,-55.65,9.47,17.8,0.0,1.66,55.71,751.12,0.0,0.0,0.0,4.44,0.0,0.0
2019-07-07 02:30:00,188,2.5,84,2474,1,0,2402.5,3,35.0,36.95,0.0,0.0,0.0,0.0,0.58,0.0,260.01,315.66,0.0,-55.65,-55.65,9.47,17.8,0.0,1.66,55.71,751.12,0.0,0.0,0.0,4.44,0.0,0.0
2019-07-07 02:30:00,188,2.5,85,2436,1,0,2402.5,3,35.0,37.94,0.0,0.0,0.0,0.0,0.5809,0.0,260.01,315.66,0.0,-55.65,-55.65,9.47,18.05,0.0,1.66,55.71,751.12,0.0,0.0,0.0,4.44,0.0,0.0
2019-07-07 02:30:00,188,2.5,86,2397,0,0,2402.5,3,35.0,38.95,0.0,0.0,0.0,0.0,0.2445,0.0,260.01,315.66,0.0,-55.65,-55.65,9.47,18.3,0.0,1.66,55.71,751.12,0.0,0.0,0.0,24.44,0.0,0.0
2019-07-07 02:30:00,188,2.5,87,2415,1,0,2402.5,3,35.0,38.48,0.0,0.0,0.0,0.0,0.5815,0.0,260.01,315.66,0.0,-55.65,-55.65,9.47,18.19,0.0,1.66,55.71,751.12,0.0,0.0,0.0,4.44,0.0,0.0
2019-07-07 02:30:00,188,2.5,88,2476,1,0,2402.5,3,35.0,36.9,0.0,0.0,0.0,0.0,0.5799,0.0,260.01,315.66,0.0,-55.65,-55.65,9.47,17.79,0.0,1.66,55.71,751.12,0.0,0.0,0.0,4.44,0.0,0.0
2019-07-07 02:30:00,188,2.5,89,2428,1,0,2402.5,3,35.0,38.15,0.0,0.0,0.0,0.0,0.5811,0.0,260.01,315.66,0.0,-55.65,-55.65,9.47,18.1,0.0,1.66,55.71,751.12,0.0,0.0,0.0,4.44,0.0,0.0
2019-07-07 02:30:00,188,2.5,90,2377,0,0,2402.5,3,35.0,39.47,0.0,0.0,0.0,0.0,0.245,0.0,260.01,315.66,0.0,-55.65,-55.65,9.47,18.43,0.0,1.66,55.71,751.12,0.0,0.0,0.0,24.44,0.0,0.0
2019-07-07 02:30:00,188,2.5,91,2378,0,0,2402.5,3,35.0,39.45,0.0,0.0,0.0,0.0,0.2449,0.0,260.01,315.66,0.0,-55.65,-55.65,9.47,18.43,0.0,1.66,55.71,751.12,0.0,0.0,0.0,24.44,0.0,0.0
2019-07-07 02:30:00,188,2.5,92,2496,1,0,2402.5,3,35.0,36.38,0.0,0.0,0.0,0.0,0.5794,0.0,260.01,315.66,0.0,-55.65,-55.65,9.47,17.66,0.0,1.66,55.71,751.12,0.0,0.0,0.0,4.44,0.0,0.0
2019-07-07 02:30:00,188,2.5,93,2423,1,0,2402.5,3,35.0,38.28,0.0,0.0,0.0,0.0,0.5813,0.0,260.01,315.66,0.0,-55.65,-55.65,9.47,18.14,0.0,1.66,55.71,751.12,0.0,0.0,0.0,4.44,0.0,0.0
2019-07-07 02:30:00,188,2.5,95,2372,0,0,2402.5,3,35.0,39.6,0.0,0.0,0.0,0.0,0.2451,0.0,260.01,315.66,0.0,-55.65,-55.65,9.47,18.47,0.0,1.66,55.71,751.12,0.0,0.0,0.0,24.44,0.0,0.0
2019-07-07 02:30:00,188,2.5,97,2358,0,0,2402.5,3,35.0,39.97,0.0,0.0,0.0,0.0,0.2454,0.0,260.01,315.66,0.0,-55.65,-55.65,9.47,18.56,0.0,1.66,55.71,751.12,0.0,0.0,0.0,24.44,0.0,0.0
2019-07-07 02:30:00,188,2.5,98,2554,1,0,2402.5,3,35.0,34.87,0.0,0.0,0.0,0.0,0.5779,0.0,260.01,315.66,0.0,-55.65,-55.65,9.47,17.28,0.0,1.66,55.71,751.12,0.0,0.0,0.0,4.44,0.0,0.0
2019-07-07 02:30:00,188,2.5,99,2451,1,0,2402.5,3,35.0,37.55,0.0,0.0,0.0,0.0,0.5805,0.0,260.01,315.66,0.0,-55.65,-55.65,9.47,17.95,0.0,1.66,55.71,751.12,0.0,0.0,0.0,4.44,0.0,0.0
2019-07-07 02:30:00,188,2.5,100,2361,0,0,2402.5,3,35.0,39.89,0.0,0.0,0.0,0.0,0.2454,0.0,260.01,315.66,0.0,-55.65,-55.65,9.47,18.54,0.0,1.66,55.71,751.12,0.0,0.0,0.0,24.44,0.0,0.0
2019-07-07 03:00:00,188,3.0,94,2563,1,0,2402.5,3,35.0,34.64,0.0,0.0,0.0,0.0,0.5777,0.0,259.83,315.66,0.0,-55.82,-55.82,9.91,17.23,0.0,1.8,53.13,751.18,0.0,0.0,0.0,4.44,0.0,0.0
2019-07-07 03:00:00,188,3.0,96,2549,1,0,2402.5,3,35.0,35.0,0.0,0.0,0.0,0.0,0.5781,0.0,259.83,315.66,0.0,-55.82,-55.82,9.91,17.32,0.0,1.8,53.13,751.18,0.0,0.0,0.0,4.44,0.0,0.0
2019-07-07 03:00:00,188,3.0,1,2612,1,0,2402.5,3,35.0,33.36,0.0,0.0,0.0,0.0,0.5765,0.0,259.83,315.66,0.0,-55.82,-55.82,9.91,16.91,0.0,1.8,53.13,751.18,0.0,0.0,0.0,4.44,0.0,0.0
2019-07-07 03:00:00,188,3.0,2,2612,1,0,2402.5,3,35.0,33.36,0.0,0.0,0.0,0.0,0.5765,0.0,259.83,315.66,0.0,-55.82,-55.82,9.91,16.91,0.0,1.8,53.13,751.18,0.0,0.0,0.0,4.44,0.0,0.0
2019-07-07 03:00:00,188,3.0,3,2610,1,0,2402.5,3,35.0,33.41,0.0,0.0,0.0,0.0,0.5765,0.0,259.83,315.66,0.0,-55.82,-55.82,9.91,16.92,0.0,1.8,53.13,751.18,0.0,0.0,0.0,4.44,0.0,0.0
2019-07-07 03:00:00,188,3.0,4,2583,1,0,2402.5,3,35.0,34.12,0.0,0.0,0.0,0.0,0.5772,0.0,259.83,315.66,0.0,-55.82,-55.82,9.91,17.1,0.0,1.8,53.13,751.18,0.0,0.0,0.0,4.44,0.0,0.0
2019-07-07 03:00:00,188,3.0,5,2583,1,0,2402.5,3,35.0,34.12,0.0,0.0,0.0,0.0,0.5772,0.0,259.83,315.66,0.0,-55.82,-55.82,9.91,17.1,0.0,1.8,53.13,751.18,0.0,0.0,0.0,4.44,0.0,0.0
2019-07-07 03:00:00,188,3.0,6,2546,1,0,2402.5,3,35.0,35.08,0.0,0.0,0.0,0.0,0.5781,0.0,259.83,315.66,0.0,-55.82,-55.82,9.91,17.34,0.0,1.8,53.13,751.18,0.0,0.0,0.0,4.44,0.0,0.0
2019-07-07 03:00:00,188,3.0,7,2546,1,0,2402.5,3,35.0,35.08,0.0,0.0,0.0,0.0,0.5781,0.0,259.83,315.66,0.0,-55.82,-55.82,9.91,17.34,0.0,1.8,53.13,751.18,0.0,0.0,0.0,4.44,0.0,0.0
2019-07-07 03:00:00,188,3.0,8,2639,1,0,2402.5,3,35.0,32.66,0.0,0.0,0.0,0.0,0.5758,0.0,259.83,315.66,0.0,-55.82,-55.82,9.91,16.73,0.0,1.8,53.13,751.18,0.0,0.0,0.0,4.44,0.0,0.0
2019-07-07 03:00:00,188,3.0,9,2610,1,0,2402.5,3,35.0,33.41,0.0,0.0,0.0,0.0,0.5765,0.0,259.83,315.66,0.0,-55.82,-55.82,9.91,16.92,0.0,1.8,53.13,751.18,0.0,0.0,0.0,4.44,0.0,0.0
2019-07-07 03:00:00,188,3.0,10,2579,1,0,2402.5,3,35.0,34.22,0.0,0.0,0.0,0.0,0.5773,0.0,259.83,315.66,0.0,-55.82,-55.82,9.91,17.12,0.0,1.8,53.13,751.18,0.0,0.0,0.0,4.44,0.0,0.0
2019-07-07 03:00:00,188,3.0,11,2579,1,0,2402.5,3,35.0,34.22,0.0,0.0,0.0,0.0,0.5773,0.0,259.83,315.66,0.0,-55.82,-55.82,9.91,17.12,0.0,1.8,53.13,751.18,0.0,0.0,0.0,4.44,0.0,0.0
2019-07-07 03:00:00,188,3.0,12,2546,1,0,2402.5,3,35.0,35.08,0.0,0.0,0.0,0.0,0.5781,0.0,259.83,315.66,0.0,-55.82,-55.82,9.91,17.34,0.0,1.8,53.13,751.18,0.0,0.0,0.0,4.44,0.0,0.0
2019-07-07 03:00:00,188,3.0,13,2530,1,0,2402.5,3,35.0,35.49,0.0,0.0,0.0,0.0,0.5785,0.0,259.83,315.66,0.0,-55.82,-55.82,9.91,17.44,0.0,1.8,53.13,751.18,0.0,0.0,0.0,4.44,0.0,0.0
2019-07-07 03:00:00,188,3.0,14,2530,1,0,2402.5,3,35.0,35.49,0.0,0.0,0.0,0.0,0.5785,0.0,259.83,315.66,0.0,-55.82,-55.82,9.91,17.44,0.0,1.8,53.13,751.18,0.0,0.0,0.0,4.44,0.0,0.0
2019-07-07 03:00:00,188,3.0,15,2494,1,0,2402.5,3,35.0,36.43,0.0,0.0,0.0,0.0,0.5795,0.0,259.83,315.66,0.0,-55.82,-55.82,9.91,17.67,0.0,1.8,53.13,751.18,0.0,0.0,0.0,4.44,0.0,0.0
2019-07-07 03:00:00,188,3.0,16,2494,1,0,2402.5,3,35.0,36.43,0.0,0.0,0.0,0.0,0.5795,0.0,259.83,315.66,0.0,-55.82,-55.82,9.91,17.67,0.0,1.8,53.13,751.18,0.0,0.0,0.0,4.44,0.0,0.0
2019-07-07 03:00:00,188,3.0,17,2462,1,0,2402.5,3,35.0,37.26,0.0,0.0,0.0,0.0,0.5803,0.0,259.83,315.66,0.0,-55.82,-55.82,9.91,17.88,0.0,1.8,53.13,751.18,0.0,0.0,0.0,4.44,0.0,0.0
2019-07-07 03:00:00,188,3.0,18,2630,1,0,2402.5,3,35.0,32.89,0.0,0.0,0.0,0.0,0.576,0.0,259.83,315.66,0.0,-55.82,-55.82,9.91,16.79,0.0,1.8,53.13,751.18,0.0,0.0,0.0,4.44,0.0,0.0
2019-07-07 03:00:00,188,3.0,19,2630,1,0,2402.5,3,35.0,32.89,0.0,0.0,0.0,0.0,0.576,0.0,259.83,315.66,0.0,-55.82,-55.82,9.91,16.79,0.0,1.8,53.13,751.18,0.0,0.0,0.0,4.44,0.0,0.0
2019-07-07 03:00:00,188,3.0,20,2604,1,0,2402.5,3,35.0,33.57,0.0,0.0,0.0,0.0,0.5767,0.0,259.83,315.66,0.0,-55.82,-55.82,9.91,16.96,0.0,1.8,53.13,751.18,0.0,0.0,0.0,4.44,0.0,0.0
2019-07-07 03:00:00,188,3.0,21,2563,1,0,2402.5,3,35.0,34.64,0.0,0.0,0.0,0.0,0.5777,0.0,259.83,315.66,0.0,-55.82,-55.82,9.91,17.23,0.0,1.8,53.13,751.18,0.0,0.0,0.0,4.44,0.0,0.0
2019-07-07 03:00:00,188,3.0,22,2556,1,0,2402.5,3,35.0,34.82,0.0,0.0,0.0,0.0,0.5779,0.0,259.83,315.66,0.0,-55.82,-55.82,9.91,17.27,0.0,1.8,53.13,751.18,0.0,0.0,0.0,4.44,0.0,0.0
2019-07-07 03:00:00,188,3.0,23,2549,1,0,2402.5,3,35.0,35.0,0.0,0.0,0.0,0.0,0.5781,0.0,259.83,315.66,0.0,-55.82,-55.82,9.91,17.32,0.0,1.8,53.13,751.18,0.0,0.0,0.0,4.44,0.0,0.0
2019-07-07 03:00:00,188,3.0,24,2549,1,0,2402.5,3,35.0,35.0,0.0,0.0,0.0,0.0,0.5781,0.0,259.83,315.66,0.0,-55.82,-55.82,9.91,17.32,0.0,1.8,53.13,751.18,0.0,0.0,0.0,4.44,0.0,0.0
2019-07-07 03:00:00,188,3.0,25,2524,1,0,2402.5,3,35.0,35.65,0.0,0.0,0.0,0.0,0.5787,0.0,259.83,315.66,0.0,-55.82,-55.82,9.91,17.48,0.0,1.8,53.13,751.18,0.0,0.0,0.0,4.44,0.0,0.0
2019-07-07 03:00:00,188,3.0,26,2502,1,0,2402.5,3,35.0,36.22,0.0,0.0,0.0,0.0,0.5792,0.0,259.83,315.66,0.0,-55.82,-55.82,9.91,17.62,0.0,1.8,53.13,751.18,0.0,0.0,0.0,4.44,0.0,0.0
2019-07-07 03:00:00,188,3.0,27,2502,1,0,2402.5,3,35.0,36.22,0.0,0.0,0.0,0.0,0.5792,0.0,259.83,315.66,0.0,-55.82,-55.82,9.91,17.62,0.0,1.8,53.13,751.18,0.0,0.0,0.0,4.44,0.0,0.0
2019-07-07 03:00:00,188,3.0,28,2477,1,0,2402.5,3,35.0,36.87,0.0,0.0,0.0,0.0,0.5799,0.0,259.83,315.66,0.0,-55.82,-55.82,9.91,17.79,0.0,1.8,53.13,751.18,0.0,0.0,0.0,4.44,0.0,0.0
2019-07-07 03:00:00,188,3.0,29,2477,1,0,2402.5,3,35.0,36.87,0.0,0.0,0.0,0.0,0.5799,0.0,259.83,315.66,0.0,-55.82,-55.82,9.91,17.79,0.0,1.8,53.13,751.18,0.0,0.0,0.0,4.44,0.0,0.0
2019-07-07 03:00:00,188,3.0,30,2440,1,0,2402.5,3,35.0,37.83,0.0,0.0,0.0,0.0,0.5808,0.0,259.83,315.66,0.0,-55.82,-55.82,9.91,18.03,0.0,1.8,53.13,751.18,0.0,0.0,0.0,4.44,0.0,0.0
2019-07-07 03:00:00,188,3.0,31,2620,1,0,2402.5,3,35.0,33.15,0.0,0.0,0.0,0.0,0.5763,0.0,259.83,315.66,0.0,-55.82,-55.82,9.91,16.86,0.0,1.8,53.13,751.18,0.0,0.0,0.0,4.44,0.0,0.0
2019-07-07 03:00:00,188,3.0,32,2576,1,0,2402.5,3,35.0,34.3,0.0,0.0,0.0,0.0,0.5774,0.0,259.83,315.66,0.0,-55.82,-55.82,9.91,17.14,0.0,1.8,53.13,751.18,0.0,0.0,0.0,4.44,0.0,0.0
2019-07-07 03:00:00,188,3.0,33,2576,1,0,2402.5,3,35.0,34.3,0.0,0.0,0.0,0.0,0.5774,0.0,259.83,315.66,0.0,-55.82,-55.82,9.91,17.14,0.0,1.8,53.13,751.18,0.0,0.0,0.0,4.44,0.0,0.0
2019-07-07 03:00:00,188,3.0,34,2576,1,0,2402.5,3,35.0,34.3,0.0,0.0,0.0,0.0,0.5774,0.0,259.83,315.66,0.0,-55.82,-55.82,9.91,17.14,0.0,1.8,53.13,751.18,0.0,0.0,0.0,4.44,0.0,0.0
2019-07-07 03:00:00,188,3.0,35,2556,1,0,2402.5,3,35.0,34.82,0.0,0.0,0.0,0.0,0.5779,0.0,259.83,315.66,0.0,-55.82,-55.82,9.91,17.27,0.0,1.8,53.13,751.18,0.0,0.0,0.0,4.44,0.0,0.0
2019-07-07 03:00:00,188,3.0,36,2533,1,0,2402.5,3,35.0,35.42,0.0,0.0,0.0,0.0,0.5785,0.0,259.83,315.66,0.0,-55.82,-55.82,9.91,17.42,0.0,1.8,53.13,751.18,0.0,0.0,0.0,4.44,0.0,0.0
2019-07-07 03:00:00,188,3.0,37,2532,1,0,2402.5,3,35.0,35.44,0.0,0.0,0.0,0.0,0.5785,0.0,259.83,315.66,0.0,-55.82,-55.82,9.91,17.43,0.0,1.8,53.13,751.18,0.0,0.0,0.0,4.44,0.0,0.0
2019-07-07 03:00:00,188,3.0,38,2534,1,0,2402.5,3,35.0,35.39,0.0,0.0,0.0,0.0,0.5784,0.0,259.83,315.66,0.0,-55.82,-55.82,9.91,17.41,0.0,1.8,53.13,751.18,0.0,0.0,0.0,4.44,0.0,0.0
2019-07-07 03:00:00,188,3.0,39,2534,1,0,2402.5,3,35.0,35.39,0.0,0.0,0.0,0.0,0.5784,0.0,259.83,315.66,0.0,-55.82,-55.82,9.91,17.41,0.0,1.8,53.13,751.18,0.0,0.0,0.0,4.44,0.0,0.0
2019-07-07 03:00:00,188,3.0,40,2515,1,0,2402.5,3,35.0,35.88,0.0,0.0,0.0,0.0,0.5789,0.0,259.83,315.66,0.0,-55.82,-55.82,9.91,17.54,0.0,1.8,53.13,751.18,0.0,0.0,0.0,4.44,0.0,0.0
2019-07-07 03:00:00,188,3.0,41,2487,1,0,2402.5,3,35.0,36.61,0.0,0.0,0.0,0.0,0.5796,0.0,259.83,315.66,0.0,-55.82,-55.82,9.91,17.72,0.0,1.8,53.13,751.18,0.0,0.0,0.0,4.44,0.0,0.0
2019-07-07 03:00:00,188,3.0,42,2487,1,0,2402.5,3,35.0,36.61,0.0,0.0,0.0,0.0,0.5796,0.0,259.83,315.66,0.0,-55.82,-55.82,9.91,17.72,0.0,1.8,53.13,751.18,0.0,0.0,0.0,4.44,0.0,0.0
2019-07-07 03:00:00,188,3.0,43,2464,1,0,2402.5,3,35.0,37.21,0.0,0.0,0.0,0.0,0.5802,0.0,259.83,315.66,0.0,-55.82,-55.82,9.91,17.87,0.0,1.8,53.13,751.18,0.0,0.0,0.0,4.44,0.0,0.0
2019-07-07 03:00:00,188,3.0,44,2555,1,0,2402.5,3,35.0,34.84,0.0,0.0,0.0,0.0,0.5779,0.0,259.83,315.66,0.0,-55.82,-55.82,9.91,17.28,0.0,1.8,53.13,751.18,0.0,0.0,0.0,4.44,0.0,0.0
2019-07-07 03:00:00,188,3.0,45,2555,1,0,2402.5,3,35.0,34.84,0.0,0.0,0.0,0.0,0.5779,0.0,259.83,315.66,0.0,-55.82,-55.82,9.91,17.28,0.0,1.8,53.13,751.18,0.0,0.0,0.0,4.44,0.0,0.0
2019-07-07 03:00:00,188,3.0,46,2555,1,0,2402.5,3,35.0,34.84,0.0,0.0,0.0,0.0,0.5779,0.0,259.83,315.66,0.0,-55.82,-55.82,9.91,17.28,0.0,1.8,53.13,751.18,0.0,0.0,0.0,4.44,0.0,0.0
2019-07-07 03:00:00,188,3.0,47,2530,1,0,2402.5,3,35.0,35.49,0.0,0.0,0.0,0.0,0.5785,0.0,259.83,315.66,0.0,-55.82,-55.82,9.91,17.44,0.0,1.8,53.13,751.18,0.0,0.0,0.0,4.44,0.0,0.0
2019-07-07 03:00:00,188,3.0,48,2510,1,0,2402.5,3,35.0,36.01,0.0,0.0,0.0,0.0,0.579,0.0,259.83,315.66,0.0,-55.82,-55.82,9.91,17.57,0.0,1.8,53.13,751.18,0.0,0.0,0.0,4.44,0.0,0.0
2019-07-07 03:00:00,188,3.0,49,2534,1,0,2402.5,3,35.0,35.39,0.0,0.0,0.0,0.0,0.5784,0.0,259.83,315.66,0.0,-55.82,-55.82,9.91,17.41,0.0,1.8,53.13,751.18,0.0,0.0,0.0,4.44,0.0,0.0
2019-07-07 03:00:00,188,3.0,50,2531,1,0,2402.5,3,35.0,35.47,0.0,0.0,0.0,0.0,0.5785,0.0,259.83,315.66,0.0,-55.82,-55.82,9.91,17.43,0.0,1.8,53.13,751.18,0.0,0.0,0.0,4.44,0.0,0.0
2019-07-07 03:00:00,188,3.0,51,2531,1,0,2402.5,3,35.0,35.47,0.0,0.0,0.0,0.0,0.5785,0.0,259.83,315.66,0.0,-55.82,-55.82,9.91,17.43,0.0,1.8,53.13,751.18,0.0,0.0,0.0,4.44,0.0,0.0
2019-07-07 03:00:00,188,3.0,52,2531,1,0,2402.5,3,35.0,35.47,0.0,0.0,0.0,0.0,0.5785,0.0,259.83,315.66,0.0,-55.82,-55.82,9.91,17.43,0.0,1.8,53.13,751.18,0.0,0.0,0.0,4.44,0.0,0.0
2019-07-07 03:00:00,188,3.0,53,2507,1,0,2402.5,3,35.0,36.09,0.0,0.0,0.0,0.0,0.5791,0.0,259.83,315.66,0.0,-55.82,-55.82,9.91,17.59,0.0,1.8,53.13,751.18,0.0,0.0,0.0,4.44,0.0,0.0
2019-07-07 03:00:00,188,3.0,54,2494,1,0,2402.5,3,35.0,36.43,0.0,0.0,0.0,0.0,0.5795,0.0,259.83,315.66,0.0,-55.82,-55.82,9.91,17.67,0.0,1.8,53.13,751.18,0.0,0.0,0.0,4.44,0.0,0.0
2019-07-07 03:00:00,188,3.0,55,2531,1,0,2402.5,3,35.0,35.47,0.0,0.0,0.0,0.0,0.5785,0.0,259.83,315.66,0.0,-55.82,-55.82,9.91,17.43,0.0,1.8,53.13,751.18,0.0,0.0,0.0,4.44,0.0,0.0
2019-07-07 03:00:00,188,3.0,56,2531,1,0,2402.5,3,35.0,35.47,0.0,0.0,0.0,0.0,0.5785,0.0,259.83,315.66,0.0,-55.82,-55.82,9.91,17.43,0.0,1.8,53.13,751.18,0.0,0.0,0.0,4.44,0.0,0.0
2019-07-07 03:00:00,188,3.0,57,2507,1,0,2402.5,3,35.0,36.09,0.0,0.0,0.0,0.0,0.5791,0.0,259.83,315.66,0.0,-55.82,-55.82,9.91,17.59,0.0,1.8,53.13,751.18,0.0,0.0,0.0,4.44,0.0,0.0
2019-07-07 03:00:00,188,3.0,58,2494,1,0,2402.5,3,35.0,36.43,0.0,0.0,0.0,0.0,0.5795,0.0,259.83,315.66,0.0,-55.82,-55.82,9.91,17.67,0.0,1.8,53.13,751.18,0.0,0.0,0.0,4.44,0.0,0.0
2019-07-07 03:00:00,188,3.0,59,2506,1,0,2402.5,3,35.0,36.12,0.0,0.0,0.0,0.0,0.5791,0.0,259.83,315.66,0.0,-55.82,-55.82,9.91,17.6,0.0,1.8,53.13,751.18,0.0,0.0,0.0,4.44,0.0,0.0
2019-07-07 03:00:00,188,3.0,60,2506,1,0,2402.5,3,35.0,36.12,0.0,0.0,0.0,0.0,0.5791,0.0,259.83,315.66,0.0,-55.82,-55.82,9.91,17.6,0.0,1.8,53.13,751.18,0.0,0.0,0.0,4.44,0.0,0.0
2019-07-07 03:00:00,188,3.0,61,2485,1,0,2402.5,3,35.0,36.66,0.0,0.0,0.0,0.0,0.5797,0.0,259.83,315.66,0.0,-55.82,-55.82,9.91,17.73,0.0,1.8,53.13,751.18,0.0,0.0,0.0,4.44,0.0,0.0
2019-07-07 03:00:00,188,3.0,62,2469,1,0,2402.5,3,35.0,37.08,0.0,0.0,0.0,0.0,0.5801,0.0,259.83,315.66,0.0,-55.82,-55.82,9.91,17.84,0.0,1.8,53.13,751.18,0.0,0.0,0.0,4.44,0.0,0.0
2019-07-07 03:00:00,188,3.0,63,2506,1,0,2402.5,3,35.0,36.12,0.0,0.0,0.0,0.0,0.5791,0.0,259.83,315.66,0.0,-55.82,-55.82,9.91,17.6,0.0,1.8,53.13,751.18,0.0,0.0,0.0,4.44,0.0,0.0
2019-07-07 03:00:00,188,3.0,64,2506,1,0,2402.5,3,35.0,36.12,0.0,0.0,0.0,0.0,0.5791,0.0,259.83,315.66,0.0,-55.82,-55.82,9.91,17.6,0.0,1.8,53.13,751.18,0.0,0.0,0.0,4.44,0.0,0.0
2019-07-07 03:00:00,188,3.0,65,2506,1,0,2402.5,3,35.0,36.12,0.0,0.0,0.0,0.0,0.5791,0.0,259.83,315.66,0.0,-55.82,-55.82,9.91,17.6,0.0,1.8,53.13,751.18,0.0,0.0,0.0,4.44,0.0,0.0
2019-07-07 03:00:00,188,3.0,66,2485,1,0,2402.5,3,35.0,36.66,0.0,0.0,0.0,0.0,0.5797,0.0,259.83,315.66,0.0,-55.82,-55.82,9.91,17.73,0.0,1.8,53.13,751.18,0.0,0.0,0.0,4.44,0.0,0.0
2019-07-07 03:00:00,188,3.0,67,2455,1,0,2402.5,3,35.0,37.44,0.0,0.0,0.0,0.0,0.5804,0.0,259.83,315.66,0.0,-55.82,-55.82,9.91,17.93,0.0,1.8,53.13,751.18,0.0,0.0,0.0,4.44,0.0,0.0
2019-07-07 03:00:00,188,3.0,68,2489,1,0,2402.5,3,35.0,36.56,0.0,0.0,0.0,0.0,0.5796,0.0,259.83,315.66,0.0,-55.82,-55.82,9.91,17.71,0.0,1.8,53.13,751.18,0.0,0.0,0.0,4.44,0.0,0.0
2019-07-07 03:00:00,188,3.0,69,2489,1,0,2402.5,3,35.0,36.56,0.0,0.0,0.0,0.0,0.5796,0.0,259.83,315.66,0.0,-55.82,-55.82,9.91,17.71,0.0,1.8,53.13,751.18,0.0,0.0,0.0,4.44,0.0,0.0
2019-07-07 03:00:00,188,3.0,70,2489,1,0,2402.5,3,35.0,36.56,0.0,0.0,0.0,0.0,0.5796,0.0,259.83,315.66,0.0,-55.82,-55.82,9.91,17.71,0.0,1.8,53.13,751.18,0.0,0.0,0.0,4.44,0.0,0.0
2019-07-07 03:00:00,188,3.0,71,2477,1,0,2402.5,3,35.0,36.87,0.0,0.0,0.0,0.0,0.5799,0.0,259.83,315.66,0.0,-55.82,-55.82,9.91,17.79,0.0,1.8,53.13,751.18,0.0,0.0,0.0,4.44,0.0,0.0
2019-07-07 03:00:00,188,3.0,72,2455,1,0,2402.5,3,35.0,37.44,0.0,0.0,0.0,0.0,0.5804,0.0,259.83,315.66,0.0,-55.82,-55.82,9.91,17.93,0.0,1.8,53.13,751.18,0.0,0.0,0.0,4.44,0.0,0.0
2019-07-07 03:00:00,188,3.0,73,2485,1,0,2402.5,3,35.0,36.66,0.0,0.0,0.0,0.0,0.5797,0.0,259.83,315.66,0.0,-55.82,-55.82,9.91,17.73,0.0,1.8,53.13,751.18,0.0,0.0,0.0,4.44,0.0,0.0
2019-07-07 03:00:00,188,3.0,74,2485,1,0,2402.5,3,35.0,36.66,0.0,0.0,0.0,0.0,0.5797,0.0,259.83,315.66,0.0,-55.82,-55.82,9.91,17.73,0.0,1.8,53.13,751.18,0.0,0.0,0.0,4.44,0.0,0.0
2019-07-07 03:00:00,188,3.0,75,2485,1,0,2402.5,3,35.0,36.66,0.0,0.0,0.0,0.0,0.5797,0.0,259.83,315.66,0.0,-55.82,-55.82,9.91,17.73,0.0,1.8,53.13,751.18,0.0,0.0,0.0,4.44,0.0,0.0
2019-07-07 03:00:00,188,3.0,76,2466,1,0,2402.5,3,35.0,37.16,0.0,0.0,0.0,0.0,0.5802,0.0,259.83,315.66,0.0,-55.82,-55.82,9.91,17.86,0.0,1.8,53.13,751.18,0.0,0.0,0.0,4.44,0.0,0.0
2019-07-07 03:00:00,188,3.0,77,2445,1,0,2402.5,3,35.0,37.7,0.0,0.0,0.0,0.0,0.5807,0.0,259.83,315.66,0.0,-55.82,-55.82,9.91,17.99,0.0,1.8,53.13,751.18,0.0,0.0,0.0,4.44,0.0,0.0
2019-07-07 03:00:00,188,3.0,78,2478,1,0,2402.5,3,35.0,36.85,0.0,0.0,0.0,0.0,0.5799,0.0,259.83,315.66,0.0,-55.82,-55.82,9.91,17.78,0.0,1.8,53.13,751.18,0.0,0.0,0.0,4.44,0.0,0.0
2019-07-07 03:00:00,188,3.0,79,2478,1,0,2402.5,3,35.0,36.85,0.0,0.0,0.0,0.0,0.5799,0.0,259.83,315.66,0.0,-55.82,-55.82,9.91,17.78,0.0,1.8,53.13,751.18,0.0,0.0,0.0,4.44,0.0,0.0
2019-07-07 03:00:00,188,3.0,80,2449,1,0,2402.5,3,35.0,37.6,0.0,0.0,0.0,0.0,0.5806,0.0,259.83,315.66,0.0,-55.82,-55.82,9.91,17.97,0.0,1.8,53.13,751.18,0.0,0.0,0.0,4.44,0.0,0.0
2019-07-07 03:00:00,188,3.0,81,2412,1,0,2402.5,3,35.0,38.56,0.0,0.0,0.0,0.0,0.5815,0.0,259.83,315.66,0.0,-55.82,-55.82,9.91,18.21,0.0,1.8,53.13,751.18,0.0,0.0,0.0,4.44,0.0,0.0
2019-07-07 03:00:00,188,3.0,82,2443,1,0,2402.5,3,35.0,37.76,0.0,0.0,0.0,0.0,0.5807,0.0,259.83,315.66,0.0,-55.82,-55.82,9.91,18.01,0.0,1.8,53.13,751.18,0.0,0.0,0.0,4.44,0.0,0.0
2019-07-07 03:00:00,188,3.0,83,2474,1,0,2402.5,3,35.0,36.95,0.0,0.0,0.0,0.0,0.58,0.0,259.83,315.66,0.0,-55.82,-55.82,9.91,17.8,0.0,1.8,53.13,751.18,0.0,0.0,0.0,4.44,0.0,0.0
2019-07-07 03:00:00,188,3.0,84,2474,1,0,2402.5,3,35.0,36.95,0.0,0.0,0.0,0.0,0.58,0.0,259.83,315.66,0.0,-55.82,-55.82,9.91,17.8,0.0,1.8,53.13,751.18,0.0,0.0,0.0,4.44,0.0,0.0
2019-07-07 03:00:00,188,3.0,85,2436,1,0,2402.5,3,35.0,37.94,0.0,0.0,0.0,0.0,0.5809,0.0,259.83,315.66,0.0,-55.82,-55.82,9.91,18.05,0.0,1.8,53.13,751.18,0.0,0.0,0.0,4.44,0.0,0.0
2019-07-07 03:00:00,188,3.0,86,2397,0,0,2402.5,3,35.0,38.95,0.0,0.0,0.0,0.0,0.2445,0.0,259.83,315.66,0.0,-55.82,-55.82,9.91,18.3,0.0,1.8,53.13,751.18,0.0,0.0,0.0,24.44,0.0,0.0
2019-07-07 03:00:00,188,3.0,87,2415,1,0,2402.5,3,35.0,38.48,0.0,0.0,0.0,0.0,0.5815,0.0,259.83,315.66,0.0,-55.82,-55.82,9.91,18.19,0.0,1.8,53.13,751.18,0.0,0.0,0.0,4.44,0.0,0.0
2019-07-07 03:00:00,188,3.0,88,2476,1,0,2402.5,3,35.0,36.9,0.0,0.0,0.0,0.0,0.5799,0.0,259.83,315.66,0.0,-55.82,-55.82,9.91,17.79,0.0,1.8,53.13,751.18,0.0,0.0,0.0,4.44,0.0,0.0
2019-07-07 03:00:00,188,3.0,89,2428,1,0,2402.5,3,35.0,38.15,0.0,0.0,0.0,0.0,0.5811,0.0,259.83,315.66,0.0,-55.82,-55.82,9.91,18.1,0.0,1.8,53.13,751.18,0.0,0.0,0.0,4.44,0.0,0.0
2019-07-07 03:00:00,188,3.0,90,2377,0,0,2402.5,3,35.0,39.47,0.0,0.0,0.0,0.0,0.245,0.0,259.83,315.66,0.0,-55.82,-55.82,9.91,18.43,0.0,1.8,53.13,751.18,0.0,0.0,0.0,24.44,0.0,0.0
2019-07-07 03:00:00,188,3.0,91,2378,0,0,2402.5,3,35.0,39.45,0.0,0.0,0.0,0.0,0.2449,0.0,259.83,315.66,0.0,-55.82,-55.82,9.91,18.43,0.0,1.8,53.13,751.18,0.0,0.0,0.0,24.44,0.0,0.0
2019-07-07 03:00:00,188,3.0,92,2496,1,0,2402.5,3,35.0,36.38,0.0,0.0,0.0,0.0,0.5794,0.0,259.83,315.66,0.0,-55.82,-55.82,9.91,17.66,0.0,1.8,53.13,751.18,0.0,0.0,0.0,4.44,0.0,0.0
2019-07-07 03:00:00,188,3.0,93,2423,1,0,2402.5,3,35.0,38.28,0.0,0.0,0.0,0.0,0.5813,0.0,259.83,315.66,0.0,-55.82,-55.82,9.91,18.14,0.0,1.8,53.13,751.18,0.0,0.0,0.0,4.44,0.0,0.0
2019-07-07 03:00:00,188,3.0,95,2372,0,0,2402.5,3,35.0,39.6,0.0,0.0,0.0,0.0,0.2451,0.0,259.83,315.66,0.0,-55.82,-55.82,9.91,18.47,0.0,1.8,53.13,751.18,0.0,0.0,0.0,24.44,0.0,0.0
2019-07-07 03:00:00,188,3.0,97,2358,0,0,2402.5,3,35.0,39.97,0.0,0.0,0.0,0.0,0.2454,0.0,259.83,315.66,0.0,-55.82,-55.82,9.91,18.56,0.0,1.8,53.13,751.18,0.0,0.0,0.0,24.44,0.0,0.0
2019-07-07 03:00:00,188,3.0,98,2554,1,0,2402.5,3,35.0,34.87,0.0,0.0,0.0,0.0,0.5779,0.0,259.83,315.66,0.0,-55.82,-55.82,9.91,17.28,0.0,1.8,53.13,751.18,0.0,0.0,0.0,4.44,0.0,0.0
2019-07-07 03:00:00,188,3.0,99,2451,1,0,2402.5,3,35.0,37.55,0.0,0.0,0.0,0.0,0.5805,0.0,259.83,315.66,0.0,-55.82,-55.82,9.91,17.95,0.0,1.8,53.13,751.18,0.0,0.0,0.0,4.44,0.0,0.0
2019-07-07 03:00:00,188,3.0,100,2361,0,0,2402.5,3,35.0,39.89,0.0,0.0,0.0,0.0,0.2454,0.0,259.83,315.66,0.0,-55.82,-55.82,9.91,18.54,0.0,1.8,53.13,751.18,0.0,0.0,0.0,24.44,0.0,0.0
2019-07-07 03:30:00,188,3.5,94,2563,1,0,2402.5,3,35.0,34.64,12.91,13.84,0.0,0.0,0.5777,0.0,259.27,315.66,0.0,-56.38,-56.38,10.04,17.23,0.0,1.95,52.4,751.2,0.0,0.0,0.0,4.44,0.0,0.0
2019-07-07 03:30:00,188,3.5,96,2549,1,0,2402.5,3,35.0,35.0,13.84,13.84,0.0,0.0,0.5781,0.0,259.27,315.66,0.0,-56.38,-56.38,10.04,17.32,0.0,1.95,52.4,751.2,0.0,0.0,0.0,4.44,0.0,0.0
2019-07-07 03:30:00,188,3.5,1,2612,1,0,2402.5,3,35.0,33.36,13.18,13.84,0.0,0.0,0.5765,0.0,259.27,315.66,0.0,-56.38,-56.38,10.04,16.91,0.0,1.95,52.4,751.2,0.0,0.0,0.0,4.44,0.0,0.0
2019-07-07 03:30:00,188,3.5,2,2612,1,0,2402.5,3,35.0,33.36,13.29,13.84,0.0,0.0,0.5765,0.0,259.27,315.66,0.0,-56.38,-56.38,10.04,16.91,0.0,1.95,52.4,751.2,0.0,0.0,0.0,4.44,0.0,0.0
2019-07-07 03:30:00,188,3.5,3,2610,1,0,2402.5,3,35.0,33.41,13.25,13.84,0.0,0.0,0.5765,0.0,259.27,315.66,0.0,-56.38,-56.38,10.04,16.92,0.0,1.95,52.4,751.2,0.0,0.0,0.0,4.44,0.0,0.0
2019-07-07 03:30:00,188,3.5,4,2583,1,0,2402.5,3,35.0,34.12,13.61,13.84,0.0,0.0,0.5772,0.0,259.27,315.66,0.0,-56.38,-56.38,10.04,17.1,0.0,1.95,52.4,751.2,0.0,0.0,0.0,4.44,0.0,0.0
2019-07-07 03:30:00,188,3.5,5,2583,1,0,2402.5,3,35.0,34.12,13.63,13.84,0.0,0.0,0.5772,0.0,259.27,315.66,0.0,-56.38,-56.38,10.04,17.1,0.0,1.95,52.4,751.2,0.0,0.0,0.0,4.44,0.0,0.0
2019-07-07 03:30:00,188,3.5,6,2546,1,0,2402.5,3,35.0,35.08,13.7,13.84,0.0,0.0,0.5781,0.0,259.27,315.66,0.0,-56.38,-56.38,10.04,17.34,0.0,1.95,52.4,751.2,0.0,0.0,0.0,4.44,0.0,0.0
2019-07-07 03:30:00,188,3.5,7,2546,1,0,2402.5,3,35.0,35.08,12.84,13.84,0.0,0.0,0.5781,0.0,259.27,315.66,0.0,-56.38,-56.38,10.04,17.34,0.0,1.95,52.4,751.2,0.0,0.0,0.0,4.44,0.0,0.0
2019-07-07 03:30:00,188,3.5,8,2639,1,0,2402.5,3,35.0,32.66,13.24,13.84,0.0,0.0,0.5758,0.0,259.27,315.66,0.0,-56.38,-56.38,10.04,16.73,0.0,1.95,52.4,751.2,0.0,0.0,0.0,4.44,0.0,0.0
2019-07-07 03:30:00,188,3.5,9,2610,1,0,2402.5,3,35.0,33.41,13.02,13.84,0.0,0.0,0.5765,0.0,259.27,315.66,0.0,-56.38,-56.38,10.04,16.92,0.0,1.95,52.4,751.2,0.0,0.0,0.0,4.44,0.0,0.0
2019-07-07 03:30:00,188,3.5,10,2579,1,0,2402.5,3,35.0,34.22,13.49,13.84,0.0,0.0,0.5773,0.0,259.27,315.66,0.0,-56.38,-56.38,10.04,17.12,0.0,1.95,52.4,751.2,0.0,0.0,0.0,4.44,0.0,0.0
2019-07-07 03:30:00,188,3.5,11,2579,1,0,2402.5,3,35.0,34.22,13.54,13.84,0.0,0.0,0.5773,0.0,259.27,315.66,0.0,-56.38,-56.38,10.04,17.12,0.0,1.95,52.4,751.2,0.0,0.0,0.0,4.44,0.0,0.0
2019-07-07 03:30:00,188,3.5,12,2546,1,0,2402.5,3,35.0,35.08,13.21,13.84,0.0,0.0,0.5781,0.0,259.27,315.66,0.0,-56.38,-56.38,10.04,17.34,0.0,1.95,52.4,751.2,0.0,0.0,0.0,4.44,0.0,0.0
2019-07-07 03:30:00,188,3.5,13,2530,1,0,2402.5,3,35.0,35.49,13.32,13.84,0.0,0.0,0.5785,0.0,259.27,315.66,0.0,-56.38,-56.38,10.04,17.44,0.0,1.95,52.4,751.2,0.0,0.0,0.0,4.44,0.0,0.0
2019-07-07 03:30:00,188,3.5,14,2530,1,0,2402.5,3,35.0,35.49,13.31,13.84,0.0,0.0,0.5785,0.0,259.27,315.66,0.0,-56.38,-56.38,10.04,17.44,0.0,1.95,52.4,751.2,0.0,0.0,0.0,4.44,0.0,0.0
2019-07-07 03:30:00,188,3.5,15,2494,1,0,2402.5,3,35.0,36.43,13.42,13.84,0.0,0.0,0.5795,0.0,259.27,315.66,0.0,-56.38,-56.38,10.04,17.67,0.0,1.95,52.4,751.2,0.0,0.0,0.0,4.44,0.0,0.0
2019-07-07 03:30:00,188,3.5,16,2494,1,0,2402.5,3,35.0,36.43,13.46,13.84,0.0,0.0,0.5795,0.0,259.27,315.66,0.0,-56.38,-56.38,10.04,17.67,0.0,1.95,52.4,751.2,0.0,0.0,0.0,4.44,0.0,0.0
2019-07-07 03:30:00,188,3.5,17,2462,1,0,2402.5,3,35.0,37.26,13.49,13.84,0.0,0.0,0.5803,0.0,259.27,315.66,0.0,-56.38,-56.38,10.04,17.88,0.0,1.95,52.4,751.2,0.0,0.0,0.0,4.44,0.0,0.0
2019-07-07 03:30:00,188,3.5,18,2630,1,0,2402.5,3,35.0,32.89,13.56,13.84,0.0,0.0,0.576,0.0,259.27,315.66,0.0,-56.38,-56.38,10.04,16.79,0.0,1.95,52.4,751.2,0.0,0.0,0.0,4.44,0.0,0.0
2019-07-07 03:30:00,188,3.5,19,2630,1,0,2402.5,3,35.0,32.89,13.35,13.84,0.0,0.0,0.576,0.0,259.27,315.66,0.0,-56.38,-56.38,10.04,16.79,0.0,1.95,52.4,751.2,0.0,0.0,0.0,4.44,0.0,0.0
2019-07-07 03:30:00,188,3.5,20,2604,1,0,2402.5,3,35.0,33.57,12.88,13.84,0.0,0.0,0.5767,0.0,259.27,315.66,0.0,-56.38,-56.38,10.04,16.96,0.0,1.95,52.4,751.2,0.0,0.0,0.0,4.44,0.0,0.0
2019-07-07 03:30:00,188,3.5,21,2563,1,0,2402.5,3,35.0,34.64,12.91,13.84,0.0,0.0,0.5777,0.0,259.27,315.66,0.0,-56.38,-56.38,10.04,17.23,0.0,1.95,52.4,751.2,0.0,0.0,0.0,4.44,0.0,0.0
2019-07-07 03:30:00,188,3.5,22,2556,1,0,2402.5,3,35.0,34.82,13.41,13.84,0.0,0.0,0.5779,0.0,259.27,315.66,0.0,-56.38,-56.38,10.04,17.27,0.0,1.95,52.4,751.2,0.0,0.0,0.0,4.44,0.0,0.0
2019-07-07 03:30:00,188,3.5,23,2549,1,0,2402.5,3,35.0,35.0,13.84,13.84,0.0,0.0,0.5781,0.0,259.27,315.66,0.0,-56.38,-56.38,10.04,17.32,0.0,1.95,52.4,751.2,0.0,0.0,0.0,4.44,0.0,0.0
2019-07-07 03:30:00,188,3.5,24,2549,1,0,2402.5,3,35.0,35.0,13.93,13.84,0.0,0.0,0.5781,0.0,259.27,315.66,0.0,-56.38,-56.38,10.04,17.32,0.0,1.95,52.4,751.2,0.0,0.0,0.0,4.44,0.0,0.0
2019-07-07 03:30:00,188,3.5,25,2524,1,0,2402.5,3,35.0,35.65,13.75,13.84,0.0,0.0,0.5787,0.0,259.27,315.66,0.0,-56.38,-56.38,10.04,17.48,0.0,1.95,52.4,751.2,0.0,0.0,0.0,4.44,0.0,0.0
2019-07-07 03:30:00,188,3.5,26,2502,1,0,2402.5,3,35.0,36.22,13.97,13.84,0.0,0.0,0.5792,0.0,259.27,315.66,0.0,-56.38,-56.38,10.04,17.62,0.0,1.95,52.4,751.2,0.0,0.0,0.0,4.44,0.0,0.0
2019-07-07 03:30:00,188,3.5,27,2502,1,0,2402.5,3,35.0,36.22,13.93,13.84,0.0,0.0,0.5792,0.0,259.27,315.66,0.0,-56.38,-56.38,10.04,17.62,0.0,1.95,52.4,751.2,0.0,0.0,0.0,4.44,0.0,0.0
2019-07-07 03:30:00,188,3.5,28,2477,1,0,2402.5,3,35.0,36.87,14.0,13.84,0.0,0.0,0.5799,0.0,259.27,315.66,0.0,-56.38,-56.38,10.04,17.79,0.0,1.95,52.4,751.2,0.0,0.0,0.0,4.44,0.0,0.0
2019-07-07 03:30:00,188,3.5,29,2477,1,0,2402.5,3,35.0,36.87,14.03,13.84,0.0,0.0,0.5799,0.0,259.27,315.66,0.0,-56.38,-56.38,10.04,17.79,0.0,1.95,52.4,751.2,0.0,0.0,0.0,4.44,0.0,0.0
2019-07-07 03:30:00,188,3.5,30,2440,1,0,2402.5,3,35.0,37.83,14.15,13.84,0.0,0.0,0.5808,0.0,259.27,315.66,0.0,-56.38,-56.38,10.04,18.03,0.0,1.95,52.4,751.2,0.0,0.0,0.0,4.44,0.0,0.0
2019-07-07 03:30:00,188,3.5,31,2620,1,0,2402.5,3,35.0,33.15,11.48,13.84,0.0,0.0,0.5763,0.0,259.27,315.66,0.0,-56.38,-56.38,10.04,16.86,0.0,1.95,52.4,751.2,0.0,0.0,0.0,4.44,0.0,0.0
2019-07-07 03:30:00,188,3.5,32,2576,1,0,2402.5,3,35.0,34.3,13.35,13.84,0.0,0.0,0.5774,0.0,259.27,315.66,0.0,-56.38,-56.38,10.04,17.14,0.0,1.95,52.4,751.2,0.0,0.0,0.0,4.44,0.0,0.0
2019-07-07 03:30:00,188,3.5,33,2576,1,0,2402.5,3,35.0,34.3,13.49,13.84,0.0,0.0,0.5774,0.0,259.27,315.66,0.0,-56.38,-56.38,10.04,17.14,0.0,1.95,52.4,751.2,0.0,0.0,0.0,4.44,0.0,0.0
2019-07-07 03:30:00,188,3.5,34,2576,1,0,2402.5,3,35.0,34.3,13.44,13.84,0.0,0.0,0.5774,0.0,259.27,315.66,0.0,-56.38,-56.38,10.04,17.14,0.0,1.95,52.4,751.2,0.0,0.0,0.0,4.44,0.0,0.0
2019-07-07 03:30:00,188,3.5,35,2556,1,0,2402.5,3,35.0,34.82,13.31,13.84,0.0,0.0,0.5779,0.0,259.27,315.66,0.0,-56.38,-56.38,10.04,17.27,0.0,1.95,52.4,751.2,0.0,0.0,0.0,4.44,0.0,0.0
2019-07-07 03:30:00,188,3.5,36,2533,1,0,2402.5,3,35.0,35.42,13.76,13.84,0.0,0.0,0.5785,0.0,259.27,315.66,0.0,-56.38,-56.38,10.04,17.42,0.0,1.95,52.4,751.2,0.0,0.0,0.0,4.44,0.0,0.0
2019-07-07 03:30:00,188,3.5,37,2532,1,0,2402.5,3,35.0,35.44,14.11,13.84,0.0,0.0,0.5785,0.0,259.27,315.66,0.0,-56.38,-56.38,10.04,17.43,0.0,1.95,52.4,751.2,0.0,0.0,0.0,4.44,0.0,0.0
2019-07-07 03:30:00,188,3.5,38,2534,1,0,2402.5,3,35.0,35.39,14.23,13.84,0.0,0.0,0.5784,0.0,259.27,315.66,0.0,-56.38,-56.38,10.04,17.41,0.0,1.95,52.4,751.2,0.0,0.0,0.0,4.44,0.0,0.0
2019-07-07 03:30:00,188,3.5,39,2534,1,0,2402.5,3,35.0,35.39,14.24,13.84,0.0,0.0,0.5784,0.0,259.27,315.66,0.0,-56.38,-56.38,10.04,17.41,0.0,1.95,52.4,751.2,0.0,0.0,0.0,4.44,0.0,0.0
2019-07-07 03:30:00,188,3.5,40,2515,1,0,2402.5,3,35.0,35.88,14.0,13.84,0.0,0.0,0.5789,0.0,259.27,315.66,0.0,-56.38,-56.38,10.04,17.54,0.0,1.95,52.4,751.2,0.0,0.0,0.0,4.44,0.0,0.0
2019-07-07 03:30:00,188,3.5,41,2487,1,0,2402.5,3,35.0,36.61,14.17,13.84,0.0,0.0,0.5796,0.0,259.27,315.66,0.0,-56.38,-56.38,10.04,17.72,0.0,1.95,52.4,751.2,0.0,0.0,0.0,4.44,0.0,0.0
2019-07-07 03:30:00,188,3.5,42,2487,1,0,2402.5,3,35.0,36.61,14.17,13.84,0.0,0.0,0.5796,0.0,259.27,315.66,0.0,-56.38,-56.38,10.04,17.72,0.0,1.95,52.4,751.2,0.0,0.0,0.0,4.44,0.0,0.0
2019-07-07 03:30:00,188,3.5,43,2464,1,0,2402.5,3,35.0,37.21,14.15,13.84,0.0,0.0,0.5802,0.0,259.27,315.66,0.0,-56.38,-56.38,10.04,17.87,0.0,1.95,52.4,751.2,0.0,0.0,0.0,4.44,0.0,0.0
2019-07-07 03:30:00,188,3.5,44,2555,1,0,2402.5,3,35.0,34.84,13.62,13.84,0.0,0.0,0.5779,0.0,259.27,315.66,0.0,-56.38,-56.38,10.04,17.28,0.0,1.95,52.4,751.2,0.0,0.0,0.0,4.44,0.0,0.0
2019-07-07 03:30:00,188,3.5,45,2555,1,0,2402.5,3,35.0,34.84,13.97,13.84,0.0,0.0,0.5779,0.0,259.27,315.66,0.0,-56.38,-56.38,10.04,17.28,0.0,1.95,52.4,751.2,0.0,0.0,0.0,4.44,0.0,0.0
2019-07-07 03:30:00,188,3.5,46,2555,1,0,2402.5,3,35.0,34.84,13.88,13.84,0.0,0.0,0.5779,0.0,259.27,315.66,0.0,-56.38,-56.38,10.04,17.28,0.0,1.95,52.4,751.2,0.0,0.0,0.0,4.44,0.0,0.0
2019-07-07 03:30:00,188,3.5,47,2530,1,0,2402.5,3,35.0,35.49,13.71,13.84,0.0,0.0,0.5785,0.0,259.27,315.66,0.0,-56.38,-56.38,10.04,17.44,0.0,1.95,52.4,751.2,0.0,0.0,0.0,4.44,0.0,0.0
2019-07-07 03:30:00,188,3.5,48,2510,1,0,2402.5,3,35.0,36.01,14.1,13.84,0.0,0.0,0.579,0.0,259.27,315.66,0.0,-56.38,-56.38,10.04,17.57,0.0,1.95,52.4,751.2,0.0,0.0,0.0,4.44,0.0,0.0
2019-07-07 03:30:00,188,3.5,49,2534,1,0,2402.5,3,35.0,35.39,14.28,13.84,0.0,0.0,0.5784,0.0,259.27,315.66,0.0,-56.38,-56.38,10.04,17.41,0.0,1.95,52.4,751.2,0.0,0.0,0.0,4.44,0.0,0.0
2019-07-07 03:30:00,188,3.5,50,2531,1,0,2402.5,3,35.0,35.47,13.58,13.84,0.0,0.0,0.5785,0.0,259.27,315.66,0.0,-56.38,-56.38,10.04,17.43,0.0,1.95,52.4,751.2,0.0,0.0,0.0,4.44,0.0,0.0
2019-07-07 03:30:00,188,3.5,51,2531,1,0,2402.5,3,35.0,35.47,14.2,13.84,0.0,0.0,0.5785,0.0,259.27,315.66,0.0,-56.38,-56.38,10.04,17.43,0.0,1.95,52.4,751.2,0.0,0.0,0.0,4.44,0.0,0.0
2019-07-07 03:30:00,188,3.5,52,2531,1,0,2402.5,3,35.0,35.47,14.1,13.84,0.0,0.0,0.5785,0.0,259.27,315.66,0.0,-56.38,-56.38,10.04,17.43,0.0,1.95,52.4,751.2,0.0,0.0,0.0,4.44,0.0,0.0
2019-07-07 03:30:00,188,3.5,53,2507,1,0,2402.5,3,35.0,36.09,13.98,13.84,0.0,0.0,0.5791,0.0,259.27,315.66,0.0,-56.38,-56.38,10.04,17.59,0.0,1.95,52.4,751.2,0.0,0.0,0.0,4.44,0.0,0.0
2019-07-07 03:30:00,188,3.5,54,2494,1,0,2402.5,3,35.0,36.43,14.24,13.84,0.0,0.0,0.5795,0.0,259.27,315.66,0.0,-56.38,-56.38,10.04,17.67,0.0,1.95,52.4,751.2,0.0,0.0,0.0,4.44,0.0,0.0
2019-07-07 03:30:00,188,3.5,55,2531,1,0,2402.5,3,35.0,35.47,14.19,13.84,0.0,0.0,0.5785,0.0,259.27,315.66,0.0,-56.38,-56.38,10.04,17.43,0.0,1.95,52.4,751.2,0.0,0.0,0.0,4.44,0.0,0.0
2019-07-07 03:30:00,188,3.5,56,2531,1,0,2402.5,3,35.0,35.47,14.1,13.84,0.0,0.0,0.5785,0.0,259.27,315.66,0.0,-56.38,-56.38,10.04,17.43,0.0,1.95,52.4,751.2,0.0,0.0,0.0,4.44,0.0,0.0
2019-07-07 03:30:00,188,3.5,57,2507,1,0,2402.5,3,35.0,36.09,13.98,13.84,0.0,0.0,0.5791,0.0,259.27,315.66,0.0,-56.38,-56.38,10.04,17.59,0.0,1.95,52.4,751.2,0.0,0.0,0.0,4.44,0.0,0.0
2019-07-07 03:30:00,188,3.5,58,2494,1,0,2402.5,3,35.0,36.43,14.16,13.84,0.0,0.0,0.5795,0.0,259.27,315.66,0.0,-56.38,-56.38,10.04,17.67,0.0,1.95,52.4,751.2,0.0,0.0,0.0,4.44,0.0,0.0
2019-07-07 03:30:00,188,3.5,59,2506,1,0,2402.5,3,35.0,36.12,14.18,13.84,0.0,0.0,0.5791,0.0,259.27,315.66,0.0,-56.38,-56.38,10.04,17.6,0.0,1.95,52.4,751.2,0.0,0.0,0.0,4.44,0.0,0.0
2019-07-07 03:30:00,188,3.5,60,2506,1,0,2402.5,3,35.0,36.12,14.11,13.84,0.0,0.0,0.5791,0.0,259.27,315.66,0.0,-56.38,-56.38,10.04,17.6,0.0,1.95,52.4,751.2,0.0,0.0,0.0,4.44,0.0,0.0
2019-07-07 03:30:00,188,3.5,61,2485,1,0,2402.5,3,35.0,36.66,13.92,13.84,0.0,0.0,0.5797,0.0,259.27,315.66,0.0,-56.38,-56.38,10.04,17.73,0.0,1.95,52.4,751.2,0.0,0.0,0.0,4.44,0.0,0.0
2019-07-07 03:30:00,188,3.5,62,2469,1,0,2402.5,3,35.0,37.08,14.05,13.84,0.0,0.0,0.5801,0.0,259.27,315.66,0.0,-56.38,-56.38,10.04,17.84,0.0,1.95,52.4,751.2,0.0,0.0,0.0,4.44,0.0,0.0
2019-07-07 03:30:00,188,3.5,63,2506,1,0,2402.5,3,35.0,36.12,13.28,13.84,0.0,0.0,0.5791,0.0,259.27,315.66,0.0,-56.38,-56.38,10.04,17.6,0.0,1.95,52.4,751.2,0.0,0.0,0.0,4.44,0.0,0.0
2019-07-07 03:30:00,188,3.5,64,2506,1,0,2402.5,3,35.0,36.12,14.24,13.84,0.0,0.0,0.5791,0.0,259.27,315.66,0.0,-56.38,-56.38,10.04,17.6,0.0,1.95,52.4,751.2,0.0,0.0,0.0,4.44,0.0,0.0
2019-07-07 03:30:00,188,3.5,65,2506,1,0,2402.5,3,35.0,36.12,14.19,13.84,0.0,0.0,0.5791,0.0,259.27,315.66,0.0,-56.38,-56.38,10.04,17.6,0.0,1.95,52.4,751.2,0.0,0.0,0.0,4.44,0.0,0.0
2019-07-07 03:30:00,188,3.5,66,2485,1,0,2402.5,3,35.0,36.66,13.97,13.84,0.0,0.0,0.5797,0.0,259.27,315.66,0.0,-56.38,-56.38,10.04,17.73,0.0,1.95,52.4,751.2,0.0,0.0,0.0,4.44,0.0,0.0
2019-07-07 03:30:00,188,3.5,67,2455,1,0,2402.5,3,35.0,37.44,14.24,13.84,0.0,0.0,0.5804,0.0,259.27,315.66,0.0,-56.38,-56.38,10.04,17.93,0.0,1.95,52.4,751.2,0.0,0.0,0.0,4.44,0.0,0.0
2019-07-07 03:30:00,188,3.5,68,2489,1,0,2402.5,3,35.0,36.56,13.11,13.84,0.0,0.0,0.5796,0.0,259.27,315.66,0.0,-56.38,-56.38,10.04,17.71,0.0,1.95,52.4,751.2,0.0,0.0,0.0,4.44,0.0,0.0
2019-07-07 03:30:00,188,3.5,69,2489,1,0,2402.5,3,35.0,36.56,14.21,13.84,0.0,0.0,0.5796,0.0,259.27,315.66,0.0,-56.38,-56.38,10.04,17.71,0.0,1.95,52.4,751.2,0.0,0.0,0.0,4.44,0.0,0.0
2019-07-07 03:30:00,188,3.5,70,2489,1,0,2402.5,3,35.0,36.56,14.17,13.84,0.0,0.0,0.5796,0.0,259.27,315.66,0.0,-56.38,-56.38,10.04,17.71,0.0,1.95,52.4,751.2,0.0,0.0,0.0,4.44,0.0,0.0
2019-07-07 03:30:00,188,3.5,71,2477,1,0,2402.5,3,35.0,36.87,13.98,13.84,0.0,0.0,0.5799,0.0,259.27,315.66,0.0,-56.38,-56.38,10.04,17.79,0.0,1.95,52.4,751.2,0.0,0.0,0.0,4.44,0.0,0.0
2019-07-07 03:30:00,188,3.5,72,2455,1,0,2402.5,3,35.0,37.44,14.25,13.84,0.0,0.0,0.5804,0.0,259.27,315.66,0.0,-56.38,-56.38,10.04,17.93,0.0,1.95,52.4,751.2,0.0,0.0,0.0,4.44,0.0,0.0
2019-07-07 03:30:00,188,3.5,73,2485,1,0,2402.5,3,35.0,36.66,12.89,13.84,0.0,0.0,0.5797,0.0,259.27,315.66,0.0,-56.38,-56.38,10.04,17.73,0.0,1.95,52.4,751.2,0.0,0.0,0.0,4.44,0.0,0.0
2019-07-07 03:30:00,188,3.5,74,2485,1,0,2402.5,3,35.0,36.66,14.26,13.84,0.0,0.0,0.5797,0.0,259.27,315.66,0.0,-56.38,-56.38,10.04,17.73,0.0,1.95,52.4,751.2,0.0,0.0,0.0,4.44,0.0,0.0
2019-07-07 03:30:00,188,3.5,75,2485,1,0,2402.5,3,35.0,36.66,14.18,13.84,0.0,0.0,0.5797,0.0,259.27,315.66,0.0,-56.38,-56.38,10.04,17.73,0.0,1.95,52.4,751.2,0.0,0.0,0.0,4.44,0.0,0.0
2019-07-07 03:30:00,188,3.5,76,2466,1,0,2402.5,3,35.0,37.16,13.85,13.84,0.0,0.0,0.5802,0.0,259.27,315.66,0.0,-56.38,-56.38,10.04,17.86,0.0,1.95,52.4,751.2,0.0,0.0,0.0,4.44,0.0,0.0
2019-07-07 03:30:00,188,3.5,77,2445,1,0,2402.5,3,35.0,37.7,14.04,13.84,0.0,0.0,0.5807,0.0,259.27,315.66,0.0,-56.38,-56.38,10.04,17.99,0.0,1.95,52.4,751.2,0.0,0.0,0.0,4.44,0.0,0.0
2019-07-07 03:30:00,188,3.5,78,2478,1,0,2402.5,3,35.0,36.85,14.26,13.84,0.0,0.0,0.5799,0.0,259.27,315.66,0.0,-56.38,-56.38,10.04,17.78,0.0,1.95,52.4,751.2,0.0,0.0,0.0,4.44,0.0,0.0
2019-07-07 03:30:00,188,3.5,79,2478,1,0,2402.5,3,35.0,36.85,14.1,13.84,0.0,0.0,0.5799,0.0,259.27,315.66,0.0,-56.38,-56.38,10.04,17.78,0.0,1.95,52.4,751.2,0.0,0.0,0.0,4.44,0.0,0.0
2019-07-07 03:30:00,188,3.5,80,2449,1,0,2402.5,3,35.0,37.6,13.59,13.84,0.0,0.0,0.5806,0.0,259.27,315.66,0.0,-56.38,-56.38,10.04,17.97,0.0,1.95,52.4,751.2,0.0,0.0,0.0,4.44,0.0,0.0
2019-07-07 03:30:00,188,3.5,81,2412,1,0,2402.5,3,35.0,38.56,13.95,13.84,0.0,0.0,0.5815,0.0,259.27,315.66,0.0,-56.38,-56.38,10.04,18.21,0.0,1.95,52.4,751.2,0.0,0.0,0.0,4.44,0.0,0.0
2019-07-07 03:30:00,188,3.5,82,2443,1,0,2402.5,3,35.0,37.76,13.41,13.84,0.0,0.0,0.5807,0.0,259.27,315.66,0.0,-56.38,-56.38,10.04,18.01,0.0,1.95,52.4,751.2,0.0,0.0,0.0,4.44,0.0,0.0
2019-07-07 03:30:00,188,3.5,83,2474,1,0,2402.5,3,35.0,36.95,14.28,13.84,0.0,0.0,0.58,0.0,259.27,315.66,0.0,-56.38,-56.38,10.04,17.8,0.0,1.95,52.4,751.2,0.0,0.0,0.0,4.44,0.0,0.0
2019-07-07 03:30:00,188,3.5,84,2474,1,0,2402.5,3,35.0,36.95,14.03,13.84,0.0,0.0,0.58,0.0,259.27,315.66,0.0,-56.38,-56.38,10.04,17.8,0.0,1.95,52.4,751.2,0.0,0.0,0.0,4.44,0.0,0.0
2019-07-07 03:30:00,188,3.5,85,2436,1,0,2402.5,3,35.0,37.94,13.34,13.84,0.0,0.0,0.5809,0.0,259.27,315.66,0.0,-56.38,-56.38,10.04,18.05,0.0,1.95,52.4,751.2,0.0,0.0,0.0,4.44,0.0,0.0
2019-07-07 03:30:00,188,3.5,86,2397,0,0,2402.5,3,35.0,38.95,13.94,13.84,0.0,0.0,0.2445,0.0,259.27,315.66,0.0,-56.38,-56.38,10.04,18.3,0.0,1.95,52.4,751.2,0.0,0.0,0.0,24.44,0.0,0.0
2019-07-07 03:30:00,188,3.5,87,2415,1,0,2402.5,3,35.0,38.48,13.74,13.84,0.0,0.0,0.5815,0.0,259.27,315.66,0.0,-56.38,-56.38,10.04,18.19,0.0,1.95,52.4,751.2,0.0,0.0,0.0,4.44,0.0,0.0
2019-07-07 03:30:00,188,3.5,88,2476,1,0,2402.5,3,35.0,36.9,13.84,13.84,0.0,0.0,0.5799,0.0,259.27,315.66,0.0,-56.38,-56.38,10.04,17.79,0.0,1.95,52.4,751.2,0.0,0.0,0.0,4.44,0.0,0.0
2019-07-07 03:30:00,188,3.5,89,2428,1,0,2402.5,3,35.0,38.15,13.0,13.84,0.0,0.0,0.5811,0.0,259.27,315.66,0.0,-56.38,-56.38,10.04,18.1,0.0,1.95,52.4,751.2,0.0,0.0,0.0,4.44,0.0,0.0
2019-07-07 03:30:00,188,3.5,90,2377,0,0,2402.5,3,35.0,39.47,13.81,13.84,0.0,0.0,0.245,0.0,259.27,315.66,0.0,-56.38,-56.38,10.04,18.43,0.0,1.95,52.4,751.2,0.0,0.0,0.0,24.44,0.0,0.0
2019-07-07 03:30:00,188,3.5,91,2378,0,0,2402.5,3,35.0,39.45,13.9,13.84,0.0,0.0,0.2449,0.0,259.27,315.66,0.0,-56.38,-56.38,10.04,18.43,0.0,1.95,52.4,751.2,0.0,0.0,0.0,24.44,0.0,0.0
2019-07-07 03:30:00,188,3.5,92,2496,1,0,2402.5,3,35.0,36.38,13.03,13.84,0.0,0.0,0.5794,0.0,259.27,315.66,0.0,-56.38,-56.38,10.04,17.66,0.0,1.95,52.4,751.2,0.0,0.0,0.0,4.44,0.0,0.0
2019-07-07 03:30:00,188,3.5,93,2423,1,0,2402.5,3,35.0,38.28,12.26,13.84,0.0,0.0,0.5813,0.0,259.27,315.66,0.0,-56.38,-56.38,10.04,18.14,0.0,1.95,52.4,751.2,0.0,0.0,0.0,4.44,0.0,0.0
2019-07-07 03:30:00,188,3.5,95,2372,0,0,2402.5,3,35.0,39.6,13.55,13.84,0.0,0.0,0.2451,0.0,259.27,315.66,0.0,-56.38,-56.38,10.04,18.47,0.0,1.95,52.4,751.2,0.0,0.0,0.0,24.44,0.0,0.0
2019-07-07 03:30:00,188,3.5,97,2358,0,0,2402.5,3,35.0,39.97,14.16,13.84,0.0,0.0,0.2454,0.0,259.27,315.66,0.0,-56.38,-56.38,10.04,18.56,0.0,1.95,52.4,751.2,0.0,0.0,0.0,24.44,0.0,0.0
2019-07-07 03:30:00,188,3.5,98,2554,1,0,2402.5,3,35.0,34.87,121.6,13.84,0.0,0.0,0.5779,0.0,259.27,315.66,0.0,-56.38,-56.38,10.04,17.28,0.0,1.95,52.4,751.2,0.0,0.0,0.0,4.44,0.0,0.0
2019-07-07 03:30:00,188,3.5,99,2451,1,0,2402.5,3,35.0,37.55,11.38,13.84,0.0,0.0,0.5805,0.0,259.27,315.66,0.0,-56.38,-56.38,10.04,17.95,0.0,1.95,52.4,751.2,0.0,0.0,0.0,4.44,0.0,0.0
2019-07-07 03:30:00,188,3.5,100,2361,0,0,2402.5,3,35.0,39.89,12.99,13.84,0.0,0.0,0.2454,0.0,259.27,315.66,0.0,-56.38,-56.38,10.04,18.54,0.0,1.95,52.4,751.2,0.0,0.0,0.0,24.44,0.0,0.0
2019-07-07 04:00:00,188,4.0,94,2563,1,0,2402.5,3,35.0,34.64,22.78,24.43,9.1,8.48,0.5777,4.9,258.17,315.66,3.58,-57.48,-53.9,10.1,17.23,0.0,1.94,51.18,751.14,0.0,0.0,0.0,4.44,0.0,0.0
2019-07-07 04:00:00,188,4.0,96,2549,1,0,2402.5,3,35.0,35.0,24.43,24.43,9.1,9.1,0.5781,5.26,258.17,315.66,3.84,-57.48,-53.64,10.1,17.32,0.0,1.94,51.18,751.14,0.0,0.0,0.0,4.44,0.0,0.0
2019-07-07 04:00:00,188,4.0,1,2612,1,0,2402.5,3,35.0,33.36,23.27,24.43,9.1,8.67,0.5765,5.0,258.17,315.66,3.67,-57.48,-53.81,10.1,16.91,0.0,1.94,51.18,751.14,0.0,0.0,0.0,4.44,0.0,0.0
2019-07-07 04:00:00,188,4.0,2,2612,1,0,2402.5,3,35.0,33.36,23.45,24.43,9.1,8.73,0.5765,5.03,258.17,315.66,3.7,-57.48,-53.78,10.1,16.91,0.0,1.94,51.18,751.14,0.0,0.0,0.0,4.44,0.0,0.0
2019-07-07 04:00:00,188,4.0,3,2610,1,0,2402.5,3,35.0,33.41,23.38,24.43,9.1,8.71,0.5765,5.02,258.17,315.66,3.69,-57.48,-53.8,10.1,16.92,0.0,1.94,51.18,751.14,0.0,0.0,0.0,4.44,0.0,0.0
2019-07-07 04:00:00,188,4.0,4,2583,1,0,2402.5,3,35.0,34.12,24.02,24.43,9.1,8.95,0.5772,5.16,258.17,315.66,3.78,-57.48,-53.7,10.1,17.1,0.0,1.94,51.18,751.14,0.0,0.0,0.0,4.44,0.0,0.0
2019-07-07 04:00:00,188,4.0,5,2583,1,0,2402.5,3,35.0,34.12,24.05,24.43,9.1,8.96,0.5772,5.17,258.17,315.66,3.79,-57.48,-53.7,10.1,17.1,0.0,1.94,51.18,751.14,0.0,0.0,0.0,4.44,0.0,0.0
2019-07-07 04:00:00,188,4.0,6,2546,1,0,2402.5,3,35.0,35.08,24.18,24.43,9.1,9.01,0.5781,5.21,258.17,315.66,3.8,-57.48,-53.68,10.1,17.34,0.0,1.94,51.18,751.14,0.0,0.0,0.0,4.44,0.0,0.0
2019-07-07 04:00:00,188,4.0,7,2546,1,0,2402.5,3,35.0,35.08,24.28,24.43,9.1,9.04,0.5781,5.23,258.17,315.66,3.81,-57.48,-53.67,10.1,17.34,0.0,1.94,51.18,751.14,0.0,0.0,0.0,4.44,0.0,0.0
2019-07-07 04:00:00,188,4.0,8,2639,1,0,2402.5,3,35.0,32.66,23.37,24.43,9.1,8.7,0.5758,5.01,258.17,315.66,3.69,-57.48,-53.79,10.1,16.73,0.0,1.94,51.18,751.14,0.0,0.0,0.0,4.44,0.0,0.0
2019-07-07 04:00:00,188,4.0,9,2610,1,0,2402.5,3,35.0,33.41,22.97,24.43,9.1,8.56,0.5765,4.93,258.17,315.66,3.62,-57.48,-53.86,10.1,16.92,0.0,1.94,51.18,751.14,0.0,0.0,0.0,4.44,0.0,0.0
2019-07-07 04:00:00,188,4.0,10,2579,1,0,2402.5,3,35.0,34.22,23.8,24.43,9.1,8.86,0.5773,5.12,258.17,315.66,3.75,-57.48,-53.74,10.1,17.12,0.0,1.94,51.18,751.14,0.0,0.0,0.0,4.44,0.0,0.0
2019-07-07 04:00:00,188,4.0,11,2579,1,0,2402.5,3,35.0,34.22,23.9,24.43,9.1,8.9,0.5773,5.14,258.17,315.66,3.76,-57.48,-53.72,10.1,17.12,0.0,1.94,51.18,751.14,0.0,0.0,0.0,4.44,0.0,0.0
2019-07-07 04:00:00,188,4.0,12,2546,1,0,2402.5,3,35.0,35.08,23.32,24.43,9.1,8.68,0.5781,5.02,258.17,315.66,3.66,-57.48,-53.82,10.1,17.34,0.0,1.94,51.18,751.14,0.0,0.0,0.0,4.44,0.0,0.0
2019-07-07 04:00:00,188,4.0,13,2530,1,0,2402.5,3,35.0,35.49,23.5,24.43,9.1,8.75,0.5785,5.06,258.17,315.66,3.69,-57.48,-53.79,10.1,17.44,0.0,1.94,51.18,751.14,0.0,0.0,0.0,4.44,0.0,0.0
2019-07-07 04:00:00,188,4.0,14,2530,1,0,2402.5,3,35.0,35.49,23.5,24.43,9.1,8.75,0.5785,5.06,258.17,315.66,3.69,-57.48,-53.79,10.1,17.44,0.0,1.94,51.18,751.14,0.0,0.0,0.0,4.44,0.0,0.0
2019-07-07 04:00:00,188,4.0,15,2494,1,0,2402.5,3,35.0,36.43,23.68,24.43,9.1,8.82,0.5795,5.11,258.17,315.66,3.71,-57.48,-53.77,10.1,17.67,0.0,1.94,51.18,751.14,0.0,0.0,0.0,4.44,0.0,0.0
2019-07-07 04:00:00,188,4.0,16,2494,1,0,2402.5,3,35.0,36.43,23.75,24.43,9.1,8.85,0.5795,5.13,258.17,315.66,3.72,-57.48,-53.76,10.1,17.67,0.0,1.94,51.18,751.14,0.0,0.0,0.0,4.44,0.0,0.0
2019-07-07 04:00:00,188,4.0,17,2462,1,0,2402.5,3,35.0,37.26,23.82,24.43,9.1,8.87,0.5803,5.15,258.17,315.66,3.72,-57.48,-53.76,10.1,17.88,0.0,1.94,51.18,751.14,0.0,0.0,0.0,4.44,0.0,0.0
2019-07-07 04:00:00,188,4.0,18,2630,1,0,2402.5,3,35.0,32.89,23.93,24.43,9.1,8.91,0.576,5.13,258.17,315.66,3.78,-57.48,-53.7,10.1,16.79,0.0,1.94,51.18,751.14,0.0,0.0,0.0,4.44,0.0,0.0
2019-07-07 04:00:00,188,4.0,19,2630,1,0,2402.5,3,35.0,32.89,23.56,24.43,9.1,8.77,0.576,5.05,258.17,315.66,3.72,-57.48,-53.76,10.1,16.79,0.0,1.94,51.18,751.14,0.0,0.0,0.0,4.44,0.0,0.0
2019-07-07 04:00:00,188,4.0,20,2604,1,0,2402.5,3,35.0,33.57,22.73,24.43,9.1,8.46,0.5767,4.88,258.17,315.66,3.58,-57.48,-53.9,10.1,16.96,0.0,1.94,51.18,751.14,0.0,0.0,0.0,4.44,0.0,0.0
2019-07-07 04:00:00,188,4.0,21,2563,1,0,2402.5,3,35.0,34.64,22.78,24.43,9.1,8.48,0.5777,4.9,258.17,315.66,3.58,-57.48,-53.9,10.1,17.23,0.0,1.94,51.18,751.14,0.0,0.0,0.0,4.44,0.0,0.0
2019-07-07 04:00:00,188,4.0,22,2556,1,0,2402.5,3,35.0,34.82,23.67,24.43,9.1,8.81,0.5779,5.09,258.17,315.66,3.72,-57.48,-53.76,10.1,17.27,0.0,1.94,51.18,751.14,0.0,0.0,0.0,4.44,0.0,0.0
2019-07-07 04:00:00,188,4.0,23,2549,1,0,2402.5,3,35.0,35.0,24.43,24.43,9.1,9.1,0.5781,5.26,258.17,315.66,3.84,-57.48,-53.64,10.1,17.32,0.0,1.94,51.18,751.14,0.0,0.0,0.0,4.44,0.0,0.0
2019-07-07 04:00:00,188,4.0,24,2549,1,0,2402.5,3,35.0,35.0,24.58,24.43,9.1,9.15,0.5781,5.29,258.17,315.66,3.86,-57.48,-53.62,10.1,17.32,0.0,1.94,51.18,751.14,0.0,0.0,0.0,4.44,0.0,0.0
2019-07-07 04:00:00,188,4.0,25,2524,1,0,2402.5,3,35.0,35.65,24.26,24.43,9.1,9.04,0.5787,5.23,258.17,315.66,3.81,-57.48,-53.68,10.1,17.48,0.0,1.94,51.18,751.14,0.0,0.0,0.0,4.44,0.0,0.0
2019-07-07 04:00:00,188,4.0,26,2502,1,0,2402.5,3,35.0,36.22,24.65,24.43,9.1,9.18,0.5792,5.32,258.17,315.66,3.86,-57.48,-53.62,10.1,17.62,0.0,1.94,51.18,751.14,0.0,0.0,0.0,4.44,0.0,0.0
2019-07-07 04:00:00,188,4.0,27,2502,1,0,2402.5,3,35.0,36.22,24.59,24.43,9.1,9.16,0.5792,5.31,258.17,315.66,3.85,-57.48,-53.63,10.1,17.62,0.0,1.94,51.18,751.14,0.0,0.0,0.0,4.44,0.0,0.0
2019-07-07 04:00:00,188,4.0,28,2477,1,0,2402.5,3,35.0,36.87,24.72,24.43,9.1,9.2,0.5799,5.34,258.17,315.66,3.87,-57.48,-53.62,10.1,17.79,0.0,1.94,51.18,751.14,0.0,0.0,0.0,4.44,0.0,0.0
2019-07-07 04:00:00,188,4.0,29,2477,1,0,2402.5,3,35.0,36.87,24.77,24.43,9.1,9.22,0.5799,5.35,258.17,315.66,3.87,-57.48,-53.61,10.1,17.79,0.0,1.94,51.18,751.14,0.0,0.0,0.0,4.44,0.0,0.0
2019-07-07 04:00:00,188,4.0,30,2440,1,0,2402.5,3,35.0,37.83,24.97,24.43,9.1,9.3,0.5808,5.4,258.17,315.66,3.9,-57.48,-53.58,10.1,18.03,0.0,1.94,51.18,751.14,0.0,0.0,0.0,4.44,0.0,0.0
2019-07-07 04:00:00,188,4.0,31,2620,1,0,2402.5,3,35.0,33.15,20.27,24.43,9.1,7.55,0.5763,4.35,258.17,315.66,3.2,-57.48,-54.28,10.1,16.86,0.0,1.94,51.18,751.14,0.0,0.0,0.0,4.44,0.0,0.0
2019-07-07 04:00:00,188,4.0,32,2576,1,0,2402.5,3,35.0,34.3,23.56,24.43,9.1,8.77,0.5774,5.07,258.17,315.66,3.71,-57.48,-53.77,10.1,17.14,0.0,1.94,51.18,751.14,0.0,0.0,0.0,4.44,0.0,0.0
2019-07-07 04:00:00,188,4.0,33,2576,1,0,2402.5,3,35.0,34.3,23.82,24.43,9.1,8.87,0.5774,5.12,258.17,315.66,3.75,-57.48,-53.73,10.1,17.14,0.0,1.94,51.18,751.14,0.0,0.0,0.0,4.44,0.0,0.0
2019-07-07 04:00:00,188,4.0,34,2576,1,0,2402.5,3,35.0,34.3,23.72,24.43,9.1,8.83,0.5774,5.1,258.17,315.66,3.73,-57.48,-53.75,10.1,17.14,0.0,1.94,51.18,751.14,0.0,0.0,0.0,4.44,0.0,0.0
2019-07-07 04:00:00,188,4.0,35,2556,1,0,2402.5,3,35.0,34.82,23.49,24.43,9.1,8.75,0.5779,5.06,258.17,315.66,3.69,-57.48,-53.79,10.1,17.27,0.0,1.94,51.18,751.14,0.0,0.0,0.0,4.44,0.0,0.0
2019-07-07 04:00:00,188,4.0,36,2533,1,0,2402.5,3,35.0,35.42,24.29,24.43,9.1,9.05,0.5785,5.23,258.17,315.66,3.81,-57.48,-53.67,10.1,17.42,0.0,1.94,51.18,751.14,0.0,0.0,0.0,4.44,0.0,0.0
2019-07-07 04:00:00,188,4.0,37,2532,1,0,2402.5,3,35.0,35.44,24.9,24.43,9.1,9.27,0.5785,5.36,258.17,315.66,3.91,-57.48,-53.57,10.1,17.43,0.0,1.94,51.18,751.14,0.0,0.0,0.0,4.44,0.0,0.0
2019-07-07 04:00:00,188,4.0,38,2534,1,0,2402.5,3,35.0,35.39,25.12,24.43,9.1,9.35,0.5784,5.41,258.17,315.66,3.94,-57.48,-53.54,10.1,17.41,0.0,1.94,51.18,751.14,0.0,0.0,0.0,4.44,0.0,0.0
2019-07-07 04:00:00,188,4.0,39,2534,1,0,2402.5,3,35.0,35.39,46.44,24.43,9.1,17.29,0.5784,10.0,258.17,315.66,7.29,-57.48,-50.19,10.1,17.41,0.0,1.94,51.18,751.14,0.0,0.0,0.0,4.44,0.0,0.0
2019-07-07 04:00:00,188,4.0,40,2515,1,0,2402.5,3,35.0,35.88,95.54,24.43,9.1,35.58,0.5789,20.6,258.17,315.66,14.98,-57.48,-42.5,10.1,17.54,0.0,1.94,51.18,751.14,0.0,0.0,0.0,4.44,0.0,0.0
2019-07-07 04:00:00,188,4.0,41,2487,1,0,2402.5,3,35.0,36.61,25.02,24.43,9.1,9.32,0.5796,5.4,258.17,315.66,3.92,-57.48,-53.57,10.1,17.72,0.0,1.94,51.18,751.14,0.0,0.0,0.0,4.44,0.0,0.0
2019-07-07 04:00:00,188,4.0,42,2487,1,0,2402.5,3,35.0,36.61,70.23,24.43,9.1,26.16,0.5796,15.16,258.17,315.66,11.0,-57.48,-46.49,10.1,17.72,0.0,1.94,51.18,751.14,0.0,0.0,0.0,4.44,0.0,0.0
2019-07-07 04:00:00,188,4.0,43,2464,1,0,2402.5,3,35.0,37.21,24.98,24.43,9.1,9.3,0.5802,5.4,258.17,315.66,3.91,-57.48,-53.58,10.1,17.87,0.0,1.94,51.18,751.14,0.0,0.0,0.0,4.44,0.0,0.0
2019-07-07 04:00:00,188,4.0,44,2555,1,0,2402.5,3,35.0,34.84,24.04,24.43,9.1,8.95,0.5779,5.17,258.17,315.66,3.78,-57.48,-53.7,10.1,17.28,0.0,1.94,51.18,751.14,0.0,0.0,0.0,4.44,0.0,0.0
2019-07-07 04:00:00,188,4.0,45,2555,1,0,2402.5,3,35.0,34.84,24.67,24.43,9.1,9.19,0.5779,5.31,258.17,315.66,3.88,-57.48,-53.61,10.1,17.28,0.0,1.94,51.18,751.14,0.0,0.0,0.0,4.44,0.0,0.0
2019-07-07 04:00:00,188,4.0,46,2555,1,0,2402.5,3,35.0,34.84,24.5,24.43,9.1,9.13,0.5779,5.27,258.17,315.66,3.85,-57.48,-53.63,10.1,17.28,0.0,1.94,51.18,751.14,0.0,0.0,0.0,4.44,0.0,0.0
2019-07-07 04:00:00,188,4.0,47,2530,1,0,2402.5,3,35.0,35.49,24.21,24.43,9.1,9.02,0.5785,5.22,258.17,315.66,3.8,-57.48,-53.68,10.1,17.44,0.0,1.94,51.18,751.14,0.0,0.0,0.0,4.44,0.0,0.0
2019-07-07 04:00:00,188,4.0,48,2510,1,0,2402.5,3,35.0,36.01,24.89,24.43,9.1,9.27,0.579,5.37,258.17,315.66,3.9,-57.48,-53.58,10.1,17.57,0.0,1.94,51.18,751.14,0.0,0.0,0.0,4.44,0.0,0.0
2019-07-07 04:00:00,188,4.0,49,2534,1,0,2402.5,3,35.0,35.39,59.42,24.43,9.1,22.13,0.5784,12.8,258.17,315.66,9.33,-57.48,-48.15,10.1,17.41,0.0,1.94,51.18,751.14,0.0,0.0,0.0,4.44,0.0,0.0
2019-07-07 04:00:00,188,4.0,50,2531,1,0,2402.5,3,35.0,35.47,23.98,24.43,9.1,8.93,0.5785,5.17,258.17,315.66,3.76,-57.48,-53.72,10.1,17.43,0.0,1.94,51.18,751.14,0.0,0.0,0.0,4.44,0.0,0.0
2019-07-07 04:00:00,188,4.0,51,2531,1,0,2402.5,3,35.0,35.47,25.06,24.43,9.1,9.33,0.5785,5.4,258.17,315.66,3.93,-57.48,-53.55,10.1,17.43,0.0,1.94,51.18,751.14,0.0,0.0,0.0,4.44,0.0,0.0
2019-07-07 04:00:00,188,4.0,52,2531,1,0,2402.5,3,35.0,35.47,24.9,24.43,9.1,9.27,0.5785,5.36,258.17,315.66,3.91,-57.48,-53.57,10.1,17.43,0.0,1.94,51.18,751.14,0.0,0.0,0.0,4.44,0.0,0.0
2019-07-07 04:00:00,188,4.0,53,2507,1,0,2402.5,3,35.0,36.09,24.68,24.43,9.1,9.19,0.5791,5.32,258.17,315.66,3.87,-57.48,-53.62,10.1,17.59,0.0,1.94,51.18,751.14,0.0,0.0,0.0,4.44,0.0,0.0
2019-07-07 04:00:00,188,4.0,54,2494,1,0,2402.5,3,35.0,36.43,25.15,24.43,9.1,9.37,0.5795,5.43,258.17,315.66,3.94,-57.48,-53.54,10.1,17.67,0.0,1.94,51.18,751.14,0.0,0.0,0.0,4.44,0.0,0.0
2019-07-07 04:00:00,188,4.0,55,2531,1,0,2402.5,3,35.0,35.47,25.05,24.43,9.1,9.33,0.5785,5.4,258.17,315.66,3.93,-57.48,-53.55,10.1,17.43,0.0,1.94,51.18,751.14,0.0,0.0,0.0,4.44,0.0,0.0
2019-07-07 04:00:00,188,4.0,56,2531,1,0,2402.5,3,35.0,35.47,29.51,24.43,9.1,10.99,0.5785,6.36,258.17,315.66,4.63,-57.48,-52.85,10.1,17.43,0.0,1.94,51.18,751.14,0.0,0.0,0.0,4.44,0.0,0.0
2019-07-07 04:00:00,188,4.0,57,2507,1,0,2402.5,3,35.0,36.09,24.69,24.43,9.1,9.2,0.5791,5.33,258.17,315.66,3.87,-57.48,-53.61,10.1,17.59,0.0,1.94,51.18,751.14,0.0,0.0,0.0,4.44,0.0,0.0
2019-07-07 04:00:00,188,4.0,58,2494,1,0,2402.5,3,35.0,36.43,25.0,24.43,9.1,9.31,0.5795,5.4,258.17,315.66,3.92,-57.48,-53.57,10.1,17.67,0.0,1.94,51.18,751.14,0.0,0.0,0.0,4.44,0.0,0.0
2019-07-07 04:00:00,188,4.0,59,2506,1,0,2402.5,3,35.0,36.12,25.05,24.43,9.1,9.33,0.5791,5.4,258.17,315.66,3.93,-57.48,-53.56,10.1,17.6,0.0,1.94,51.18,751.14,0.0,0.0,0.0,4.44,0.0,0.0
2019-07-07 04:00:00,188,4.0,60,2506,1,0,2402.5,3,35.0,36.12,27.6,24.43,9.1,10.28,0.5791,5.95,258.17,315.66,4.33,-57.48,-53.16,10.1,17.6,0.0,1.94,51.18,751.14,0.0,0.0,0.0,4.44,0.0,0.0
2019-07-07 04:00:00,188,4.0,61,2485,1,0,2402.5,3,35.0,36.66,24.57,24.43,9.1,9.15,0.5797,5.3,258.17,315.66,3.85,-57.48,-53.64,10.1,17.73,0.0,1.94,51.18,751.14,0.0,0.0,0.0,4.44,0.0,0.0
2019-07-07 04:00:00,188,4.0,62,2469,1,0,2402.5,3,35.0,37.08,24.81,24.43,9.1,9.24,0.5801,5.36,258.17,315.66,3.88,-57.48,-53.6,10.1,17.84,0.0,1.94,51.18,751.14,0.0,0.0,0.0,4.44,0.0,0.0
2019-07-07 04:00:00,188,4.0,63,2506,1,0,2402.5,3,35.0,36.12,23.45,24.43,9.1,8.73,0.5791,5.06,258.17,315.66,3.68,-57.48,-53.81,10.1,17.6,0.0,1.94,51.18,751.14,0.0,0.0,0.0,4.44,0.0,0.0
2019-07-07 04:00:00,188,4.0,64,2506,1,0,2402.5,3,35.0,36.12,25.14,24.43,9.1,9.36,0.5791,5.42,258.17,315.66,3.94,-57.48,-53.54,10.1,17.6,0.0,1.94,51.18,751.14,0.0,0.0,0.0,4.44,0.0,0.0
2019-07-07 04:00:00,188,4.0,65,2506,1,0,2402.5,3,35.0,36.12,40.06,24.43,9.1,14.92,0.5791,8.64,258.17,315.66,6.28,-57.48,-51.2,10.1,17.6,0.0,1.94,51.18,751.14,0.0,0.0,0.0,4.44,0.0,0.0
2019-07-07 04:00:00,188,4.0,66,2485,1,0,2402.5,3,35.0,36.66,24.66,24.43,9.1,9.19,0.5797,5.32,258.17,315.66,3.86,-57.48,-53.62,10.1,17.73,0.0,1.94,51.18,751.14,0.0,0.0,0.0,4.44,0.0,0.0
2019-07-07 04:00:00,188,4.0,67,2455,1,0,2402.5,3,35.0,37.44,25.14,24.43,9.1,9.36,0.5804,5.44,258.17,315.66,3.93,-57.48,-53.55,10.1,17.93,0.0,1.94,51.18,751.14,0.0,0.0,0.0,4.44,0.0,0.0
2019-07-07 04:00:00,188,4.0,68,2489,1,0,2402.5,3,35.0,36.56,23.15,24.43,9.1,8.62,0.5796,5.0,258.17,315.66,3.63,-57.48,-53.86,10.1,17.71,0.0,1.94,51.18,751.14,0.0,0.0,0.0,4.44,0.0,0.0
2019-07-07 04:00:00,188,4.0,69,2489,1,0,2402.5,3,35.0,36.56,25.1,24.43,9.1,9.35,0.5796,5.42,258.17,315.66,3.93,-57.48,-53.55,10.1,17.71,0.0,1.94,51.18,751.14,0.0,0.0,0.0,4.44,0.0,0.0
2019-07-07 04:00:00,188,4.0,70,2489,1,0,2402.5,3,35.0,36.56,25.03,24.43,9.1,9.32,0.5796,5.4,258.17,315.66,3.92,-57.48,-53.56,10.1,17.71,0.0,1.94,51.18,751.14,0.0,0.0,0.0,4.44,0.0,0.0
2019-07-07 04:00:00,188,4.0,71,2477,1,0,2402.5,3,35.0,36.87,24.7,24.43,9.1,9.2,0.5799,5.33,258.17,315.66,3.86,-57.48,-53.62,10.1,17.79,0.0,1.94,51.18,751.14,0.0,0.0,0.0,4.44,0.0,0.0
2019-07-07 04:00:00,188,4.0,72,2455,1,0,2402.5,3,35.0,37.44,25.17,24.43,9.1,9.37,0.5804,5.44,258.17,315.66,3.93,-57.48,-53.55,10.1,17.93,0.0,1.94,51.18,751.14,0.0,0.0,0.0,4.44,0.0,0.0
2019-07-07 04:00:00,188,4.0,73,2485,1,0,2402.5,3,35.0,36.66,22.77,24.43,9.1,8.48,0.5797,4.92,258.17,315.66,3.56,-57.48,-53.92,10.1,17.73,0.0,1.94,51.18,751.14,0.0,0.0,0.0,4.44,0.0,0.0
2019-07-07 04:00:00,188,4.0,74,2485,1,0,2402.5,3,35.0,36.66,25.19,24.43,9.1,9.38,0.5797,5.44,258.17,315.66,3.94,-57.48,-53.54,10.1,17.73,0.0,1.94,51.18,751.14,0.0,0.0,0.0,4.44,0.0,0.0
2019-07-07 04:00:00,188,4.0,75,2485,1,0,2402.5,3,35.0,36.66,25.04,24.43,9.1,9.33,0.5797,5.41,258.17,315.66,3.92,-57.48,-53.56,10.1,17.73,0.0,1.94,51.18,751.14,0.0,0.0,0.0,4.44,0.0,0.0
2019-07-07 04:00:00,188,4.0,76,2466,1,0,2402.5,3,35.0,37.16,24.46,24.43,9.1,9.11,0.5802,5.29,258.17,315.66,3.83,-57.48,-53.66,10.1,17.86,0.0,1.94,51.18,751.14,0.0,0.0,0.0,4.44,0.0,0.0
2019-07-07 04:00:00,188,4.0,77,2445,1,0,2402.5,3,35.0,37.7,24.8,24.43,9.1,9.23,0.5807,5.36,258.17,315.66,3.87,-57.48,-53.61,10.1,17.99,0.0,1.94,51.18,751.14,0.0,0.0,0.0,4.44,0.0,0.0
2019-07-07 04:00:00,188,4.0,78,2478,1,0,2402.5,3,35.0,36.85,25.19,24.43,9.1,9.38,0.5799,5.44,258.17,315.66,3.94,-57.48,-53.54,10.1,17.78,0.0,1.94,51.18,751.14,0.0,0.0,0.0,4.44,0.0,0.0
2019-07-07 04:00:00,188,4.0,79,2478,1,0,2402.5,3,35.0,36.85,24.91,24.43,9.1,9.28,0.5799,5.38,258.17,315.66,3.9,-57.48,-53.59,10.1,17.78,0.0,1.94,51.18,751.14,0.0,0.0,0.0,4.44,0.0,0.0
2019-07-07 04:00:00,188,4.0,80,2449,1,0,2402.5,3,35.0,37.6,24.0,24.43,9.1,8.94,0.5806,5.19,258.17,315.66,3.75,-57.48,-53.74,10.1,17.97,0.0,1.94,51.18,751.14,0.0,0.0,0.0,4.44,0.0,0.0
2019-07-07 04:00:00,188,4.0,81,2412,1,0,2402.5,3,35.0,38.56,24.64,24.43,9.1,9.18,0.5815,5.34,258.17,315.66,3.84,-57.48,-53.64,10.1,18.21,0.0,1.94,51.18,751.14,0.0,0.0,0.0,4.44,0.0,0.0
2019-07-07 04:00:00,188,4.0,82,2443,1,0,2402.5,3,35.0,37.76,23.68,24.43,9.1,8.82,0.5807,5.12,258.17,315.66,3.7,-57.48,-53.79,10.1,18.01,0.0,1.94,51.18,751.14,0.0,0.0,0.0,4.44,0.0,0.0
2019-07-07 04:00:00,188,4.0,83,2474,1,0,2402.5,3,35.0,36.95,25.22,24.43,9.1,9.39,0.58,5.45,258.17,315.66,3.95,-57.48,-53.54,10.1,17.8,0.0,1.94,51.18,751.14,0.0,0.0,0.0,4.44,0.0,0.0
2019-07-07 04:00:00,188,4.0,84,2474,1,0,2402.5,3,35.0,36.95,24.79,24.43,9.1,9.23,0.58,5.35,258.17,315.66,3.88,-57.48,-53.61,10.1,17.8,0.0,1.94,51.18,751.14,0.0,0.0,0.0,4.44,0.0,0.0
2019-07-07 04:00:00,188,4.0,85,2436,1,0,2402.5,3,35.0,37.94,23.57,24.43,9.1,8.78,0.5809,5.1,258.17,315.66,3.68,-57.48,-53.8,10.1,18.05,0.0,1.94,51.18,751.14,0.0,0.0,0.0,4.44,0.0,0.0
2019-07-07 04:00:00,188,4.0,86,2397,0,0,2402.5,3,35.0,38.95,24.63,24.43,9.1,9.17,0.2445,2.24,258.17,315.66,6.93,-57.48,-50.55,10.1,18.3,0.0,1.94,51.18,751.14,0.0,0.0,0.0,24.44,0.0,0.0
2019-07-07 04:00:00,188,4.0,87,2415,1,0,2402.5,3,35.0,38.48,24.26,24.43,9.1,9.04,0.5815,5.25,258.17,315.66,3.78,-57.48,-53.7,10.1,18.19,0.0,1.94,51.18,751.14,0.0,0.0,0.0,4.44,0.0,0.0
2019-07-07 04:00:00,188,4.0,88,2476,1,0,2402.5,3,35.0,36.9,24.44,24.43,9.1,9.1,0.5799,5.28,258.17,315.66,3.82,-57.48,-53.66,10.1,17.79,0.0,1.94,51.18,751.14,0.0,0.0,0.0,4.44,0.0,0.0
2019-07-07 04:00:00,188,4.0,89,2428,1,0,2402.5,3,35.0,38.15,22.96,24.43,9.1,8.55,0.5811,4.97,258.17,315.66,3.58,-57.48,-53.9,10.1,18.1,0.0,1.94,51.18,751.14,0.0,0.0,0.0,4.44,0.0,0.0
2019-07-07 04:00:00,188,4.0,90,2377,0,0,2402.5,3,35.0,39.47,24.39,24.43,9.1,9.08,0.245,2.23,258.17,315.66,6.86,-57.48,-50.62,10.1,18.43,0.0,1.94,51.18,751.14,0.0,0.0,0.0,24.44,0.0,0.0
2019-07-07 04:00:00,188,4.0,91,2378,0,0,2402.5,3,35.0,39.45,24.55,24.43,9.1,9.14,0.2449,2.24,258.17,315.66,6.9,-57.48,-50.58,10.1,18.43,0.0,1.94,51.18,751.14,0.0,0.0,0.0,24.44,0.0,0.0
2019-07-07 04:00:00,188,4.0,92,2496,1,0,2402.5,3,35.0,36.38,219.52,24.43,9.1,81.75,0.5794,47.37,258.17,315.66,34.39,-57.48,-23.1,10.1,17.66,0.0,1.94,51.18,751.14,0.0,0.0,0.0,4.44,0.0,0.0
2019-07-07 04:00:00,188,4.0,93,2423,1,0,2402.5,3,35.0,38.28,21.65,24.43,9.1,8.06,0.5813,4.69,258.17,315.66,3.38,-57.48,-54.11,10.1,18.14,0.0,1.94,51.18,751.14,0.0,0.0,0.0,4.44,0.0,0.0
2019-07-07 04:00:00,188,4.0,95,2372,0,0,2402.5,3,35.0,39.6,23.93,24.43,9.1,8.91,0.2451,2.18,258.17,315.66,6.73,-57.48,-50.75,10.1,18.47,0.0,1.94,51.18,751.14,0.0,0.0,0.0,24.44,0.0,0.0
2019-07-07 04:00:00,188,4.0,97,2358,0,0,2402.5,3,35.0,39.97,25.01,24.43,9.1,9.31,0.2454,2.29,258.17,315.66,7.03,-57.48,-50.46,10.1,18.56,0.0,1.94,51.18,751.14,0.0,0.0,0.0,24.44,0.0,0.0
2019-07-07 04:00:00,188,4.0,98,2554,1,0,2402.5,3,35.0,34.87,242.1,24.43,9.1,90.16,0.5779,52.11,258.17,315.66,38.06,-57.48,-19.43,10.1,17.28,0.0,1.94,51.18,751.14,0.0,0.0,0.0,4.44,0.0,0.0
2019-07-07 04:00:00,188,4.0,99,2451,1,0,2402.5,3,35.0,37.55,20.11,24.43,9.1,7.49,0.5805,4.35,258.17,315.66,3.14,-57.48,-54.34,10.1,17.95,0.0,1.94,51.18,751.14,0.0,0.0,0.0,4.44,0.0,0.0
2019-07-07 04:00:00,188,4.0,100,2361,0,0,2402.5,3,35.0,39.89,22.94,24.43,9.1,8.54,0.2454,2.1,258.17,315.66,6.45,-57.48,-51.04,10.1,18.54,0.0,1.94,51.18,751.14,0.0,0.0,0.0,24.44,0.0,0.0
2019-07-07 04:30:00,188,4.5,94,2563,1,0,2402.5,3,35.0,34.64,32.73,35.1,21.8,20.33,0.5777,11.74,258.69,315.66,8.58,-56.96,-48.38,10.17,17.23,0.0,2.38,51.19,751.03,0.0,0.0,0.0,4.44,0.0,0.0
2019-07-07 04:30:00,188,4.5,96,2549,1,0,2402.5,3,35.0,35.0,35.1,35.1,21.8,21.8,0.5781,12.6,258.69,315.66,9.2,-56.96,-47.77,10.17,17.32,0.0,2.38,51.19,751.03,0.0,0.0,0.0,4.44,0.0,0.0
2019-07-07 04:30:00,188,4.5,1,2612,1,0,2402.5,3,35.0,33.36,33.42,35.1,21.8,20.76,0.5765,11.97,258.69,315.66,8.79,-56.96,-48.17,10.17,16.91,0.0,2.38,51.19,751.03,0.0,0.0,0.0,4.44,0.0,0.0
2019-07-07 04:30:00,188,4.5,2,2612,1,0,2402.5,3,35.0,33.36,33.68,35.1,21.8,20.92,0.5765,12.06,258.69,315.66,8.86,-56.96,-48.1,10.17,16.91,0.0,2.38,51.19,751.03,0.0,0.0,0.0,4.44,0.0,0.0
2019-07-07 04:30:00,188,4.5,3,2610,1,0,2402.5,3,35.0,33.41,33.59,35.1,21.8,20.86,0.5765,12.03,258.69,315.66,8.83,-56.96,-48.13,10.17,16.92,0.0,2.38,51.19,751.03,0.0,0.0,0.0,4.44,0.0,0.0
2019-07-07 04:30:00,188,4.5,4,2583,1,0,2402.5,3,35.0,34.12,34.51,35.1,21.8,21.43,0.5772,12.37,258.69,315.66,9.06,-56.96,-47.9,10.17,17.1,0.0,2.38,51.19,751.03,0.0,0.0,0.0,4.44,0.0,0.0
2019-07-07 04:30:00,188,4.5,5,2583,1,0,2402.5,3,35.0,34.12,34.55,35.1,21.8,21.46,0.5772,12.38,258.69,315.66,9.07,-56.96,-47.89,10.17,17.1,0.0,2.38,51.19,751.03,0.0,0.0,0.0,4.44,0.0,0.0
2019-07-07 04:30:00,188,4.5,6,2546,1,0,2402.5,3,35.0,35.08,25.55,35.1,21.8,15.87,0.5781,9.17,258.69,315.66,6.69,-56.96,-50.27,10.17,17.34,0.0,2.38,51.19,751.03,0.0,0.0,0.0,4.44,0.0,0.0
2019-07-07 04:30:00,188,4.5,7,2546,1,0,2402.5,3,35.0,35.08,51.89,35.1,21.8,32.23,0.5781,18.63,258.69,315.66,13.6,-56.96,-43.37,10.17,17.34,0.0,2.38,51.19,751.03,0.0,0.0,0.0,4.44,0.0,0.0
2019-07-07 04:30:00,188,4.5,8,2639,1,0,2402.5,3,35.0,32.66,33.58,35.1,21.8,20.85,0.5758,12.01,258.69,315.66,8.85,-56.96,-48.12,10.17,16.73,0.0,2.38,51.19,751.03,0.0,0.0,0.0,4.44,0.0,0.0
2019-07-07 04:30:00,188,4.5,9,2610,1,0,2402.5,3,35.0,33.41,33.0,35.1,21.8,20.5,0.5765,11.82,258.69,315.66,8.68,-56.96,-48.28,10.17,16.92,0.0,2.38,51.19,751.03,0.0,0.0,0.0,4.44,0.0,0.0
2019-07-07 04:30:00,188,4.5,10,2579,1,0,2402.5,3,35.0,34.22,34.19,35.1,21.8,21.24,0.5773,12.26,258.69,315.66,8.98,-56.96,-47.99,10.17,17.12,0.0,2.38,51.19,751.03,0.0,0.0,0.0,4.44,0.0,0.0
2019-07-07 04:30:00,188,4.5,11,2579,1,0,2402.5,3,35.0,34.22,34.33,35.1,21.8,21.32,0.5773,12.31,258.69,315.66,9.01,-56.96,-47.95,10.17,17.12,0.0,2.38,51.19,751.03,0.0,0.0,0.0,4.44,0.0,0.0
2019-07-07 04:30:00,188,4.5,12,2546,1,0,2402.5,3,35.0,35.08,33.5,35.1,21.8,20.8,0.5781,12.03,258.69,315.66,8.78,-56.96,-48.19,10.17,17.34,0.0,2.38,51.19,751.03,0.0,0.0,0.0,4.44,0.0,0.0
2019-07-07 04:30:00,188,4.5,13,2530,1,0,2402.5,3,35.0,35.49,33.76,35.1,21.8,20.97,0.5785,12.13,258.69,315.66,8.84,-56.96,-48.13,10.17,17.44,0.0,2.38,51.19,751.03,0.0,0.0,0.0,4.44,0.0,0.0
2019-07-07 04:30:00,188,4.5,14,2530,1,0,2402.5,3,35.0,35.49,33.75,35.1,21.8,20.96,0.5785,12.13,258.69,315.66,8.84,-56.96,-48.13,10.17,17.44,0.0,2.38,51.19,751.03,0.0,0.0,0.0,4.44,0.0,0.0
2019-07-07 04:30:00,188,4.5,15,2494,1,0,2402.5,3,35.0,36.43,34.02,35.1,21.8,21.13,0.5795,12.24,258.69,315.66,8.88,-56.96,-48.08,10.17,17.67,0.0,2.38,51.19,751.03,0.0,0.0,0.0,4.44,0.0,0.0
2019-07-07 04:30:00,188,4.5,16,2494,1,0,2402.5,3,35.0,36.43,34.12,35.1,21.8,21.19,0.5795,12.28,258.69,315.66,8.91,-56.96,-48.05,10.17,17.67,0.0,2.38,51.19,751.03,0.0,0.0,0.0,4.44,0.0,0.0
2019-07-07 04:30:00,188,4.5,17,2462,1,0,2402.5,3,35.0,37.26,34.21,35.1,21.8,21.25,0.5803,12.33,258.69,315.66,8.92,-56.96,-48.05,10.17,17.88,0.0,2.38,51.19,751.03,0.0,0.0,0.0,4.44,0.0,0.0
2019-07-07 04:30:00,188,4.5,18,2630,1,0,2402.5,3,35.0,32.89,34.38,35.1,21.8,21.35,0.576,12.3,258.69,315.66,9.05,-56.96,-47.91,10.17,16.79,0.0,2.38,51.19,751.03,0.0,0.0,0.0,4.44,0.0,0.0
2019-07-07 04:30:00,188,4.5,19,2630,1,0,2402.5,3,35.0,32.89,33.85,35.1,21.8,21.02,0.576,12.11,258.69,315.66,8.91,-56.96,-48.05,10.17,16.79,0.0,2.38,51.19,751.03,0.0,0.0,0.0,4.44,0.0,0.0
2019-07-07 04:30:00,188,4.5,20,2604,1,0,2402.5,3,35.0,33.57,32.65,35.1,21.8,20.28,0.5767,11.69,258.69,315.66,8.58,-56.96,-48.38,10.17,16.96,0.0,2.38,51.19,751.03,0.0,0.0,0.0,4.44,0.0,0.0
2019-07-07 04:30:00,188,4.5,21,2563,1,0,2402.5,3,35.0,34.64,32.73,35.1,21.8,20.33,0.5777,11.74,258.69,315.66,8.58,-56.96,-48.38,10.17,17.23,0.0,2.38,51.19,751.03,0.0,0.0,0.0,4.44,0.0,0.0
2019-07-07 04:30:00,188,4.5,22,2556,1,0,2402.5,3,35.0,34.82,34.0,35.1,21.8,21.11,0.5779,12.2,258.69,315.66,8.91,-56.96,-48.05,10.17,17.27,0.0,2.38,51.19,751.03,0.0,0.0,0.0,4.44,0.0,0.0
2019-07-07 04:30:00,188,4.5,23,2549,1,0,2402.5,3,35.0,35.0,35.1,35.1,21.8,21.8,0.5781,12.6,258.69,315.66,9.2,-56.96,-47.77,10.17,17.32,0.0,2.38,51.19,751.03,0.0,0.0,0.0,4.44,0.0,0.0
2019-07-07 04:30:00,188,4.5,24,2549,1,0,2402.5,3,35.0,35.0,25.65,35.1,21.8,15.93,0.5781,9.21,258.69,315.66,6.72,-56.96,-50.24,10.17,17.32,0.0,2.38,51.19,751.03,0.0,0.0,0.0,4.44,0.0,0.0
2019-07-07 04:30:00,188,4.5,25,2524,1,0,2402.5,3,35.0,35.65,69.23,35.1,21.8,43.0,0.5787,24.88,258.69,315.66,18.12,-56.96,-38.85,10.17,17.48,0.0,2.38,51.19,751.03,0.0,0.0,0.0,4.44,0.0,0.0
2019-07-07 04:30:00,188,4.5,26,2502,1,0,2402.5,3,35.0,36.22,35.42,35.1,21.8,22.0,0.5792,12.74,258.69,315.66,9.25,-56.96,-47.71,10.17,17.62,0.0,2.38,51.19,751.03,0.0,0.0,0.0,4.44,0.0,0.0
2019-07-07 04:30:00,188,4.5,27,2502,1,0,2402.5,3,35.0,36.22,32.91,35.1,21.8,20.44,0.5792,11.84,258.69,315.66,8.6,-56.96,-48.36,10.17,17.62,0.0,2.38,51.19,751.03,0.0,0.0,0.0,4.44,0.0,0.0
2019-07-07 04:30:00,188,4.5,28,2477,1,0,2402.5,3,35.0,36.87,35.51,35.1,21.8,22.05,0.5799,12.79,258.69,315.66,9.26,-56.96,-47.7,10.17,17.79,0.0,2.38,51.19,751.03,0.0,0.0,0.0,4.44,0.0,0.0
2019-07-07 04:30:00,188,4.5,29,2477,1,0,2402.5,3,35.0,36.87,35.58,35.1,21.8,22.1,0.5799,12.81,258.69,315.66,9.28,-56.96,-47.68,10.17,17.79,0.0,2.38,51.19,751.03,0.0,0.0,0.0,4.44,0.0,0.0
2019-07-07 04:30:00,188,4.5,30,2440,1,0,2402.5,3,35.0,37.83,35.87,35.1,21.8,22.28,0.5808,12.94,258.69,315.66,9.34,-56.96,-47.62,10.17,18.03,0.0,2.38,51.19,751.03,0.0,0.0,0.0,4.44,0.0,0.0
2019-07-07 04:30:00,188,4.5,31,2620,1,0,2402.5,3,35.0,33.15,228.89,35.1,21.8,142.16,0.5763,81.92,258.69,315.66,60.24,-56.96,3.28,10.17,16.86,0.0,2.38,51.19,751.03,0.0,0.0,0.0,4.44,7.72,0.0421
2019-07-07 04:30:00,188,4.5,32,2576,1,0,2402.5,3,35.0,34.3,33.85,35.1,21.8,21.02,0.5774,12.14,258.69,315.66,8.88,-56.96,-48.08,10.17,17.14,0.0,2.38,51.19,751.03,0.0,0.0,0.0,4.44,0.0,0.0
2019-07-07 04:30:00,188,4.5,33,2576,1,0,2402.5,3,35.0,34.3,34.22,35.1,21.8,21.25,0.5774,12.27,258.69,315.66,8.98,-56.96,-47.98,10.17,17.14,0.0,2.38,51.19,751.03,0.0,0.0,0.0,4.44,0.0,0.0
2019-07-07 04:30:00,188,4.5,34,2576,1,0,2402.5,3,35.0,34.3,34.07,35.1,21.8,21.16,0.5774,12.22,258.69,315.66,8.94,-56.96,-48.02,10.17,17.14,0.0,2.38,51.19,751.03,0.0,0.0,0.0,4.44,0.0,0.0
2019-07-07 04:30:00,188,4.5,35,2556,1,0,2402.5,3,35.0,34.82,33.75,35.1,21.8,20.96,0.5779,12.11,258.69,315.66,8.85,-56.96,-48.11,10.17,17.27,0.0,2.38,51.19,751.03,0.0,0.0,0.0,4.44,0.0,0.0
2019-07-07 04:30:00,188,4.5,36,2533,1,0,2402.5,3,35.0,35.42,34.89,35.1,21.8,21.67,0.5785,12.54,258.69,315.66,9.14,-56.96,-47.83,10.17,17.42,0.0,2.38,51.19,751.03,0.0,0.0,0.0,4.44,0.0,0.0
2019-07-07 04:30:00,188,4.5,37,2532,1,0,2402.5,3,35.0,35.44,35.77,35.1,21.8,22.22,0.5785,12.85,258.69,315.66,9.36,-56.96,-47.6,10.17,17.43,0.0,2.38,51.19,751.03,0.0,0.0,0.0,4.44,0.0,0.0
2019-07-07 04:30:00,188,4.5,38,2534,1,0,2402.5,3,35.0,35.39,39.61,35.1,21.8,24.6,0.5784,14.23,258.69,315.66,10.37,-56.96,-46.59,10.17,17.41,0.0,2.38,51.19,751.03,0.0,0.0,0.0,4.44,0.0,0.0
2019-07-07 04:30:00,188,4.5,39,2534,1,0,2402.5,3,35.0,35.39,97.11,35.1,21.8,60.31,0.5784,34.89,258.69,315.66,25.42,-56.96,-31.54,10.17,17.41,0.0,2.38,51.19,751.03,0.0,0.0,0.0,4.44,0.0,0.0
2019-07-07 04:30:00,188,4.5,40,2515,1,0,2402.5,3,35.0,35.88,162.25,35.1,21.8,100.77,0.5789,58.34,258.69,315.66,42.43,-56.96,-14.53,10.17,17.54,0.0,2.38,51.19,751.03,0.0,0.0,0.0,4.44,0.0,0.0
2019-07-07 04:30:00,188,4.5,41,2487,1,0,2402.5,3,35.0,36.61,143.26,35.1,21.8,88.98,0.5796,51.57,258.69,315.66,37.4,-56.96,-19.56,10.17,17.72,0.0,2.38,51.19,751.03,0.0,0.0,0.0,4.44,0.0,0.0
2019-07-07 04:30:00,188,4.5,42,2487,1,0,2402.5,3,35.0,36.61,129.41,35.1,21.8,80.37,0.5796,46.59,258.69,315.66,33.79,-56.96,-23.18,10.17,17.72,0.0,2.38,51.19,751.03,0.0,0.0,0.0,4.44,0.0,0.0
2019-07-07 04:30:00,188,4.5,43,2464,1,0,2402.5,3,35.0,37.21,110.61,35.1,21.8,68.69,0.5802,39.86,258.69,315.66,28.84,-56.96,-28.13,10.17,17.87,0.0,2.38,51.19,751.03,0.0,0.0,0.0,4.44,0.0,0.0
2019-07-07 04:30:00,188,4.5,44,2555,1,0,2402.5,3,35.0,34.84,34.53,35.1,21.8,21.45,0.5779,12.39,258.69,315.66,9.05,-56.96,-47.91,10.17,17.28,0.0,2.38,51.19,751.03,0.0,0.0,0.0,4.44,0.0,0.0
2019-07-07 04:30:00,188,4.5,45,2555,1,0,2402.5,3,35.0,34.84,35.44,35.1,21.8,22.01,0.5779,12.72,258.69,315.66,9.29,-56.96,-47.67,10.17,17.28,0.0,2.38,51.19,751.03,0.0,0.0,0.0,4.44,0.0,0.0
2019-07-07 04:30:00,188,4.5,46,2555,1,0,2402.5,3,35.0,34.84,35.2,35.1,21.8,21.86,0.5779,12.63,258.69,315.66,9.23,-56.96,-47.74,10.17,17.28,0.0,2.38,51.19,751.03,0.0,0.0,0.0,4.44,0.0,0.0
2019-07-07 04:30:00,188,4.5,47,2530,1,0,2402.5,3,35.0,35.49,41.24,35.1,21.8,25.61,0.5785,14.82,258.69,315.66,10.8,-56.96,-46.17,10.17,17.44,0.0,2.38,51.19,751.03,0.0,0.0,0.0,4.44,0.0,0.0
2019-07-07 04:30:00,188,4.5,48,2510,1,0,2402.5,3,35.0,36.01,35.76,35.1,21.8,22.21,0.579,12.86,258.69,315.66,9.35,-56.96,-47.61,10.17,17.57,0.0,2.38,51.19,751.03,0.0,0.0,0.0,4.44,0.0,0.0
2019-07-07 04:30:00,188,4.5,49,2534,1,0,2402.5,3,35.0,35.39,120.62,35.1,21.8,74.91,0.5784,43.33,258.69,315.66,31.58,-56.96,-25.38,10.17,17.41,0.0,2.38,51.19,751.03,0.0,0.0,0.0,4.44,0.0,0.0
2019-07-07 04:30:00,188,4.5,50,2531,1,0,2402.5,3,35.0,35.47,34.45,35.1,21.8,21.39,0.5785,12.38,258.69,315.66,9.02,-56.96,-47.95,10.17,17.43,0.0,2.38,51.19,751.03,0.0,0.0,0.0,4.44,0.0,0.0
2019-07-07 04:30:00,188,4.5,51,2531,1,0,2402.5,3,35.0,35.47,36.01,35.1,21.8,22.36,0.5785,12.94,258.69,315.66,9.43,-56.96,-47.54,10.17,17.43,0.0,2.38,51.19,751.03,0.0,0.0,0.0,4.44,0.0,0.0
2019-07-07 04:30:00,188,4.5,52,2531,1,0,2402.5,3,35.0,35.47,70.51,35.1,21.8,43.79,0.5785,25.33,258.69,315.66,18.46,-56.96,-38.51,10.17,17.43,0.0,2.38,51.19,751.03,0.0,0.0,0.0,4.44,0.0,0.0
2019-07-07 04:30:00,188,4.5,53,2507,1,0,2402.5,3,35.0,36.09,98.66,35.1,21.8,61.27,0.5791,35.48,258.69,315.66,25.79,-56.96,-31.18,10.17,17.59,0.0,2.38,51.19,751.03,0.0,0.0,0.0,4.44,0.0,0.0
2019-07-07 04:30:00,188,4.5,54,2494,1,0,2402.5,3,35.0,36.43,36.13,35.1,21.8,22.44,0.5795,13.0,258.69,315.66,9.44,-56.96,-47.53,10.17,17.67,0.0,2.38,51.19,751.03,0.0,0.0,0.0,4.44,0.0,0.0
2019-07-07 04:30:00,188,4.5,55,2531,1,0,2402.5,3,35.0,35.47,29.14,35.1,21.8,18.1,0.5785,10.47,258.69,315.66,7.63,-56.96,-49.34,10.17,17.43,0.0,2.38,51.19,751.03,0.0,0.0,0.0,4.44,0.0,0.0
2019-07-07 04:30:00,188,4.5,56,2531,1,0,2402.5,3,35.0,35.47,67.63,35.1,21.8,42.0,0.5785,24.3,258.69,315.66,17.7,-56.96,-39.26,10.17,17.43,0.0,2.38,51.19,751.03,0.0,0.0,0.0,4.44,0.0,0.0
2019-07-07 04:30:00,188,4.5,57,2507,1,0,2402.5,3,35.0,36.09,90.4,35.1,21.8,56.14,0.5791,32.51,258.69,315.66,23.63,-56.96,-33.33,10.17,17.59,0.0,2.38,51.19,751.03,0.0,0.0,0.0,4.44,0.0,0.0
2019-07-07 04:30:00,188,4.5,58,2494,1,0,2402.5,3,35.0,36.43,35.92,35.1,21.8,22.31,0.5795,12.93,258.69,315.66,9.38,-56.96,-47.58,10.17,17.67,0.0,2.38,51.19,751.03,0.0,0.0,0.0,4.44,0.0,0.0
2019-07-07 04:30:00,188,4.5,59,2506,1,0,2402.5,3,35.0,36.12,35.98,35.1,21.8,22.35,0.5791,12.94,258.69,315.66,9.41,-56.96,-47.56,10.17,17.6,0.0,2.38,51.19,751.03,0.0,0.0,0.0,4.44,0.0,0.0
2019-07-07 04:30:00,188,4.5,60,2506,1,0,2402.5,3,35.0,36.12,65.24,35.1,21.8,40.52,0.5791,23.47,258.69,315.66,17.05,-56.96,-39.91,10.17,17.6,0.0,2.38,51.19,751.03,0.0,0.0,0.0,4.44,0.0,0.0
2019-07-07 04:30:00,188,4.5,61,2485,1,0,2402.5,3,35.0,36.66,35.3,35.1,21.8,21.93,0.5797,12.71,258.69,315.66,9.22,-56.96,-47.75,10.17,17.73,0.0,2.38,51.19,751.03,0.0,0.0,0.0,4.44,0.0,0.0
2019-07-07 04:30:00,188,4.5,62,2469,1,0,2402.5,3,35.0,37.08,35.65,35.1,21.8,22.14,0.5801,12.84,258.69,315.66,9.3,-56.96,-47.67,10.17,17.84,0.0,2.38,51.19,751.03,0.0,0.0,0.0,4.44,0.0,0.0
2019-07-07 04:30:00,188,4.5,63,2506,1,0,2402.5,3,35.0,36.12,177.2,35.1,21.8,110.06,0.5791,63.74,258.69,315.66,46.32,-56.96,-10.65,10.17,17.6,0.0,2.38,51.19,751.03,0.0,0.0,0.0,4.44,0.0,0.0
2019-07-07 04:30:00,188,4.5,64,2506,1,0,2402.5,3,35.0,36.12,50.51,35.1,21.8,31.37,0.5791,18.17,258.69,315.66,13.2,-56.96,-43.76,10.17,17.6,0.0,2.38,51.19,751.03,0.0,0.0,0.0,4.44,0.0,0.0
2019-07-07 04:30:00,188,4.5,65,2506,1,0,2402.5,3,35.0,36.12,86.04,35.1,21.8,53.43,0.5791,30.95,258.69,315.66,22.49,-56.96,-34.48,10.17,17.6,0.0,2.38,51.19,751.03,0.0,0.0,0.0,4.44,0.0,0.0
2019-07-07 04:30:00,188,4.5,66,2485,1,0,2402.5,3,35.0,36.66,35.44,35.1,21.8,22.01,0.5797,12.76,258.69,315.66,9.25,-56.96,-47.71,10.17,17.73,0.0,2.38,51.19,751.03,0.0,0.0,0.0,4.44,0.0,0.0
2019-07-07 04:30:00,188,4.5,67,2455,1,0,2402.5,3,35.0,37.44,36.12,35.1,21.8,22.44,0.5804,13.02,258.69,315.66,9.41,-56.96,-47.55,10.17,17.93,0.0,2.38,51.19,751.03,0.0,0.0,0.0,4.44,0.0,0.0
2019-07-07 04:30:00,188,4.5,68,2489,1,0,2402.5,3,35.0,36.56,33.27,35.1,21.8,20.66,0.5796,11.97,258.69,315.66,8.69,-56.96,-48.28,10.17,17.71,0.0,2.38,51.19,751.03,0.0,0.0,0.0,4.44,0.0,0.0
2019-07-07 04:30:00,188,4.5,69,2489,1,0,2402.5,3,35.0,36.56,36.06,35.1,21.8,22.39,0.5796,12.98,258.69,315.66,9.41,-56.96,-47.55,10.17,17.71,0.0,2.38,51.19,751.03,0.0,0.0,0.0,4.44,0.0,0.0
2019-07-07 04:30:00,188,4.5,70,2489,1,0,2402.5,3,35.0,36.56,66.29,35.1,21.8,41.17,0.5796,23.86,258.69,315.66,17.31,-56.96,-39.66,10.17,17.71,0.0,2.38,51.19,751.03,0.0,0.0,0.0,4.44,0.0,0.0
2019-07-07 04:30:00,188,4.5,71,2477,1,0,2402.5,3,35.0,36.87,35.49,35.1,21.8,22.04,0.5799,12.78,258.69,315.66,9.26,-56.96,-47.7,10.17,17.79,0.0,2.38,51.19,751.03,0.0,0.0,0.0,4.44,0.0,0.0
2019-07-07 04:30:00,188,4.5,72,2455,1,0,2402.5,3,35.0,37.44,36.16,35.1,21.8,22.46,0.5804,13.04,258.69,315.66,9.42,-56.96,-47.54,10.17,17.93,0.0,2.38,51.19,751.03,0.0,0.0,0.0,4.44,0.0,0.0
2019-07-07 04:30:00,188,4.5,73,2485,1,0,2402.5,3,35.0,36.66,220.3,35.1,21.8,136.82,0.5797,79.31,258.69,315.66,57.51,-56.96,0.55,10.17,17.73,0.0,2.38,51.19,751.03,0.0,0.0,0.0,4.44,4.99,0.0272
2019-07-07 04:30:00,188,4.5,74,2485,1,0,2402.5,3,35.0,36.66,66.58,35.1,21.8,41.35,0.5797,23.97,258.69,315.66,17.38,-56.96,-39.58,10.17,17.73,0.0,2.38,51.19,751.03,0.0,0.0,0.0,4.44,0.0,0.0
2019-07-07 04:30:00,188,4.5,75,2485,1,0,2402.5,3,35.0,36.66,86.15,35.1,21.8,53.5,0.5797,31.01,258.69,315.66,22.49,-56.96,-34.47,10.17,17.73,0.0,2.38,51.19,751.03,0.0,0.0,0.0,4.44,0.0,0.0
2019-07-07 04:30:00,188,4.5,76,2466,1,0,2402.5,3,35.0,37.16,35.15,35.1,21.8,21.83,0.5802,12.67,258.69,315.66,9.17,-56.96,-47.8,10.17,17.86,0.0,2.38,51.19,751.03,0.0,0.0,0.0,4.44,0.0,0.0
2019-07-07 04:30:00,188,4.5,77,2445,1,0,2402.5,3,35.0,37.7,35.63,35.1,21.8,22.13,0.5807,12.85,258.69,315.66,9.28,-56.96,-47.69,10.17,17.99,0.0,2.38,51.19,751.03,0.0,0.0,0.0,4.44,0.0,0.0
2019-07-07 04:30:00,188,4.5,78,2478,1,0,2402.5,3,35.0,36.85,36.19,35.1,21.8,22.48,0.5799,13.03,258.69,315.66,9.44,-56.96,-47.52,10.17,17.78,0.0,2.38,51.19,751.03,0.0,0.0,0.0,4.44,0.0,0.0
2019-07-07 04:30:00,188,4.5,79,2478,1,0,2402.5,3,35.0,36.85,35.8,35.1,21.8,22.23,0.5799,12.89,258.69,315.66,9.34,-56.96,-47.62,10.17,17.78,0.0,2.38,51.19,751.03,0.0,0.0,0.0,4.44,0.0,0.0
2019-07-07 04:30:00,188,4.5,80,2449,1,0,2402.5,3,35.0,37.6,34.48,35.1,21.8,21.41,0.5806,12.43,258.69,315.66,8.98,-56.96,-47.98,10.17,17.97,0.0,2.38,51.19,751.03,0.0,0.0,0.0,4.44,0.0,0.0
2019-07-07 04:30:00,188,4.5,81,2412,1,0,2402.5,3,35.0,38.56,35.41,35.1,21.8,21.99,0.5815,12.79,258.69,315.66,9.2,-56.96,-47.76,10.17,18.21,0.0,2.38,51.19,751.03,0.0,0.0,0.0,4.44,0.0,0.0
2019-07-07 04:30:00,188,4.5,82,2443,1,0,2402.5,3,35.0,37.76,34.02,35.1,21.8,21.13,0.5807,12.27,258.69,315.66,8.86,-56.96,-48.1,10.17,18.01,0.0,2.38,51.19,751.03,0.0,0.0,0.0,4.44,0.0,0.0
2019-07-07 04:30:00,188,4.5,83,2474,1,0,2402.5,3,35.0,36.95,36.24,35.1,21.8,22.51,0.58,13.05,258.69,315.66,9.45,-56.96,-47.51,10.17,17.8,0.0,2.38,51.19,751.03,0.0,0.0,0.0,4.44,0.0,0.0
2019-07-07 04:30:00,188,4.5,84,2474,1,0,2402.5,3,35.0,36.95,35.62,35.1,21.8,22.12,0.58,12.83,258.69,315.66,9.29,-56.96,-47.67,10.17,17.8,0.0,2.38,51.19,751.03,0.0,0.0,0.0,4.44,0.0,0.0
2019-07-07 04:30:00,188,4.5,85,2436,1,0,2402.5,3,35.0,37.94,33.87,35.1,21.8,21.04,0.5809,12.22,258.69,315.66,8.82,-56.96,-48.15,10.17,18.05,0.0,2.38,51.19,751.03,0.0,0.0,0.0,4.44,0.0,0.0
2019-07-07 04:30:00,188,4.5,86,2397,0,0,2402.5,3,35.0,38.95,35.39,35.1,21.8,21.98,0.2445,5.37,258.69,315.66,16.61,-56.96,-40.36,10.17,18.3,0.0,2.38,51.19,751.03,0.0,0.0,0.0,24.44,0.0,0.0
2019-07-07 04:30:00,188,4.5,87,2415,1,0,2402.5,3,35.0,38.48,34.86,35.1,21.8,21.65,0.5815,12.59,258.69,315.66,9.06,-56.96,-47.9,10.17,18.19,0.0,2.38,51.19,751.03,0.0,0.0,0.0,4.44,0.0,0.0
2019-07-07 04:30:00,188,4.5,88,2476,1,0,2402.5,3,35.0,36.9,206.29,35.1,21.8,128.12,0.5799,74.3,258.69,315.66,53.82,-56.96,-3.14,10.17,17.79,0.0,2.38,51.19,751.03,0.0,0.0,0.0,4.44,1.3,0.0071
2019-07-07 04:30:00,188,4.5,89,2428,1,0,2402.5,3,35.0,38.15,33.0,35.1,21.8,20.49,0.5811,11.91,258.69,315.66,8.58,-56.96,-48.38,10.17,18.1,0.0,2.38,51.19,751.03,0.0,0.0,0.0,4.44,0.0,0.0
2019-07-07 04:30:00,188,4.5,90,2377,0,0,2402.5,3,35.0,39.47,35.05,35.1,21.8,21.77,0.245,5.33,258.69,315.66,16.43,-56.96,-40.53,10.17,18.43,0.0,2.38,51.19,751.03,0.0,0.0,0.0,24.44,0.0,0.0
2019-07-07 04:30:00,188,4.5,91,2378,0,0,2402.5,3,35.0,39.45,35.28,35.1,21.8,21.91,0.2449,5.37,258.69,315.66,16.55,-56.96,-40.42,10.17,18.43,0.0,2.38,51.19,751.03,0.0,0.0,0.0,24.44,0.0,0.0
2019-07-07 04:30:00,188,4.5,92,2496,1,0,2402.5,3,35.0,36.38,343.27,35.1,21.8,213.2,0.5794,123.53,258.69,315.66,89.67,-56.96,32.71,10.17,17.66,0.0,2.38,51.19,751.03,0.0,0.0,0.0,4.44,37.15,0.2026
2019-07-07 04:30:00,188,4.5,93,2423,1,0,2402.5,3,35.0,38.28,31.12,35.1,21.8,19.33,0.5813,11.23,258.69,315.66,8.09,-56.96,-48.87,10.17,18.14,0.0,2.38,51.19,751.03,0.0,0.0,0.0,4.44,0.0,0.0
2019-07-07 04:30:00,188,4.5,95,2372,0,0,2402.5,3,35.0,39.6,34.39,35.1,21.8,21.36,0.2451,5.24,258.69,315.66,16.13,-56.96,-40.84,10.17,18.47,0.0,2.38,51.19,751.03,0.0,0.0,0.0,24.44,0.0,0.0
2019-07-07 04:30:00,188,4.5,97,2358,0,0,2402.5,3,35.0,39.97,35.94,35.1,21.8,22.32,0.2454,5.48,258.69,315.66,16.84,-56.96,-40.12,10.17,18.56,0.0,2.38,51.19,751.03,0.0,0.0,0.0,24.44,0.0,0.0
2019-07-07 04:30:00,188,4.5,98,2554,1,0,2402.5,3,35.0,34.87,371.24,35.1,21.8,230.57,0.5779,133.25,258.69,315.66,97.32,-56.96,40.35,10.17,17.28,0.0,2.38,51.19,751.03,0.0,0.0,0.0,4.44,44.8,0.2443
2019-07-07 04:30:00,188,4.5,99,2451,1,0,2402.5,3,35.0,37.55,117.04,35.1,21.8,72.69,0.5805,42.2,258.69,315.66,30.49,-56.96,-26.47,10.17,17.95,0.0,2.38,51.19,751.03,0.0,0.0,0.0,4.44,0.0,0.0
2019-07-07 04:30:00,188,4.5,100,2361,0,0,2402.5,3,35.0,39.89,32.97,35.1,21.8,20.48,0.2454,5.02,258.69,315.66,15.45,-56.96,-41.51,10.17,18.54,0.0,2.38,51.19,751.03,0.0,0.0,0.0,24.44,0.0,0.0
2019-07-07 05:00:00,188,5.0,94,2563,1,0,2402.5,3,35.0,34.64,42.43,45.51,81.6,76.08,0.5777,43.95,259.51,315.66,32.13,-56.14,-24.01,10.48,17.23,0.0,2.37,49.91,750.82,0.0,0.0,0.0,4.44,0.0,0.0
2019-07-07 05:00:00,188,5.0,96,2549,1,0,2402.5,3,35.0,35.0,45.51,45.51,81.6,81.6,0.5781,47.17,259.51,315.66,34.43,-56.14,-21.71,10.48,17.32,0.0,2.37,49.91,750.82,0.0,0.0,0.0,4.44,0.0,0.0
2019-07-07 05:00:00,188,5.0,1,2612,1,0,2402.5,3,35.0,33.36,43.33,45.51,81.6,77.7,0.5765,44.79,259.51,315.66,32.91,-56.14,-23.23,10.48,16.91,0.0,2.37,49.91,750.82,0.0,0.0,0.0,4.44,0.0,0.0
2019-07-07 05:00:00,188,5.0,2,2612,1,0,2402.5,3,35.0,33.36,43.67,45.51,81.6,78.3,0.5765,45.14,259.51,315.66,33.16,-56.14,-22.98,10.48,16.91,0.0,2.37,49.91,750.82,0.0,0.0,0.0,4.44,0.0,0.0
2019-07-07 05:00:00,188,5.0,3,2610,1,0,2402.5,3,35.0,33.41,43.54,45.51,81.6,78.08,0.5765,45.01,259.51,315.66,33.06,-56.14,-23.08,10.48,16.92,0.0,2.37,49.91,750.82,0.0,0.0,0.0,4.44,0.0,0.0
2019-07-07 05:00:00,188,5.0,4,2583,1,0,2402.5,3,35.0,34.12,44.74,45.51,81.6,80.22,0.5772,46.3,259.51,315.66,33.92,-56.14,-22.23,10.48,17.1,0.0,2.37,49.91,750.82,0.0,0.0,0.0,4.44,0.0,0.0
2019-07-07 05:00:00,188,5.0,5,2583,1,0,2402.5,3,35.0,34.12,31.87,45.51,81.6,57.15,0.5772,32.99,259.51,315.66,24.16,-56.14,-31.98,10.48,17.1,0.0,2.37,49.91,750.82,0.0,0.0,0.0,4.44,0.0,0.0
2019-07-07 05:00:00,188,5.0,6,2546,1,0,2402.5,3,35.0,35.08,49.49,45.51,81.6,88.74,0.5781,51.3,259.51,315.66,37.44,-56.14,-18.71,10.48,17.34,0.0,2.37,49.91,750.82,0.0,0.0,0.0,4.44,0.0,0.0
2019-07-07 05:00:00,188,5.0,7,2546,1,0,2402.5,3,35.0,35.08,82.16,45.51,81.6,147.33,0.5781,85.18,259.51,315.66,62.15,-56.14,6.01,10.48,17.34,0.0,2.37,49.91,750.82,0.0,0.0,0.0,4.44,10.45,0.057
2019-07-07 05:00:00,188,5.0,8,2639,1,0,2402.5,3,35.0,32.66,43.53,45.51,81.6,78.05,0.5758,44.94,259.51,315.66,33.11,-56.14,-23.03,10.48,16.73,0.0,2.37,49.91,750.82,0.0,0.0,0.0,4.44,0.0,0.0
2019-07-07 05:00:00,188,5.0,9,2610,1,0,2402.5,3,35.0,33.41,42.78,45.51,81.6,76.72,0.5765,44.23,259.51,315.66,32.49,-56.14,-23.65,10.48,16.92,0.0,2.37,49.91,750.82,0.0,0.0,0.0,4.44,0.0,0.0
2019-07-07 05:00:00,188,5.0,10,2579,1,0,2402.5,3,35.0,34.22,44.33,45.51,81.6,79.49,0.5773,45.89,259.51,315.66,33.6,-56.14,-22.55,10.48,17.12,0.0,2.37,49.91,750.82,0.0,0.0,0.0,4.44,0.0,0.0
2019-07-07 05:00:00,188,5.0,11,2579,1,0,2402.5,3,35.0,34.22,44.51,45.51,81.6,79.81,0.5773,46.07,259.51,315.66,33.74,-56.14,-22.41,10.48,17.12,0.0,2.37,49.91,750.82,0.0,0.0,0.0,4.44,0.0,0.0
2019-07-07 05:00:00,188,5.0,12,2546,1,0,2402.5,3,35.0,35.08,43.43,45.51,81.6,77.87,0.5781,45.02,259.51,315.66,32.85,-56.14,-23.29,10.48,17.34,0.0,2.37,49.91,750.82,0.0,0.0,0.0,4.44,0.0,0.0
2019-07-07 05:00:00,188,5.0,13,2530,1,0,2402.5,3,35.0,35.49,43.77,45.51,81.6,78.49,0.5785,45.41,259.51,315.66,33.08,-56.14,-23.06,10.48,17.44,0.0,2.37,49.91,750.82,0.0,0.0,0.0,4.44,0.0,0.0
2019-07-07 05:00:00,188,5.0,14,2530,1,0,2402.5,3,35.0,35.49,43.76,45.51,81.6,78.47,0.5785,45.4,259.51,315.66,33.07,-56.14,-23.07,10.48,17.44,0.0,2.37,49.91,750.82,0.0,0.0,0.0,4.44,0.0,0.0
2019-07-07 05:00:00,188,5.0,15,2494,1,0,2402.5,3,35.0,36.43,44.1,45.51,81.6,79.08,0.5795,45.82,259.51,315.66,33.26,-56.14,-22.89,10.48,17.67,0.0,2.37,49.91,750.82,0.0,0.0,0.0,4.44,0.0,0.0
2019-07-07 05:00:00,188,5.0,16,2494,1,0,2402.5,3,35.0,36.43,44.24,45.51,81.6,79.32,0.5795,45.96,259.51,315.66,33.36,-56.14,-22.78,10.48,17.67,0.0,2.37,49.91,750.82,0.0,0.0,0.0,4.44,0.0,0.0
2019-07-07 05:00:00,188,5.0,17,2462,1,0,2402.5,3,35.0,37.26,44.35,45.51,81.6,79.53,0.5803,46.15,259.51,315.66,33.38,-56.14,-22.76,10.48,17.88,0.0,2.37,49.91,750.82,0.0,0.0,0.0,4.44,0.0,0.0
2019-07-07 05:00:00,188,5.0,18,2630,1,0,2402.5,3,35.0,32.89,44.57,45.51,81.6,79.92,0.576,46.03,259.51,315.66,33.88,-56.14,-22.26,10.48,16.79,0.0,2.37,49.91,750.82,0.0,0.0,0.0,4.44,0.0,0.0
2019-07-07 05:00:00,188,5.0,19,2630,1,0,2402.5,3,35.0,32.89,43.88,45.51,81.6,78.68,0.576,45.32,259.51,315.66,33.36,-56.14,-22.78,10.48,16.79,0.0,2.37,49.91,750.82,0.0,0.0,0.0,4.44,0.0,0.0
2019-07-07 05:00:00,188,5.0,20,2604,1,0,2402.5,3,35.0,33.57,42.33,45.51,81.6,75.9,0.5767,43.77,259.51,315.66,32.13,-56.14,-24.01,10.48,16.96,0.0,2.37,49.91,750.82,0.0,0.0,0.0,4.44,0.0,0.0
2019-07-07 05:00:00,188,5.0,21,2563,1,0,2402.5,3,35.0,34.64,42.43,45.51,81.6,76.08,0.5777,43.95,259.51,315.66,32.13,-56.14,-24.01,10.48,17.23,0.0,2.37,49.91,750.82,0.0,0.0,0.0,4.44,0.0,0.0
2019-07-07 05:00:00,188,5.0,22,2556,1,0,2402.5,3,35.0,34.82,44.08,45.51,81.6,79.04,0.5779,45.67,259.51,315.66,33.36,-56.14,-22.78,10.48,17.27,0.0,2.37,49.91,750.82,0.0,0.0,0.0,4.44,0.0,0.0
2019-07-07 05:00:00,188,5.0,23,2549,1,0,2402.5,3,35.0,35.0,45.51,45.51,81.6,81.6,0.5781,47.17,259.51,315.66,34.43,-56.14,-21.71,10.48,17.32,0.0,2.37,49.91,750.82,0.0,0.0,0.0,4.44,0.0,0.0
2019-07-07 05:00:00,188,5.0,24,2549,1,0,2402.5,3,35.0,35.0,55.95,45.51,81.6,100.32,0.5781,57.99,259.51,315.66,42.33,-56.14,-13.82,10.48,17.32,0.0,2.37,49.91,750.82,0.0,0.0,0.0,4.44,0.0,0.0
2019-07-07 05:00:00,188,5.0,25,2524,1,0,2402.5,3,35.0,35.65,101.23,45.51,81.6,181.53,0.5787,105.05,259.51,315.66,76.48,-56.14,20.33,10.48,17.48,0.0,2.37,49.91,750.82,0.0,0.0,0.0,4.44,24.78,0.1352
2019-07-07 05:00:00,188,5.0,26,2502,1,0,2402.5,3,35.0,36.22,55.6,45.51,81.6,99.71,0.5792,57.75,259.51,315.66,41.95,-56.14,-14.19,10.48,17.62,0.0,2.37,49.91,750.82,0.0,0.0,0.0,4.44,0.0,0.0
2019-07-07 05:00:00,188,5.0,27,2502,1,0,2402.5,3,35.0,36.22,64.31,45.51,81.6,115.31,0.5792,66.8,259.51,315.66,48.52,-56.14,-7.63,10.48,17.62,0.0,2.37,49.91,750.82,0.0,0.0,0.0,4.44,0.0,0.0
2019-07-07 05:00:00,188,5.0,28,2477,1,0,2402.5,3,35.0,36.87,85.86,45.51,81.6,153.95,0.5799,89.28,259.51,315.66,64.68,-56.14,8.53,10.48,17.79,0.0,2.37,49.91,750.82,0.0,0.0,0.0,4.44,12.98,0.0708
2019-07-07 05:00:00,188,5.0,29,2477,1,0,2402.5,3,35.0,36.87,114.0,45.51,81.6,204.41,0.5799,118.54,259.51,315.66,85.88,-56.14,29.73,10.48,17.79,0.0,2.37,49.91,750.82,0.0,0.0,0.0,4.44,34.18,0.1864
2019-07-07 05:00:00,188,5.0,30,2440,1,0,2402.5,3,35.0,37.83,134.67,45.51,81.6,241.48,0.5808,140.26,259.51,315.66,101.23,-56.14,45.08,10.48,18.03,0.0,2.37,49.91,750.82,0.0,0.0,0.0,4.44,49.53,0.2701
2019-07-07 05:00:00,188,5.0,31,2620,1,0,2402.5,3,35.0,33.15,294.85,45.51,81.6,528.7,0.5763,304.67,259.51,315.66,224.03,-56.14,167.89,10.48,16.86,0.0,2.37,49.91,750.82,0.0,0.0,0.0,4.44,172.33,0.94
2019-07-07 05:00:00,188,5.0,32,2576,1,0,2402.5,3,35.0,34.3,43.88,45.51,81.6,78.68,0.5774,45.43,259.51,315.66,33.25,-56.14,-22.89,10.48,17.14,0.0,2.37,49.91,750.82,0.0,0.0,0.0,4.44,0.0,0.0
2019-07-07 05:00:00,188,5.0,33,2576,1,0,2402.5,3,35.0,34.3,44.36,45.51,81.6,79.55,0.5774,45.93,259.51,315.66,33.62,-56.14,-22.52,10.48,17.14,0.0,2.37,49.91,750.82,0.0,0.0,0.0,4.44,0.0,0.0
2019-07-07 05:00:00,188,5.0,34,2576,1,0,2402.5,3,35.0,34.3,44.18,45.51,81.6,79.21,0.5774,45.74,259.51,315.66,33.48,-56.14,-22.67,10.48,17.14,0.0,2.37,49.91,750.82,0.0,0.0,0.0,4.44,0.0,0.0
2019-07-07 05:00:00,188,5.0,35,2556,1,0,2402.5,3,35.0,34.82,43.76,45.51,81.6,78.46,0.5779,45.34,259.51,315.66,33.12,-56.14,-23.02,10.48,17.27,0.0,2.37,49.91,750.82,0.0,0.0,0.0,4.44,0.0,0.0
2019-07-07 05:00:00,188,5.0,36,2533,1,0,2402.5,3,35.0,35.42,45.24,45.51,81.6,81.12,0.5785,46.93,259.51,315.66,34.2,-56.14,-21.95,10.48,17.42,0.0,2.37,49.91,750.82,0.0,0.0,0.0,4.44,0.0,0.0
2019-07-07 05:00:00,188,5.0,37,2532,1,0,2402.5,3,35.0,35.44,37.38,45.51,81.6,67.03,0.5785,38.77,259.51,315.66,28.25,-56.14,-27.89,10.48,17.43,0.0,2.37,49.91,750.82,0.0,0.0,0.0,4.44,0.0,0.0
2019-07-07 05:00:00,188,5.0,38,2534,1,0,2402.5,3,35.0,35.39,86.66,45.51,81.6,155.39,0.5784,89.88,259.51,315.66,65.51,-56.14,9.36,10.48,17.41,0.0,2.37,49.91,750.82,0.0,0.0,0.0,4.44,13.81,0.0753
2019-07-07 05:00:00,188,5.0,39,2534,1,0,2402.5,3,35.0,35.39,151.04,45.51,81.6,270.83,0.5784,156.66,259.51,315.66,114.17,-56.14,58.03,10.48,17.41,0.0,2.37,49.91,750.82,0.0,0.0,0.0,4.44,62.47,0.3408
2019-07-07 05:00:00,188,5.0,40,2515,1,0,2402.5,3,35.0,35.88,220.99,45.51,81.6,396.26,0.5789,229.4,259.51,315.66,166.86,-56.14,110.71,10.48,17.54,0.0,2.37,49.91,750.82,0.0,0.0,0.0,4.44,115.16,0.6281
2019-07-07 05:00:00,188,5.0,41,2487,1,0,2402.5,3,35.0,36.61,204.46,45.51,81.6,366.62,0.5796,212.5,259.51,315.66,154.12,-56.14,97.97,10.48,17.72,0.0,2.37,49.91,750.82,0.0,0.0,0.0,4.44,102.42,0.5586
2019-07-07 05:00:00,188,5.0,42,2487,1,0,2402.5,3,35.0,36.61,186.7,45.51,81.6,334.77,0.5796,194.04,259.51,315.66,140.73,-56.14,84.59,10.48,17.72,0.0,2.37,49.91,750.82,0.0,0.0,0.0,4.44,89.03,0.4856
2019-07-07 05:00:00,188,5.0,43,2464,1,0,2402.5,3,35.0,37.21,162.88,45.51,81.6,292.06,0.5802,169.46,259.51,315.66,122.6,-56.14,66.46,10.48,17.87,0.0,2.37,49.91,750.82,0.0,0.0,0.0,4.44,70.9,0.3867
2019-07-07 05:00:00,188,5.0,44,2555,1,0,2402.5,3,35.0,34.84,111.01,45.51,81.6,199.06,0.5779,115.04,259.51,315.66,84.02,-56.14,27.88,10.48,17.28,0.0,2.37,49.91,750.82,0.0,0.0,0.0,4.44,32.32,0.1763
2019-07-07 05:00:00,188,5.0,45,2555,1,0,2402.5,3,35.0,34.84,45.94,45.51,81.6,82.38,0.5779,47.61,259.51,315.66,34.77,-56.14,-21.37,10.48,17.28,0.0,2.37,49.91,750.82,0.0,0.0,0.0,4.44,0.0,0.0
2019-07-07 05:00:00,188,5.0,46,2555,1,0,2402.5,3,35.0,34.84,38.14,45.51,81.6,68.38,0.5779,39.52,259.51,315.66,28.86,-56.14,-27.28,10.48,17.28,0.0,2.37,49.91,750.82,0.0,0.0,0.0,4.44,0.0,0.0
2019-07-07 05:00:00,188,5.0,47,2530,1,0,2402.5,3,35.0,35.49,67.96,45.51,81.6,121.85,0.5785,70.5,259.51,315.66,51.36,-56.14,-4.79,10.48,17.44,0.0,2.37,49.91,750.82,0.0,0.0,0.0,4.44,0.0,0.0
2019-07-07 05:00:00,188,5.0,48,2510,1,0,2402.5,3,35.0,36.01,51.21,45.51,81.6,91.82,0.579,53.17,259.51,315.66,38.65,-56.14,-17.49,10.48,17.57,0.0,2.37,49.91,750.82,0.0,0.0,0.0,4.44,0.0,0.0
2019-07-07 05:00:00,188,5.0,49,2534,1,0,2402.5,3,35.0,35.39,184.37,45.51,81.6,330.6,0.5784,191.23,259.51,315.66,139.37,-56.14,83.22,10.48,17.41,0.0,2.37,49.91,750.82,0.0,0.0,0.0,4.44,87.67,0.4782
2019-07-07 05:00:00,188,5.0,50,2531,1,0,2402.5,3,35.0,35.47,184.24,45.51,81.6,330.37,0.5785,191.12,259.51,315.66,139.25,-56.14,83.1,10.48,17.43,0.0,2.37,49.91,750.82,0.0,0.0,0.0,4.44,87.55,0.4775
2019-07-07 05:00:00,188,5.0,51,2531,1,0,2402.5,3,35.0,35.47,75.68,45.51,81.6,135.71,0.5785,78.51,259.51,315.66,57.2,-56.14,1.06,10.48,17.43,0.0,2.37,49.91,750.82,0.0,0.0,0.0,4.44,5.5,0.03
2019-07-07 05:00:00,188,5.0,52,2531,1,0,2402.5,3,35.0,35.47,113.56,45.51,81.6,203.62,0.5785,117.8,259.51,315.66,85.82,-56.14,29.68,10.48,17.43,0.0,2.37,49.91,750.82,0.0,0.0,0.0,4.44,34.12,0.1861
2019-07-07 05:00:00,188,5.0,53,2507,1,0,2402.5,3,35.0,36.09,142.42,45.51,81.6,255.37,0.5791,147.89,259.51,315.66,107.48,-56.14,51.34,10.48,17.59,0.0,2.37,49.91,750.82,0.0,0.0,0.0,4.44,55.78,0.3043
2019-07-07 05:00:00,188,5.0,54,2494,1,0,2402.5,3,35.0,36.43,46.84,45.51,81.6,84.0,0.5795,48.67,259.51,315.66,35.32,-56.14,-20.82,10.48,17.67,0.0,2.37,49.91,750.82,0.0,0.0,0.0,4.44,0.0,0.0
2019-07-07 05:00:00,188,5.0,55,2531,1,0,2402.5,3,35.0,35.47,72.29,45.51,81.6,129.62,0.5785,74.99,259.51,315.66,54.63,-56.14,-1.51,10.48,17.43,0.0,2.37,49.91,750.82,0.0,0.0,0.0,4.44,2.93,0.016
2019-07-07 05:00:00,188,5.0,56,2531,1,0,2402.5,3,35.0,35.47,110.36,45.51,81.6,197.9,0.5785,114.49,259.51,315.66,83.41,-56.14,27.27,10.48,17.43,0.0,2.37,49.91,750.82,0.0,0.0,0.0,4.44,31.71,0.173
2019-07-07 05:00:00,188,5.0,57,2507,1,0,2402.5,3,35.0,36.09,132.86,45.51,81.6,238.23,0.5791,137.97,259.51,315.66,100.27,-56.14,44.12,10.48,17.59,0.0,2.37,49.91,750.82,0.0,0.0,0.0,4.44,48.57,0.2649
2019-07-07 05:00:00,188,5.0,58,2494,1,0,2402.5,3,35.0,36.43,46.57,45.51,81.6,83.5,0.5795,48.39,259.51,315.66,35.12,-56.14,-21.03,10.48,17.67,0.0,2.37,49.91,750.82,0.0,0.0,0.0,4.44,0.0,0.0
2019-07-07 05:00:00,188,5.0,59,2506,1,0,2402.5,3,35.0,36.12,72.24,45.51,81.6,129.54,0.5791,75.02,259.51,315.66,54.52,-56.14,-1.63,10.48,17.6,0.0,2.37,49.91,750.82,0.0,0.0,0.0,4.44,2.82,0.0154
2019-07-07 05:00:00,188,5.0,60,2506,1,0,2402.5,3,35.0,36.12,108.02,45.51,81.6,193.69,0.5791,112.17,259.51,315.66,81.51,-56.14,25.37,10.48,17.6,0.0,2.37,49.91,750.82,0.0,0.0,0.0,4.44,29.81,0.1626
2019-07-07 05:00:00,188,5.0,61,2485,1,0,2402.5,3,35.0,36.66,125.97,45.51,81.6,225.88,0.5797,130.94,259.51,315.66,94.94,-56.14,38.8,10.48,17.73,0.0,2.37,49.91,750.82,0.0,0.0,0.0,4.44,43.24,0.2359
2019-07-07 05:00:00,188,5.0,62,2469,1,0,2402.5,3,35.0,37.08,46.22,45.51,81.6,82.88,0.5801,48.08,259.51,315.66,34.8,-56.14,-21.34,10.48,17.84,0.0,2.37,49.91,750.82,0.0,0.0,0.0,4.44,0.0,0.0
2019-07-07 05:00:00,188,5.0,63,2506,1,0,2402.5,3,35.0,36.12,222.15,45.51,81.6,398.35,0.5791,230.7,259.51,315.66,167.65,-56.14,111.5,10.48,17.6,0.0,2.37,49.91,750.82,0.0,0.0,0.0,4.44,115.95,0.6324
2019-07-07 05:00:00,188,5.0,64,2506,1,0,2402.5,3,35.0,36.12,99.43,45.51,81.6,178.29,0.5791,103.25,259.51,315.66,75.03,-56.14,18.89,10.48,17.6,0.0,2.37,49.91,750.82,0.0,0.0,0.0,4.44,23.33,0.1273
2019-07-07 05:00:00,188,5.0,65,2506,1,0,2402.5,3,35.0,36.12,135.82,45.51,81.6,243.55,0.5791,141.05,259.51,315.66,102.5,-56.14,46.35,10.48,17.6,0.0,2.37,49.91,750.82,0.0,0.0,0.0,4.44,50.8,0.2771
2019-07-07 05:00:00,188,5.0,66,2485,1,0,2402.5,3,35.0,36.66,180.76,45.51,81.6,324.13,0.5797,187.89,259.51,315.66,136.24,-56.14,80.1,10.48,17.73,0.0,2.37,49.91,750.82,0.0,0.0,0.0,4.44,84.54,0.4611
2019-07-07 05:00:00,188,5.0,67,2455,1,0,2402.5,3,35.0,37.44,46.84,45.51,81.6,83.99,0.5804,48.75,259.51,315.66,35.24,-56.14,-20.91,10.48,17.93,0.0,2.37,49.91,750.82,0.0,0.0,0.0,4.44,0.0,0.0
2019-07-07 05:00:00,188,5.0,68,2489,1,0,2402.5,3,35.0,36.56,228.32,45.51,81.6,409.41,0.5796,237.28,259.51,315.66,172.12,-56.14,115.98,10.48,17.71,0.0,2.37,49.91,750.82,0.0,0.0,0.0,4.44,120.42,0.6569
2019-07-07 05:00:00,188,5.0,69,2489,1,0,2402.5,3,35.0,36.56,85.76,45.51,81.6,153.78,0.5796,89.13,259.51,315.66,64.65,-56.14,8.51,10.48,17.71,0.0,2.37,49.91,750.82,0.0,0.0,0.0,4.44,12.95,0.0706
2019-07-07 05:00:00,188,5.0,70,2489,1,0,2402.5,3,35.0,36.56,112.01,45.51,81.6,200.86,0.5796,116.41,259.51,315.66,84.44,-56.14,28.3,10.48,17.71,0.0,2.37,49.91,750.82,0.0,0.0,0.0,4.44,32.75,0.1786
2019-07-07 05:00:00,188,5.0,71,2477,1,0,2402.5,3,35.0,36.87,46.01,45.51,81.6,82.5,0.5799,47.84,259.51,315.66,34.66,-56.14,-21.48,10.48,17.79,0.0,2.37,49.91,750.82,0.0,0.0,0.0,4.44,0.0,0.0
2019-07-07 05:00:00,188,5.0,72,2455,1,0,2402.5,3,35.0,37.44,46.89,45.51,81.6,84.07,0.5804,48.8,259.51,315.66,35.27,-56.14,-20.87,10.48,17.93,0.0,2.37,49.91,750.82,0.0,0.0,0.0,4.44,0.0,0.0
2019-07-07 05:00:00,188,5.0,73,2485,1,0,2402.5,3,35.0,36.66,268.93,45.51,81.6,482.22,0.5797,279.53,259.51,315.66,202.69,-56.14,146.54,10.48,17.73,0.0,2.37,49.91,750.82,0.0,0.0,0.0,4.44,150.99,0.8236
2019-07-07 05:00:00,188,5.0,74,2485,1,0,2402.5,3,35.0,36.66,119.8,45.51,81.6,214.82,0.5797,124.53,259.51,315.66,90.29,-56.14,34.15,10.48,17.73,0.0,2.37,49.91,750.82,0.0,0.0,0.0,4.44,38.59,0.2105
2019-07-07 05:00:00,188,5.0,75,2485,1,0,2402.5,3,35.0,36.66,135.49,45.51,81.6,242.94,0.5797,140.83,259.51,315.66,102.11,-56.14,45.97,10.48,17.73,0.0,2.37,49.91,750.82,0.0,0.0,0.0,4.44,50.41,0.275
2019-07-07 05:00:00,188,5.0,76,2466,1,0,2402.5,3,35.0,37.16,45.58,45.51,81.6,81.73,0.5802,47.42,259.51,315.66,34.31,-56.14,-21.83,10.48,17.86,0.0,2.37,49.91,750.82,0.0,0.0,0.0,4.44,0.0,0.0
2019-07-07 05:00:00,188,5.0,77,2445,1,0,2402.5,3,35.0,37.7,46.19,45.51,81.6,82.83,0.5807,48.1,259.51,315.66,34.73,-56.14,-21.41,10.48,17.99,0.0,2.37,49.91,750.82,0.0,0.0,0.0,4.44,0.0,0.0
2019-07-07 05:00:00,188,5.0,78,2478,1,0,2402.5,3,35.0,36.85,119.76,45.51,81.6,214.75,0.5799,124.52,259.51,315.66,90.23,-56.14,34.08,10.48,17.78,0.0,2.37,49.91,750.82,0.0,0.0,0.0,4.44,38.53,0.2101
2019-07-07 05:00:00,188,5.0,79,2478,1,0,2402.5,3,35.0,36.85,146.97,45.51,81.6,263.54,0.5799,152.82,259.51,315.66,110.73,-56.14,54.58,10.48,17.78,0.0,2.37,49.91,750.82,0.0,0.0,0.0,4.44,59.03,0.322
2019-07-07 05:00:00,188,5.0,80,2449,1,0,2402.5,3,35.0,37.6,44.71,45.51,81.6,80.17,0.5806,46.54,259.51,315.66,33.62,-56.14,-22.52,10.48,17.97,0.0,2.37,49.91,750.82,0.0,0.0,0.0,4.44,0.0,0.0
2019-07-07 05:00:00,188,5.0,81,2412,1,0,2402.5,3,35.0,38.56,45.91,45.51,81.6,82.32,0.5815,47.87,259.51,315.66,34.45,-56.14,-21.7,10.48,18.21,0.0,2.37,49.91,750.82,0.0,0.0,0.0,4.44,0.0,0.0
2019-07-07 05:00:00,188,5.0,82,2443,1,0,2402.5,3,35.0,37.76,44.12,45.51,81.6,79.11,0.5807,45.94,259.51,315.66,33.17,-56.14,-22.98,10.48,18.01,0.0,2.37,49.91,750.82,0.0,0.0,0.0,4.44,0.0,0.0
2019-07-07 05:00:00,188,5.0,83,2474,1,0,2402.5,3,35.0,36.95,150.38,45.51,81.6,269.65,0.58,156.38,259.51,315.66,113.26,-56.14,57.12,10.48,17.8,0.0,2.37,49.91,750.82,0.0,0.0,0.0,4.44,61.56,0.3358
2019-07-07 05:00:00,188,5.0,84,2474,1,0,2402.5,3,35.0,36.95,190.59,45.51,81.6,341.76,0.58,198.2,259.51,315.66,143.55,-56.14,87.41,10.48,17.8,0.0,2.37,49.91,750.82,0.0,0.0,0.0,4.44,91.85,0.501
2019-07-07 05:00:00,188,5.0,85,2436,1,0,2402.5,3,35.0,37.94,43.92,45.51,81.6,78.76,0.5809,45.75,259.51,315.66,33.01,-56.14,-23.14,10.48,18.05,0.0,2.37,49.91,750.82,0.0,0.0,0.0,4.44,0.0,0.0
2019-07-07 05:00:00,188,5.0,86,2397,0,0,2402.5,3,35.0,38.95,45.89,45.51,81.6,82.28,0.2445,20.12,259.51,315.66,62.17,-56.14,6.03,10.48,18.3,0.0,2.37,49.91,750.82,0.0,0.0,0.0,24.44,30.47,0.1637
2019-07-07 05:00:00,188,5.0,87,2415,1,0,2402.5,3,35.0,38.48,45.21,45.51,81.6,81.06,0.5815,47.13,259.51,315.66,33.93,-56.14,-22.22,10.48,18.19,0.0,2.37,49.91,750.82,0.0,0.0,0.0,4.44,0.0,0.0
2019-07-07 05:00:00,188,5.0,88,2476,1,0,2402.5,3,35.0,36.9,272.98,45.51,81.6,489.48,0.5799,283.86,259.51,315.66,205.63,-56.14,149.48,10.48,17.79,0.0,2.37,49.91,750.82,0.0,0.0,0.0,4.44,153.93,0.8396
2019-07-07 05:00:00,188,5.0,89,2428,1,0,2402.5,3,35.0,38.15,42.79,45.51,81.6,76.72,0.5811,44.58,259.51,315.66,32.14,-56.14,-24.01,10.48,18.1,0.0,2.37,49.91,750.82,0.0,0.0,0.0,4.44,0.0,0.0
2019-07-07 05:00:00,188,5.0,90,2377,0,0,2402.5,3,35.0,39.47,45.45,45.51,81.6,81.49,0.245,19.96,259.51,315.66,61.53,-56.14,5.38,10.48,18.43,0.0,2.37,49.91,750.82,0.0,0.0,0.0,24.44,29.83,0.1603
2019-07-07 05:00:00,188,5.0,91,2378,0,0,2402.5,3,35.0,39.45,45.75,45.51,81.6,82.04,0.2449,20.1,259.51,315.66,61.95,-56.14,5.8,10.48,18.43,0.0,2.37,49.91,750.82,0.0,0.0,0.0,24.44,30.25,0.1625
2019-07-07 05:00:00,188,5.0,92,2496,1,0,2402.5,3,35.0,36.38,436.66,45.51,81.6,782.99,0.5794,453.66,259.51,315.66,329.32,-56.14,273.18,10.48,17.66,0.0,2.37,49.91,750.82,0.0,0.0,0.0,4.44,277.62,1.5143
2019-07-07 05:00:00,188,5.0,93,2423,1,0,2402.5,3,35.0,38.28,40.35,45.51,81.6,72.35,0.5813,42.06,259.51,315.66,30.3,-56.14,-25.85,10.48,18.14,0.0,2.37,49.91,750.82,0.0,0.0,0.0,4.44,0.0,0.0
2019-07-07 05:00:00,188,5.0,95,2372,0,0,2402.5,3,35.0,39.6,44.6,45.51,81.6,79.97,0.2451,19.6,259.51,315.66,60.37,-56.14,4.23,10.48,18.47,0.0,2.37,49.91,750.82,0.0,0.0,0.0,24.44,28.67,0.1541
2019-07-07 05:00:00,188,5.0,97,2358,0,0,2402.5,3,35.0,39.97,46.6,45.51,81.6,83.56,0.2454,20.51,259.51,315.66,63.05,-56.14,6.91,10.48,18.56,0.0,2.37,49.91,750.82,0.0,0.0,0.0,24.44,31.35,0.1684
2019-07-07 05:00:00,188,5.0,98,2554,1,0,2402.5,3,35.0,34.87,464.21,45.51,81.6,832.39,0.5779,481.06,259.51,315.66,351.33,-56.14,295.18,10.48,17.28,0.0,2.37,49.91,750.82,0.0,0.0,0.0,4.44,299.63,1.6343
2019-07-07 05:00:00,188,5.0,99,2451,1,0,2402.5,3,35.0,37.55,154.07,45.51,81.6,276.26,0.5805,160.38,259.51,315.66,115.88,-56.14,59.74,10.48,17.95,0.0,2.37,49.91,750.82,0.0,0.0,0.0,4.44,64.18,0.3501
2019-07-07 05:00:00,188,5.0,100,2361,0,0,2402.5,3,35.0,39.89,42.75,45.51,81.6,76.66,0.2454,18.81,259.51,315.66,57.85,-56.14,1.71,10.48,18.54,0.0,2.37,49.91,750.82,0.0,0.0,0.0,24.44,26.15,0.1405
2019-07-07 05:30:00,188,5.5,94,2563,1,0,2402.5,3,35.0,34.64,51.62,32.29,145.1,231.93,0.5777,133.99,260.1,315.66,97.94,-55.56,42.38,12.74,17.23,0.0,1.65,43.87,751.0,0.0,0.0,0.0,4.44,46.83,0.2554
2019-07-07 05:30:00,188,5.5,96,2549,1,0,2402.5,3,35.0,35.0,32.29,32.29,145.1,145.1,0.5781,83.88,260.1,315.66,61.22,-55.56,5.66,12.74,17.32,0.0,1.65,43.87,751.0,0.0,0.0,0.0,4.44,10.11,0.0551
2019-07-07 05:30:00,188,5.5,1,2612,1,0,2402.5,3,35.0,33.36,52.71,32.29,145.1,236.86,0.5765,136.54,260.1,315.66,100.32,-55.56,44.76,12.74,16.91,0.0,1.65,43.87,751.0,0.0,0.0,0.0,4.44,49.2,0.2684
2019-07-07 05:30:00,188,5.5,2,2612,1,0,2402.5,3,35.0,33.36,53.12,32.29,145.1,238.68,0.5765,137.59,260.1,315.66,101.09,-55.56,45.53,12.74,16.91,0.0,1.65,43.87,751.0,0.0,0.0,0.0,4.44,49.97,0.2726
2019-07-07 05:30:00,188,5.5,3,2610,1,0,2402.5,3,35.0,33.41,52.97,32.29,145.1,238.0,0.5765,137.21,260.1,315.66,100.79,-55.56,45.23,12.74,16.92,0.0,1.65,43.87,751.0,0.0,0.0,0.0,4.44,49.67,0.2709
2019-07-07 05:30:00,188,5.5,4,2583,1,0,2402.5,3,35.0,34.12,54.42,32.29,145.1,244.53,0.5772,141.14,260.1,315.66,103.39,-55.56,47.83,12.74,17.1,0.0,1.65,43.87,751.0,0.0,0.0,0.0,4.44,52.27,0.2851
2019-07-07 05:30:00,188,5.5,5,2583,1,0,2402.5,3,35.0,34.12,61.31,32.29,145.1,275.49,0.5772,159.01,260.1,315.66,116.48,-55.56,60.92,12.74,17.1,0.0,1.65,43.87,751.0,0.0,0.0,0.0,4.44,65.36,0.3565
2019-07-07 05:30:00,188,5.5,6,2546,1,0,2402.5,3,35.0,35.08,81.89,32.29,145.1,367.96,0.5781,212.73,260.1,315.66,155.23,-55.56,99.67,12.74,17.34,0.0,1.65,43.87,751.0,0.0,0.0,0.0,4.44,104.11,0.5679
2019-07-07 05:30:00,188,5.5,7,2546,1,0,2402.5,3,35.0,35.08,119.27,32.29,145.1,535.91,0.5781,309.83,260.1,315.66,226.08,-55.56,170.52,12.74,17.34,0.0,1.65,43.87,751.0,0.0,0.0,0.0,4.44,174.97,0.9544
2019-07-07 05:30:00,188,5.5,8,2639,1,0,2402.5,3,35.0,32.66,52.95,32.29,145.1,237.93,0.5758,136.99,260.1,315.66,100.94,-55.56,45.37,12.74,16.73,0.0,1.65,43.87,751.0,0.0,0.0,0.0,4.44,49.82,0.2717
2019-07-07 05:30:00,188,5.5,9,2610,1,0,2402.5,3,35.0,33.41,52.05,32.29,145.1,233.86,0.5765,134.82,260.1,315.66,99.04,-55.56,43.48,12.74,16.92,0.0,1.65,43.87,751.0,0.0,0.0,0.0,4.44,47.92,0.2614
2019-07-07 05:30:00,188,5.5,10,2579,1,0,2402.5,3,35.0,34.22,53.92,32.29,145.1,242.3,0.5773,139.88,260.1,315.66,102.42,-55.56,46.86,12.74,17.12,0.0,1.65,43.87,751.0,0.0,0.0,0.0,4.44,51.3,0.2798
2019-07-07 05:30:00,188,5.5,11,2579,1,0,2402.5,3,35.0,34.22,54.15,32.29,145.1,243.29,0.5773,140.45,260.1,315.66,102.84,-55.56,47.28,12.74,17.12,0.0,1.65,43.87,751.0,0.0,0.0,0.0,4.44,51.72,0.2821
2019-07-07 05:30:00,188,5.5,12,2546,1,0,2402.5,3,35.0,35.08,52.83,32.29,145.1,237.38,0.5781,137.24,260.1,315.66,100.14,-55.56,44.58,12.74,17.34,0.0,1.65,43.87,751.0,0.0,0.0,0.0,4.44,49.03,0.2674
2019-07-07 05:30:00,188,5.5,13,2530,1,0,2402.5,3,35.0,35.49,53.25,32.29,145.1,239.27,0.5785,138.42,260.1,315.66,100.84,-55.56,45.28,12.74,17.44,0.0,1.65,43.87,751.0,0.0,0.0,0.0,4.44,49.72,0.2712
2019-07-07 05:30:00,188,5.5,14,2530,1,0,2402.5,3,35.0,35.49,53.24,32.29,145.1,239.2,0.5785,138.39,260.1,315.66,100.81,-55.56,45.25,12.74,17.44,0.0,1.65,43.87,751.0,0.0,0.0,0.0,4.44,49.7,0.2711
2019-07-07 05:30:00,188,5.5,15,2494,1,0,2402.5,3,35.0,36.43,53.65,32.29,145.1,241.05,0.5795,139.68,260.1,315.66,101.37,-55.56,45.81,12.74,17.67,0.0,1.65,43.87,751.0,0.0,0.0,0.0,4.44,50.26,0.2741
2019-07-07 05:30:00,188,5.5,16,2494,1,0,2402.5,3,35.0,36.43,53.81,32.29,145.1,241.8,0.5795,140.11,260.1,315.66,101.69,-55.56,46.13,12.74,17.67,0.0,1.65,43.87,751.0,0.0,0.0,0.0,4.44,50.57,0.2759
2019-07-07 05:30:00,188,5.5,17,2462,1,0,2402.5,3,35.0,37.26,53.95,32.29,145.1,242.43,0.5803,140.67,260.1,315.66,101.76,-55.56,46.2,12.74,17.88,0.0,1.65,43.87,751.0,0.0,0.0,0.0,4.44,50.64,0.2762
2019-07-07 05:30:00,188,5.5,18,2630,1,0,2402.5,3,35.0,32.89,54.22,32.29,145.1,243.62,0.576,140.33,260.1,315.66,103.29,-55.56,47.73,12.74,16.79,0.0,1.65,43.87,751.0,0.0,0.0,0.0,4.44,52.18,0.2846
2019-07-07 05:30:00,188,5.5,19,2630,1,0,2402.5,3,35.0,32.89,53.38,32.29,145.1,239.86,0.576,138.16,260.1,315.66,101.7,-55.56,46.14,12.74,16.79,0.0,1.65,43.87,751.0,0.0,0.0,0.0,4.44,50.58,0.2759
2019-07-07 05:30:00,188,5.5,20,2604,1,0,2402.5,3,35.0,33.57,51.49,32.29,145.1,231.37,0.5767,133.42,260.1,315.66,97.95,-55.56,42.39,12.74,16.96,0.0,1.65,43.87,751.0,0.0,0.0,0.0,4.44,46.83,0.2554
2019-07-07 05:30:00,188,5.5,21,2563,1,0,2402.5,3,35.0,34.64,51.62,32.29,145.1,231.93,0.5777,133.99,260.1,315.66,97.94,-55.56,42.38,12.74,17.23,0.0,1.65,43.87,751.0,0.0,0.0,0.0,4.44,46.83,0.2554
2019-07-07 05:30:00,188,5.5,22,2556,1,0,2402.5,3,35.0,34.82,53.62,32.29,145.1,240.93,0.5779,139.23,260.1,315.66,101.7,-55.56,46.14,12.74,17.27,0.0,1.65,43.87,751.0,0.0,0.0,0.0,4.44,50.58,0.2759
2019-07-07 05:30:00,188,5.5,23,2549,1,0,2402.5,3,35.0,35.0,32.29,32.29,145.1,145.1,0.5781,83.88,260.1,315.66,61.22,-55.56,5.66,12.74,17.32,0.0,1.65,43.87,751.0,0.0,0.0,0.0,4.44,10.11,0.0551
2019-07-07 05:30:00,188,5.5,24,2549,1,0,2402.5,3,35.0,35.0,96.17,32.29,145.1,432.12,0.5781,249.79,260.1,315.66,182.33,-55.56,126.77,12.74,17.32,0.0,1.65,43.87,751.0,0.0,0.0,0.0,4.44,131.21,0.7157
2019-07-07 05:30:00,188,5.5,25,2524,1,0,2402.5,3,35.0,35.65,138.41,32.29,145.1,621.92,0.5787,359.9,260.1,315.66,262.02,-55.56,206.46,12.74,17.48,0.0,1.65,43.87,751.0,0.0,0.0,0.0,4.44,210.91,1.1504
2019-07-07 05:30:00,188,5.5,26,2502,1,0,2402.5,3,35.0,36.22,97.42,32.29,145.1,437.74,0.5792,253.56,260.1,315.66,184.18,-55.56,128.62,12.74,17.62,0.0,1.65,43.87,751.0,0.0,0.0,0.0,4.44,133.06,0.7258
2019-07-07 05:30:00,188,5.5,27,2502,1,0,2402.5,3,35.0,36.22,105.04,32.29,145.1,471.98,0.5792,273.4,260.1,315.66,198.59,-55.56,143.03,12.74,17.62,0.0,1.65,43.87,751.0,0.0,0.0,0.0,4.44,147.47,0.8044
2019-07-07 05:30:00,188,5.5,28,2477,1,0,2402.5,3,35.0,36.87,130.25,32.29,145.1,585.23,0.5799,339.36,260.1,315.66,245.87,-55.56,190.31,12.74,17.79,0.0,1.65,43.87,751.0,0.0,0.0,0.0,4.44,194.75,1.0623
2019-07-07 05:30:00,188,5.5,29,2477,1,0,2402.5,3,35.0,36.87,161.31,32.29,145.1,724.83,0.5799,420.31,260.1,315.66,304.51,-55.56,248.95,12.74,17.79,0.0,1.65,43.87,751.0,0.0,0.0,0.0,4.44,253.4,1.3822
2019-07-07 05:30:00,188,5.5,30,2440,1,0,2402.5,3,35.0,37.83,188.64,32.29,145.1,847.59,0.5808,492.3,260.1,315.66,355.29,-55.56,299.73,12.74,18.03,0.0,1.65,43.87,751.0,0.0,0.0,0.0,4.44,304.18,1.6592
2019-07-07 05:30:00,188,5.5,31,2620,1,0,2402.5,3,35.0,33.15,354.8,32.29,145.1,1594.22,0.5763,918.68,260.1,315.66,675.54,-55.56,619.98,12.74,16.86,0.0,1.65,43.87,751.0,0.0,0.0,0.0,4.44,624.42,3.406
2019-07-07 05:30:00,188,5.5,32,2576,1,0,2402.5,3,35.0,34.3,53.38,32.29,145.1,239.86,0.5774,138.49,260.1,315.66,101.37,-55.56,45.81,12.74,17.14,0.0,1.65,43.87,751.0,0.0,0.0,0.0,4.44,50.25,0.2741
2019-07-07 05:30:00,188,5.5,33,2576,1,0,2402.5,3,35.0,34.3,53.97,32.29,145.1,242.5,0.5774,140.01,260.1,315.66,102.49,-55.56,46.93,12.74,17.14,0.0,1.65,43.87,751.0,0.0,0.0,0.0,4.44,51.37,0.2802
2019-07-07 05:30:00,188,5.5,34,2576,1,0,2402.5,3,35.0,34.3,53.74,32.29,145.1,241.47,0.5774,139.42,260.1,315.66,102.05,-55.56,46.49,12.74,17.14,0.0,1.65,43.87,751.0,0.0,0.0,0.0,4.44,50.94,0.2778
2019-07-07 05:30:00,188,5.5,35,2556,1,0,2402.5,3,35.0,34.82,53.23,32.29,145.1,239.19,0.5779,138.22,260.1,315.66,100.97,-55.56,45.4,12.74,17.27,0.0,1.65,43.87,751.0,0.0,0.0,0.0,4.44,49.85,0.2719
2019-07-07 05:30:00,188,5.5,36,2533,1,0,2402.5,3,35.0,35.42,51.03,32.29,145.1,229.31,0.5785,132.65,260.1,315.66,96.66,-55.56,41.1,12.74,17.42,0.0,1.65,43.87,751.0,0.0,0.0,0.0,4.44,45.55,0.2484
2019-07-07 05:30:00,188,5.5,37,2532,1,0,2402.5,3,35.0,35.44,88.33,32.29,145.1,396.91,0.5785,229.61,260.1,315.66,167.3,-55.56,111.74,12.74,17.43,0.0,1.65,43.87,751.0,0.0,0.0,0.0,4.44,116.19,0.6337
2019-07-07 05:30:00,188,5.5,38,2534,1,0,2402.5,3,35.0,35.39,145.74,32.29,145.1,654.83,0.5784,378.78,260.1,315.66,276.05,-55.56,220.49,12.74,17.41,0.0,1.65,43.87,751.0,0.0,0.0,0.0,4.44,224.94,1.2269
2019-07-07 05:30:00,188,5.5,39,2534,1,0,2402.5,3,35.0,35.39,211.86,32.29,145.1,951.96,0.5784,550.65,260.1,315.66,401.31,-55.56,345.75,12.74,17.41,0.0,1.65,43.87,751.0,0.0,0.0,0.0,4.44,350.2,1.9102
2019-07-07 05:30:00,188,5.5,40,2515,1,0,2402.5,3,35.0,35.88,280.02,32.29,145.1,1258.22,0.5789,728.41,260.1,315.66,529.81,-55.56,474.25,12.74,17.54,0.0,1.65,43.87,751.0,0.0,0.0,0.0,4.44,478.7,2.6111
2019-07-07 05:30:00,188,5.5,41,2487,1,0,2402.5,3,35.0,36.61,268.74,32.29,145.1,1207.51,0.5796,699.91,260.1,315.66,507.6,-55.56,452.04,12.74,17.72,0.0,1.65,43.87,751.0,0.0,0.0,0.0,4.44,456.49,2.4899
2019-07-07 05:30:00,188,5.5,42,2487,1,0,2402.5,3,35.0,36.61,247.83,32.29,145.1,1113.59,0.5796,645.47,260.1,315.66,468.12,-55.56,412.56,12.74,17.72,0.0,1.65,43.87,751.0,0.0,0.0,0.0,4.44,417.0,2.2746
2019-07-07 05:30:00,188,5.5,43,2464,1,0,2402.5,3,35.0,37.21,220.08,32.29,145.1,988.89,0.5802,573.76,260.1,315.66,415.12,-55.56,359.56,12.74,17.87,0.0,1.65,43.87,751.0,0.0,0.0,0.0,4.44,364.01,1.9855
2019-07-07 05:30:00,188,5.5,44,2555,1,0,2402.5,3,35.0,34.84,145.7,32.29,145.1,654.65,0.5779,378.33,260.1,315.66,276.32,-55.56,220.76,12.74,17.28,0.0,1.65,43.87,751.0,0.0,0.0,0.0,4.44,225.21,1.2284
2019-07-07 05:30:00,188,5.5,45,2555,1,0,2402.5,3,35.0,34.84,49.62,32.29,145.1,222.96,0.5779,128.85,260.1,315.66,94.11,-55.56,38.55,12.74,17.28,0.0,1.65,43.87,751.0,0.0,0.0,0.0,4.44,43.0,0.2345
2019-07-07 05:30:00,188,5.5,46,2555,1,0,2402.5,3,35.0,34.84,76.29,32.29,145.1,342.77,0.5779,198.09,260.1,315.66,144.68,-55.56,89.12,12.74,17.28,0.0,1.65,43.87,751.0,0.0,0.0,0.0,4.44,93.57,0.5104
2019-07-07 05:30:00,188,5.5,47,2530,1,0,2402.5,3,35.0,35.49,101.93,32.29,145.1,457.98,0.5785,264.96,260.1,315.66,193.02,-55.56,137.46,12.74,17.44,0.0,1.65,43.87,751.0,0.0,0.0,0.0,4.44,141.9,0.774
2019-07-07 05:30:00,188,5.5,48,2510,1,0,2402.5,3,35.0,36.01,100.15,32.29,145.1,449.99,0.579,260.57,260.1,315.66,189.43,-55.56,133.87,12.74,17.57,0.0,1.65,43.87,751.0,0.0,0.0,0.0,4.44,138.31,0.7544
2019-07-07 05:30:00,188,5.5,49,2534,1,0,2402.5,3,35.0,35.39,254.42,32.29,145.1,1143.2,0.5784,661.27,260.1,315.66,481.93,-55.56,426.37,12.74,17.41,0.0,1.65,43.87,751.0,0.0,0.0,0.0,4.44,430.81,2.3499
2019-07-07 05:30:00,188,5.5,50,2531,1,0,2402.5,3,35.0,35.47,226.03,32.29,145.1,1015.61,0.5785,587.55,260.1,315.66,428.07,-55.56,372.51,12.74,17.43,0.0,1.65,43.87,751.0,0.0,0.0,0.0,4.44,376.95,2.0561
2019-07-07 05:30:00,188,5.5,51,2531,1,0,2402.5,3,35.0,35.47,131.81,32.29,145.1,592.24,0.5785,342.62,260.1,315.66,249.62,-55.56,194.06,12.74,17.43,0.0,1.65,43.87,751.0,0.0,0.0,0.0,4.44,198.51,1.0828
2019-07-07 05:30:00,188,5.5,52,2531,1,0,2402.5,3,35.0,35.47,164.18,32.29,145.1,737.7,0.5785,426.77,260.1,315.66,310.93,-55.56,255.37,12.74,17.43,0.0,1.65,43.87,751.0,0.0,0.0,0.0,4.44,259.81,1.4172
2019-07-07 05:30:00,188,5.5,53,2507,1,0,2402.5,3,35.0,36.09,190.59,32.29,145.1,856.38,0.5791,495.95,260.1,315.66,360.43,-55.56,304.87,12.74,17.59,0.0,1.65,43.87,751.0,0.0,0.0,0.0,4.44,309.32,1.6872
2019-07-07 05:30:00,188,5.5,54,2494,1,0,2402.5,3,35.0,36.43,56.99,32.29,145.1,256.06,0.5795,148.37,260.1,315.66,107.68,-55.56,52.12,12.74,17.67,0.0,1.65,43.87,751.0,0.0,0.0,0.0,4.44,56.57,0.3085
2019-07-07 05:30:00,188,5.5,55,2531,1,0,2402.5,3,35.0,35.47,127.83,32.29,145.1,574.37,0.5785,332.28,260.1,315.66,242.09,-55.56,186.53,12.74,17.43,0.0,1.65,43.87,751.0,0.0,0.0,0.0,4.44,190.97,1.0417
2019-07-07 05:30:00,188,5.5,56,2531,1,0,2402.5,3,35.0,35.47,160.95,32.29,145.1,723.17,0.5785,418.37,260.1,315.66,304.81,-55.56,249.25,12.74,17.43,0.0,1.65,43.87,751.0,0.0,0.0,0.0,4.44,253.69,1.3838
2019-07-07 05:30:00,188,5.5,57,2507,1,0,2402.5,3,35.0,36.09,180.42,32.29,145.1,810.69,0.5791,469.49,260.1,315.66,341.2,-55.56,285.64,12.74,17.59,0.0,1.65,43.87,751.0,0.0,0.0,0.0,4.44,290.08,1.5823
2019-07-07 05:30:00,188,5.5,58,2494,1,0,2402.5,3,35.0,36.43,56.65,32.29,145.1,254.56,0.5795,147.51,260.1,315.66,107.06,-55.56,51.49,12.74,17.67,0.0,1.65,43.87,751.0,0.0,0.0,0.0,4.44,55.94,0.3051
2019-07-07 05:30:00,188,5.5,59,2506,1,0,2402.5,3,35.0,36.12,127.73,32.29,145.1,573.91,0.5791,332.38,260.1,315.66,241.53,-55.56,185.97,12.74,17.6,0.0,1.65,43.87,751.0,0.0,0.0,0.0,4.44,190.42,1.0386
2019-07-07 05:30:00,188,5.5,60,2506,1,0,2402.5,3,35.0,36.12,158.92,32.29,145.1,714.07,0.5791,413.55,260.1,315.66,300.52,-55.56,244.96,12.74,17.6,0.0,1.65,43.87,751.0,0.0,0.0,0.0,4.44,249.4,1.3604
2019-07-07 05:30:00,188,5.5,61,2485,1,0,2402.5,3,35.0,36.66,170.67,32.29,145.1,766.86,0.5797,444.53,260.1,315.66,322.33,-55.56,266.76,12.74,17.73,0.0,1.65,43.87,751.0,0.0,0.0,0.0,4.44,271.21,1.4793
2019-07-07 05:30:00,188,5.5,62,2469,1,0,2402.5,3,35.0,37.08,56.23,32.29,145.1,252.67,0.5801,146.57,260.1,315.66,106.1,-55.56,50.54,12.74,17.84,0.0,1.65,43.87,751.0,0.0,0.0,0.0,4.44,54.98,0.2999
2019-07-07 05:30:00,188,5.5,63,2506,1,0,2402.5,3,35.0,36.12,262.33,32.29,145.1,1178.72,0.5791,682.65,260.1,315.66,496.07,-55.56,440.51,12.74,17.6,0.0,1.65,43.87,751.0,0.0,0.0,0.0,4.44,444.95,2.427
2019-07-07 05:30:00,188,5.5,64,2506,1,0,2402.5,3,35.0,36.12,159.54,32.29,145.1,716.87,0.5791,415.17,260.1,315.66,301.7,-55.56,246.13,12.74,17.6,0.0,1.65,43.87,751.0,0.0,0.0,0.0,4.44,250.58,1.3668
2019-07-07 05:30:00,188,5.5,65,2506,1,0,2402.5,3,35.0,36.12,192.88,32.29,145.1,866.66,0.5791,501.92,260.1,315.66,364.74,-55.56,309.18,12.74,17.6,0.0,1.65,43.87,751.0,0.0,0.0,0.0,4.44,313.62,1.7107
2019-07-07 05:30:00,188,5.5,66,2485,1,0,2402.5,3,35.0,36.66,233.23,32.29,145.1,1047.98,0.5797,607.49,260.1,315.66,440.49,-55.56,384.93,12.74,17.73,0.0,1.65,43.87,751.0,0.0,0.0,0.0,4.44,389.37,2.1238
2019-07-07 05:30:00,188,5.5,67,2455,1,0,2402.5,3,35.0,37.44,56.98,32.29,145.1,256.04,0.5804,148.61,260.1,315.66,107.42,-55.56,51.86,12.74,17.93,0.0,1.65,43.87,751.0,0.0,0.0,0.0,4.44,56.31,0.3071
2019-07-07 05:30:00,188,5.5,68,2489,1,0,2402.5,3,35.0,36.56,265.88,32.29,145.1,1194.66,0.5796,692.4,260.1,315.66,502.26,-55.56,446.7,12.74,17.71,0.0,1.65,43.87,751.0,0.0,0.0,0.0,4.44,451.15,2.4608
2019-07-07 05:30:00,188,5.5,69,2489,1,0,2402.5,3,35.0,36.56,143.53,32.29,145.1,644.91,0.5796,373.77,260.1,315.66,271.13,-55.56,215.57,12.74,17.71,0.0,1.65,43.87,751.0,0.0,0.0,0.0,4.44,220.02,1.2001
2019-07-07 05:30:00,188,5.5,70,2489,1,0,2402.5,3,35.0,36.56,166.42,32.29,145.1,747.76,0.5796,433.38,260.1,315.66,314.37,-55.56,258.81,12.74,17.71,0.0,1.65,43.87,751.0,0.0,0.0,0.0,4.44,263.26,1.4359
2019-07-07 05:30:00,188,5.5,71,2477,1,0,2402.5,3,35.0,36.87,55.98,32.29,145.1,251.51,0.5799,145.85,260.1,315.66,105.67,-55.56,50.1,12.74,17.79,0.0,1.65,43.87,751.0,0.0,0.0,0.0,4.44,54.55,0.2975
2019-07-07 05:30:00,188,5.5,72,2455,1,0,2402.5,3,35.0,37.44,57.04,32.29,145.1,256.3,0.5804,148.77,260.1,315.66,107.53,-55.56,51.97,12.74,17.93,0.0,1.65,43.87,751.0,0.0,0.0,0.0,4.44,56.42,0.3077
2019-07-07 05:30:00,188,5.5,73,2485,1,0,2402.5,3,35.0,36.66,308.33,32.29,145.1,1385.42,0.5797,803.1,260.1,315.66,582.32,-55.56,526.76,12.74,17.73,0.0,1.65,43.87,751.0,0.0,0.0,0.0,4.44,531.2,2.8975
2019-07-07 05:30:00,188,5.5,74,2485,1,0,2402.5,3,35.0,36.66,183.3,32.29,145.1,823.64,0.5797,477.45,260.1,315.66,346.19,-55.56,290.63,12.74,17.73,0.0,1.65,43.87,751.0,0.0,0.0,0.0,4.44,295.08,1.6095
2019-07-07 05:30:00,188,5.5,75,2485,1,0,2402.5,3,35.0,36.66,191.98,32.29,145.1,862.61,0.5797,500.04,260.1,315.66,362.57,-55.56,307.01,12.74,17.73,0.0,1.65,43.87,751.0,0.0,0.0,0.0,4.44,311.46,1.6988
2019-07-07 05:30:00,188,5.5,76,2466,1,0,2402.5,3,35.0,37.16,55.45,32.29,145.1,249.15,0.5802,144.55,260.1,315.66,104.6,-55.56,49.04,12.74,17.86,0.0,1.65,43.87,751.0,0.0,0.0,0.0,4.44,53.49,0.2917
2019-07-07 05:30:00,188,5.5,77,2445,1,0,2402.5,3,35.0,37.7,56.2,32.29,145.1,252.52,0.5807,146.64,260.1,315.66,105.89,-55.56,50.32,12.74,17.99,0.0,1.65,43.87,751.0,0.0,0.0,0.0,4.44,54.77,0.2987
2019-07-07 05:30:00,188,5.5,78,2478,1,0,2402.5,3,35.0,36.85,183.25,32.29,145.1,823.4,0.5799,477.45,260.1,315.66,345.95,-55.56,290.38,12.74,17.78,0.0,1.65,43.87,751.0,0.0,0.0,0.0,4.44,294.83,1.6082
2019-07-07 05:30:00,188,5.5,79,2478,1,0,2402.5,3,35.0,36.85,200.94,32.29,145.1,902.89,0.5799,523.55,260.1,315.66,379.34,-55.56,323.78,12.74,17.78,0.0,1.65,43.87,751.0,0.0,0.0,0.0,4.44,328.23,1.7903
2019-07-07 05:30:00,188,5.5,80,2449,1,0,2402.5,3,35.0,37.6,54.39,32.29,145.1,244.4,0.5806,141.9,260.1,315.66,102.5,-55.56,46.94,12.74,17.97,0.0,1.65,43.87,751.0,0.0,0.0,0.0,4.44,51.39,0.2803
2019-07-07 05:30:00,188,5.5,81,2412,1,0,2402.5,3,35.0,38.56,55.85,32.29,145.1,250.96,0.5815,145.94,260.1,315.66,105.02,-55.56,49.46,12.74,18.21,0.0,1.65,43.87,751.0,0.0,0.0,0.0,4.44,53.9,0.294
2019-07-07 05:30:00,188,5.5,82,2443,1,0,2402.5,3,35.0,37.76,53.67,32.29,145.1,241.17,0.5807,140.06,260.1,315.66,101.11,-55.56,45.55,12.74,18.01,0.0,1.65,43.87,751.0,0.0,0.0,0.0,4.44,49.99,0.2727
2019-07-07 05:30:00,188,5.5,83,2474,1,0,2402.5,3,35.0,36.95,218.93,32.29,145.1,983.72,0.58,570.52,260.1,315.66,413.2,-55.56,357.64,12.74,17.8,0.0,1.65,43.87,751.0,0.0,0.0,0.0,4.44,362.09,1.975
2019-07-07 05:30:00,188,5.5,84,2474,1,0,2402.5,3,35.0,36.95,247.13,32.29,145.1,1110.4,0.58,643.99,260.1,315.66,466.42,-55.56,410.86,12.74,17.8,0.0,1.65,43.87,751.0,0.0,0.0,0.0,4.44,415.3,2.2653
2019-07-07 05:30:00,188,5.5,85,2436,1,0,2402.5,3,35.0,37.94,237.42,32.29,145.1,1066.79,0.5809,619.72,260.1,315.66,447.07,-55.56,391.51,12.74,18.05,0.0,1.65,43.87,751.0,0.0,0.0,0.0,4.44,395.95,2.1597
2019-07-07 05:30:00,188,5.5,86,2397,0,0,2402.5,3,35.0,38.95,55.83,32.29,145.1,250.86,0.2445,61.32,260.1,315.66,189.53,-55.56,133.97,12.74,18.3,0.0,1.65,43.87,751.0,0.0,0.0,0.0,24.44,158.42,0.8512
2019-07-07 05:30:00,188,5.5,87,2415,1,0,2402.5,3,35.0,38.48,55.0,32.29,145.1,247.13,0.5815,143.69,260.1,315.66,103.44,-55.56,47.87,12.74,18.19,0.0,1.65,43.87,751.0,0.0,0.0,0.0,4.44,52.32,0.2854
2019-07-07 05:30:00,188,5.5,88,2476,1,0,2402.5,3,35.0,36.9,336.44,32.29,145.1,1511.73,0.5799,876.66,260.1,315.66,635.07,-55.56,579.51,12.74,17.79,0.0,1.65,43.87,751.0,0.0,0.0,0.0,4.44,583.95,3.1852
2019-07-07 05:30:00,188,5.5,89,2428,1,0,2402.5,3,35.0,38.15,296.5,32.29,145.1,1332.27,0.5811,774.21,260.1,315.66,558.05,-55.56,502.49,12.74,18.1,0.0,1.65,43.87,751.0,0.0,0.0,0.0,4.44,506.94,2.7651
2019-07-07 05:30:00,188,5.5,90,2377,0,0,2402.5,3,35.0,39.47,55.29,32.29,145.1,248.44,0.245,60.86,260.1,315.66,187.58,-55.56,132.02,12.74,18.43,0.0,1.65,43.87,751.0,0.0,0.0,0.0,24.44,156.46,0.8407
2019-07-07 05:30:00,188,5.5,91,2378,0,0,2402.5,3,35.0,39.45,55.66,32.29,145.1,250.11,0.2449,61.26,260.1,315.66,188.85,-55.56,133.29,12.74,18.43,0.0,1.65,43.87,751.0,0.0,0.0,0.0,24.44,157.73,0.8475
2019-07-07 05:30:00,188,5.5,92,2496,1,0,2402.5,3,35.0,36.38,516.25,32.29,145.1,2319.67,0.5794,1344.01,260.1,315.66,975.65,-55.56,920.09,12.74,17.66,0.0,1.65,43.87,751.0,0.0,0.0,0.0,4.44,924.53,5.0429
2019-07-07 05:30:00,188,5.5,93,2423,1,0,2402.5,3,35.0,38.28,237.88,32.29,145.1,1068.88,0.5813,621.29,260.1,315.66,447.59,-55.56,392.03,12.74,18.14,0.0,1.65,43.87,751.0,0.0,0.0,0.0,4.44,396.48,2.1626
2019-07-07 05:30:00,188,5.5,95,2372,0,0,2402.5,3,35.0,39.6,54.26,32.29,145.1,243.8,0.2451,59.75,260.1,315.66,184.05,-55.56,128.49,12.74,18.47,0.0,1.65,43.87,751.0,0.0,0.0,0.0,24.44,152.93,0.8217
2019-07-07 05:30:00,188,5.5,97,2358,0,0,2402.5,3,35.0,39.97,56.69,32.29,145.1,254.75,0.2454,62.53,260.1,315.66,192.22,-55.56,136.66,12.74,18.56,0.0,1.65,43.87,751.0,0.0,0.0,0.0,24.44,161.1,0.8656
2019-07-07 05:30:00,188,5.5,98,2554,1,0,2402.5,3,35.0,34.87,539.95,32.29,145.1,2426.14,0.5779,1402.14,260.1,315.66,1024.0,-55.56,968.44,12.74,17.28,0.0,1.65,43.87,751.0,0.0,0.0,0.0,4.44,972.88,5.3066
2019-07-07 05:30:00,188,5.5,99,2451,1,0,2402.5,3,35.0,37.55,191.61,32.29,145.1,860.96,0.5805,499.82,260.1,315.66,361.14,-55.56,305.58,12.74,17.95,0.0,1.65,43.87,751.0,0.0,0.0,0.0,4.44,310.02,1.691
2019-07-07 05:30:00,188,5.5,100,2361,0,0,2402.5,3,35.0,39.89,321.0,32.29,145.1,1442.33,0.2454,353.91,260.1,315.66,1088.42,-55.56,1032.86,12.74,18.54,0.0,1.65,43.87,751.0,0.0,0.0,0.0,24.44,1057.31,5.6811
2019-07-07 06:00:00,188,6.0,94,2563,1,0,2402.5,3,35.0,34.64,60.06,80.98,230.3,170.8,0.5777,98.67,260.66,315.66,72.13,-55.0,17.13,13.24,17.23,0.0,1.36,41.52,751.04,0.0,0.0,0.0,4.44,21.58,0.1177
2019-07-07 06:00:00,188,6.0,96,2549,1,0,2402.5,3,35.0,35.0,80.98,80.98,230.3,230.3,0.5781,133.13,260.66,315.66,97.17,-55.0,42.18,13.24,17.32,0.0,1.36,41.52,751.04,0.0,0.0,0.0,4.44,46.62,0.2543
2019-07-07 06:00:00,188,6.0,1,2612,1,0,2402.5,3,35.0,33.36,61.34,80.98,230.3,174.43,0.5765,100.55,260.66,315.66,73.88,-55.0,18.88,13.24,16.91,0.0,1.36,41.52,751.04,0.0,0.0,0.0,4.44,23.33,0.1272
2019-07-07 06:00:00,188,6.0,2,2612,1,0,2402.5,3,35.0,33.36,61.81,80.98,230.3,175.77,0.5765,101.33,260.66,315.66,74.45,-55.0,19.45,13.24,16.91,0.0,1.36,41.52,751.04,0.0,0.0,0.0,4.44,23.89,0.1303
2019-07-07 06:00:00,188,6.0,3,2610,1,0,2402.5,3,35.0,33.41,61.63,80.98,230.3,175.27,0.5765,101.04,260.66,315.66,74.22,-55.0,19.23,13.24,16.92,0.0,1.36,41.52,751.04,0.0,0.0,0.0,4.44,23.67,0.1291
2019-07-07 06:00:00,188,6.0,4,2583,1,0,2402.5,3,35.0,34.12,54.76,80.98,230.3,155.71,0.5772,89.88,260.66,315.66,65.84,-55.0,10.84,13.24,17.1,0.0,1.36,41.52,751.04,0.0,0.0,0.0,4.44,15.29,0.0834
2019-07-07 06:00:00,188,6.0,5,2583,1,0,2402.5,3,35.0,34.12,99.03,80.98,230.3,281.63,0.5772,162.55,260.66,315.66,119.07,-55.0,64.08,13.24,17.1,0.0,1.36,41.52,751.04,0.0,0.0,0.0,4.44,68.52,0.3738
2019-07-07 06:00:00,188,6.0,6,2546,1,0,2402.5,3,35.0,35.08,121.83,80.98,230.3,346.45,0.5781,200.29,260.66,315.66,146.16,-55.0,91.16,13.24,17.34,0.0,1.36,41.52,751.04,0.0,0.0,0.0,4.44,95.6,0.5215
2019-07-07 06:00:00,188,6.0,7,2546,1,0,2402.5,3,35.0,35.08,162.39,80.98,230.3,461.79,0.5781,266.97,260.66,315.66,194.81,-55.0,139.82,13.24,17.34,0.0,1.36,41.52,751.04,0.0,0.0,0.0,4.44,144.26,0.7869
2019-07-07 06:00:00,188,6.0,8,2639,1,0,2402.5,3,35.0,32.66,61.61,80.98,230.3,175.22,0.5758,100.89,260.66,315.66,74.33,-55.0,19.34,13.24,16.73,0.0,1.36,41.52,751.04,0.0,0.0,0.0,4.44,23.78,0.1297
2019-07-07 06:00:00,188,6.0,9,2610,1,0,2402.5,3,35.0,33.41,60.56,80.98,230.3,172.22,0.5765,99.29,260.66,315.66,72.93,-55.0,17.94,13.24,16.92,0.0,1.36,41.52,751.04,0.0,0.0,0.0,4.44,22.38,0.1221
2019-07-07 06:00:00,188,6.0,10,2579,1,0,2402.5,3,35.0,34.22,62.75,80.98,230.3,178.44,0.5773,103.01,260.66,315.66,75.43,-55.0,20.43,13.24,17.12,0.0,1.36,41.52,751.04,0.0,0.0,0.0,4.44,24.87,0.1357
2019-07-07 06:00:00,188,6.0,11,2579,1,0,2402.5,3,35.0,34.22,63.0,80.98,230.3,179.17,0.5773,103.43,260.66,315.66,75.73,-55.0,20.74,13.24,17.12,0.0,1.36,41.52,751.04,0.0,0.0,0.0,4.44,25.18,0.1374
2019-07-07 06:00:00,188,6.0,12,2546,1,0,2402.5,3,35.0,35.08,61.47,80.98,230.3,174.81,0.5781,101.07,260.66,315.66,73.75,-55.0,18.75,13.24,17.34,0.0,1.36,41.52,751.04,0.0,0.0,0.0,4.44,23.2,0.1265
2019-07-07 06:00:00,188,6.0,13,2530,1,0,2402.5,3,35.0,35.49,61.96,80.98,230.3,176.2,0.5785,101.94,260.66,315.66,74.26,-55.0,19.27,13.24,17.44,0.0,1.36,41.52,751.04,0.0,0.0,0.0,4.44,23.71,0.1293
2019-07-07 06:00:00,188,6.0,14,2530,1,0,2402.5,3,35.0,35.49,61.94,80.98,230.3,176.16,0.5785,101.91,260.66,315.66,74.24,-55.0,19.25,13.24,17.44,0.0,1.36,41.52,751.04,0.0,0.0,0.0,4.44,23.69,0.1292
2019-07-07 06:00:00,188,6.0,15,2494,1,0,2402.5,3,35.0,36.43,62.42,80.98,230.3,177.52,0.5795,102.86,260.66,315.66,74.65,-55.0,19.66,13.24,17.67,0.0,1.36,41.52,751.04,0.0,0.0,0.0,4.44,24.1,0.1315
2019-07-07 06:00:00,188,6.0,16,2494,1,0,2402.5,3,35.0,36.43,39.07,80.98,230.3,111.11,0.5795,64.38,260.66,315.66,46.73,-55.0,-8.27,13.24,17.67,0.0,1.36,41.52,751.04,0.0,0.0,0.0,4.44,0.0,0.0
2019-07-07 06:00:00,188,6.0,17,2462,1,0,2402.5,3,35.0,37.26,34.91,80.98,230.3,99.28,0.5803,57.61,260.66,315.66,41.67,-55.0,-13.32,13.24,17.88,0.0,1.36,41.52,751.04,0.0,0.0,0.0,4.44,0.0,0.0
2019-07-07 06:00:00,188,6.0,18,2630,1,0,2402.5,3,35.0,32.89,63.09,80.98,230.3,179.41,0.576,103.34,260.66,315.66,76.07,-55.0,21.07,13.24,16.79,0.0,1.36,41.52,751.04,0.0,0.0,0.0,4.44,25.52,0.1392
2019-07-07 06:00:00,188,6.0,19,2630,1,0,2402.5,3,35.0,32.89,62.11,80.98,230.3,176.64,0.576,101.74,260.66,315.66,74.89,-55.0,19.9,13.24,16.79,0.0,1.36,41.52,751.04,0.0,0.0,0.0,4.44,24.34,0.1328
2019-07-07 06:00:00,188,6.0,20,2604,1,0,2402.5,3,35.0,33.57,59.92,80.98,230.3,170.39,0.5767,98.26,260.66,315.66,72.13,-55.0,17.14,13.24,16.96,0.0,1.36,41.52,751.04,0.0,0.0,0.0,4.44,21.58,0.1177
2019-07-07 06:00:00,188,6.0,21,2563,1,0,2402.5,3,35.0,34.64,60.06,80.98,230.3,170.8,0.5777,98.67,260.66,315.66,72.13,-55.0,17.13,13.24,17.23,0.0,1.36,41.52,751.04,0.0,0.0,0.0,4.44,21.58,0.1177
2019-07-07 06:00:00,188,6.0,22,2556,1,0,2402.5,3,35.0,34.82,62.39,80.98,230.3,177.43,0.5779,102.53,260.66,315.66,74.9,-55.0,19.9,13.24,17.27,0.0,1.36,41.52,751.04,0.0,0.0,0.0,4.44,24.34,0.1328
2019-07-07 06:00:00,188,6.0,23,2549,1,0,2402.5,3,35.0,35.0,80.98,80.98,230.3,230.3,0.5781,133.13,260.66,315.66,97.17,-55.0,42.18,13.24,17.32,0.0,1.36,41.52,751.04,0.0,0.0,0.0,4.44,46.62,0.2543
2019-07-07 06:00:00,188,6.0,24,2549,1,0,2402.5,3,35.0,35.0,144.63,80.98,230.3,411.29,0.5781,237.75,260.66,315.66,173.54,-55.0,118.55,13.24,17.32,0.0,1.36,41.52,751.04,0.0,0.0,0.0,4.44,122.99,0.6709
2019-07-07 06:00:00,188,6.0,25,2524,1,0,2402.5,3,35.0,35.65,180.31,80.98,230.3,512.75,0.5787,296.72,260.66,315.66,216.03,-55.0,161.03,13.24,17.48,0.0,1.36,41.52,751.04,0.0,0.0,0.0,4.44,165.47,0.9026
2019-07-07 06:00:00,188,6.0,26,2502,1,0,2402.5,3,35.0,36.22,147.73,80.98,230.3,420.11,0.5792,243.35,260.66,315.66,176.76,-55.0,121.77,13.24,17.62,0.0,1.36,41.52,751.04,0.0,0.0,0.0,4.44,126.21,0.6884
2019-07-07 06:00:00,188,6.0,27,2502,1,0,2402.5,3,35.0,36.22,153.53,80.98,230.3,436.59,0.5792,252.89,260.66,315.66,183.7,-55.0,128.7,13.24,17.62,0.0,1.36,41.52,751.04,0.0,0.0,0.0,4.44,133.14,0.7262
2019-07-07 06:00:00,188,6.0,28,2477,1,0,2402.5,3,35.0,36.87,181.45,80.98,230.3,516.01,0.5799,299.22,260.66,315.66,216.78,-55.0,161.79,13.24,17.79,0.0,1.36,41.52,751.04,0.0,0.0,0.0,4.44,166.23,0.9067
2019-07-07 06:00:00,188,6.0,29,2477,1,0,2402.5,3,35.0,36.87,213.95,80.98,230.3,608.43,0.5799,352.82,260.66,315.66,255.61,-55.0,200.62,13.24,17.79,0.0,1.36,41.52,751.04,0.0,0.0,0.0,4.44,205.06,1.1185
2019-07-07 06:00:00,188,6.0,30,2440,1,0,2402.5,3,35.0,37.83,247.46,80.98,230.3,703.71,0.5808,408.73,260.66,315.66,294.98,-55.0,239.99,13.24,18.03,0.0,1.36,41.52,751.04,0.0,0.0,0.0,4.44,244.43,1.3333
2019-07-07 06:00:00,188,6.0,31,2620,1,0,2402.5,3,35.0,33.15,409.45,80.98,230.3,1164.39,0.5763,670.99,260.66,315.66,493.4,-55.0,438.41,13.24,16.86,0.0,1.36,41.52,751.04,0.0,0.0,0.0,4.44,442.85,2.4155
2019-07-07 06:00:00,188,6.0,32,2576,1,0,2402.5,3,35.0,34.3,44.34,80.98,230.3,126.08,0.5774,72.8,260.66,315.66,53.29,-55.0,-1.71,13.24,17.14,0.0,1.36,41.52,751.04,0.0,0.0,0.0,4.44,2.73,0.0149
2019-07-07 06:00:00,188,6.0,33,2576,1,0,2402.5,3,35.0,34.3,62.8,80.98,230.3,178.59,0.5774,103.11,260.66,315.66,75.48,-55.0,20.48,13.24,17.14,0.0,1.36,41.52,751.04,0.0,0.0,0.0,4.44,24.92,0.136
2019-07-07 06:00:00,188,6.0,34,2576,1,0,2402.5,3,35.0,34.3,62.53,80.98,230.3,177.83,0.5774,102.67,260.66,315.66,75.16,-55.0,20.16,13.24,17.14,0.0,1.36,41.52,751.04,0.0,0.0,0.0,4.44,24.6,0.1342
2019-07-07 06:00:00,188,6.0,35,2556,1,0,2402.5,3,35.0,34.82,52.87,80.98,230.3,150.36,0.5779,86.89,260.66,315.66,63.47,-55.0,8.48,13.24,17.27,0.0,1.36,41.52,751.04,0.0,0.0,0.0,4.44,12.92,0.0705
2019-07-07 06:00:00,188,6.0,36,2533,1,0,2402.5,3,35.0,35.42,94.18,80.98,230.3,267.82,0.5785,154.92,260.66,315.66,112.9,-55.0,57.9,13.24,17.42,0.0,1.36,41.52,751.04,0.0,0.0,0.0,4.44,62.34,0.3401
2019-07-07 06:00:00,188,6.0,37,2532,1,0,2402.5,3,35.0,35.44,150.24,80.98,230.3,427.25,0.5785,247.16,260.66,315.66,180.09,-55.0,125.1,13.24,17.43,0.0,1.36,41.52,751.04,0.0,0.0,0.0,4.44,129.54,0.7066
2019-07-07 06:00:00,188,6.0,38,2534,1,0,2402.5,3,35.0,35.39,213.59,80.98,230.3,607.4,0.5784,351.34,260.66,315.66,256.06,-55.0,201.06,13.24,17.41,0.0,1.36,41.52,751.04,0.0,0.0,0.0,4.44,205.51,1.1209
2019-07-07 06:00:00,188,6.0,39,2534,1,0,2402.5,3,35.0,35.39,277.4,80.98,230.3,788.85,0.5784,456.3,260.66,315.66,332.55,-55.0,277.55,13.24,17.41,0.0,1.36,41.52,751.04,0.0,0.0,0.0,4.44,282.0,1.5382
2019-07-07 06:00:00,188,6.0,40,2515,1,0,2402.5,3,35.0,35.88,338.72,80.98,230.3,963.24,0.5789,557.64,260.66,315.66,405.6,-55.0,350.61,13.24,17.54,0.0,1.36,41.52,751.04,0.0,0.0,0.0,4.44,355.05,1.9367
2019-07-07 06:00:00,188,6.0,41,2487,1,0,2402.5,3,35.0,36.61,334.55,80.98,230.3,951.38,0.5796,551.45,260.66,315.66,399.93,-55.0,344.94,13.24,17.72,0.0,1.36,41.52,751.04,0.0,0.0,0.0,4.44,349.38,1.9057
2019-07-07 06:00:00,188,6.0,42,2487,1,0,2402.5,3,35.0,36.61,311.28,80.98,230.3,885.22,0.5796,513.1,260.66,315.66,372.12,-55.0,317.12,13.24,17.72,0.0,1.36,41.52,751.04,0.0,0.0,0.0,4.44,321.57,1.754
2019-07-07 06:00:00,188,6.0,43,2464,1,0,2402.5,3,35.0,37.21,280.68,80.98,230.3,798.17,0.5802,463.11,260.66,315.66,335.06,-55.0,280.07,13.24,17.87,0.0,1.36,41.52,751.04,0.0,0.0,0.0,4.44,284.51,1.5519
2019-07-07 06:00:00,188,6.0,44,2555,1,0,2402.5,3,35.0,34.84,184.05,80.98,230.3,523.4,0.5779,302.48,260.66,315.66,220.93,-55.0,165.93,13.24,17.28,0.0,1.36,41.52,751.04,0.0,0.0,0.0,4.44,170.37,0.9293
2019-07-07 06:00:00,188,6.0,45,2555,1,0,2402.5,3,35.0,34.84,105.69,80.98,230.3,300.56,0.5779,173.69,260.66,315.66,126.86,-55.0,71.87,13.24,17.28,0.0,1.36,41.52,751.04,0.0,0.0,0.0,4.44,76.31,0.4163
2019-07-07 06:00:00,188,6.0,46,2555,1,0,2402.5,3,35.0,34.84,123.57,80.98,230.3,351.39,0.5779,203.07,260.66,315.66,148.32,-55.0,93.33,13.24,17.28,0.0,1.36,41.52,751.04,0.0,0.0,0.0,4.44,97.77,0.5333
2019-07-07 06:00:00,188,6.0,47,2530,1,0,2402.5,3,35.0,35.49,142.41,80.98,230.3,404.98,0.5785,234.29,260.66,315.66,170.68,-55.0,115.69,13.24,17.44,0.0,1.36,41.52,751.04,0.0,0.0,0.0,4.44,120.13,0.6553
2019-07-07 06:00:00,188,6.0,48,2510,1,0,2402.5,3,35.0,36.01,158.87,80.98,230.3,451.77,0.579,261.6,260.66,315.66,190.18,-55.0,135.18,13.24,17.57,0.0,1.36,41.52,751.04,0.0,0.0,0.0,4.44,139.62,0.7616
2019-07-07 06:00:00,188,6.0,49,2534,1,0,2402.5,3,35.0,35.39,328.16,80.98,230.3,933.21,0.5784,539.81,260.66,315.66,393.41,-55.0,338.41,13.24,17.41,0.0,1.36,41.52,751.04,0.0,0.0,0.0,4.44,342.86,1.8701
2019-07-07 06:00:00,188,6.0,50,2531,1,0,2402.5,3,35.0,35.47,267.49,80.98,230.3,760.67,0.5785,440.06,260.66,315.66,320.61,-55.0,265.62,13.24,17.43,0.0,1.36,41.52,751.04,0.0,0.0,0.0,4.44,270.06,1.4731
2019-07-07 06:00:00,188,6.0,51,2531,1,0,2402.5,3,35.0,35.47,197.04,80.98,230.3,560.34,0.5785,324.16,260.66,315.66,236.17,-55.0,181.18,13.24,17.43,0.0,1.36,41.52,751.04,0.0,0.0,0.0,4.44,185.62,1.0125
2019-07-07 06:00:00,188,6.0,52,2531,1,0,2402.5,3,35.0,35.47,220.63,80.98,230.3,627.42,0.5785,362.97,260.66,315.66,264.45,-55.0,209.45,13.24,17.43,0.0,1.36,41.52,751.04,0.0,0.0,0.0,4.44,213.9,1.1667
2019-07-07 06:00:00,188,6.0,53,2507,1,0,2402.5,3,35.0,36.09,242.28,80.98,230.3,688.98,0.5791,399.0,260.66,315.66,289.98,-55.0,234.98,13.24,17.59,0.0,1.36,41.52,751.04,0.0,0.0,0.0,4.44,239.43,1.306
2019-07-07 06:00:00,188,6.0,54,2494,1,0,2402.5,3,35.0,36.43,232.95,80.98,230.3,662.45,0.5795,383.86,260.66,315.66,278.59,-55.0,223.6,13.24,17.67,0.0,1.36,41.52,751.04,0.0,0.0,0.0,4.44,228.04,1.2439
2019-07-07 06:00:00,188,6.0,55,2531,1,0,2402.5,3,35.0,35.47,192.63,80.98,230.3,547.8,0.5785,316.91,260.66,315.66,230.89,-55.0,175.89,13.24,17.43,0.0,1.36,41.52,751.04,0.0,0.0,0.0,4.44,180.34,0.9837
2019-07-07 06:00:00,188,6.0,56,2531,1,0,2402.5,3,35.0,35.47,217.57,80.98,230.3,618.71,0.5785,357.93,260.66,315.66,260.78,-55.0,205.78,13.24,17.43,0.0,1.36,41.52,751.04,0.0,0.0,0.0,4.44,210.23,1.1467
2019-07-07 06:00:00,188,6.0,57,2507,1,0,2402.5,3,35.0,36.09,232.06,80.98,230.3,659.92,0.5791,382.18,260.66,315.66,277.75,-55.0,222.75,13.24,17.59,0.0,1.36,41.52,751.04,0.0,0.0,0.0,4.44,227.2,1.2393
2019-07-07 06:00:00,188,6.0,58,2494,1,0,2402.5,3,35.0,36.43,189.54,80.98,230.3,539.01,0.5795,312.33,260.66,315.66,226.68,-55.0,171.69,13.24,17.67,0.0,1.36,41.52,751.04,0.0,0.0,0.0,4.44,176.13,0.9607
2019-07-07 06:00:00,188,6.0,59,2506,1,0,2402.5,3,35.0,36.12,192.47,80.98,230.3,547.35,0.5791,317.0,260.66,315.66,230.35,-55.0,175.36,13.24,17.6,0.0,1.36,41.52,751.04,0.0,0.0,0.0,4.44,179.8,0.9807
2019-07-07 06:00:00,188,6.0,60,2506,1,0,2402.5,3,35.0,36.12,216.07,80.98,230.3,614.44,0.5791,355.85,260.66,315.66,258.59,-55.0,203.59,13.24,17.6,0.0,1.36,41.52,751.04,0.0,0.0,0.0,4.44,208.04,1.1348
2019-07-07 06:00:00,188,6.0,61,2485,1,0,2402.5,3,35.0,36.66,219.49,80.98,230.3,624.17,0.5797,361.82,260.66,315.66,262.35,-55.0,207.36,13.24,17.73,0.0,1.36,41.52,751.04,0.0,0.0,0.0,4.44,211.8,1.1553
2019-07-07 06:00:00,188,6.0,62,2469,1,0,2402.5,3,35.0,37.08,65.43,80.98,230.3,186.08,0.5801,107.94,260.66,315.66,78.14,-55.0,23.14,13.24,17.84,0.0,1.36,41.52,751.04,0.0,0.0,0.0,4.44,27.59,0.1505
2019-07-07 06:00:00,188,6.0,63,2506,1,0,2402.5,3,35.0,36.12,299.23,80.98,230.3,850.95,0.5791,492.82,260.66,315.66,358.12,-55.0,303.13,13.24,17.6,0.0,1.36,41.52,751.04,0.0,0.0,0.0,4.44,307.57,1.6777
2019-07-07 06:00:00,188,6.0,64,2506,1,0,2402.5,3,35.0,36.12,227.72,80.98,230.3,647.59,0.5791,375.05,260.66,315.66,272.54,-55.0,217.54,13.24,17.6,0.0,1.36,41.52,751.04,0.0,0.0,0.0,4.44,221.99,1.2108
2019-07-07 06:00:00,188,6.0,65,2506,1,0,2402.5,3,35.0,36.12,255.15,80.98,230.3,725.59,0.5791,420.22,260.66,315.66,305.37,-55.0,250.37,13.24,17.6,0.0,1.36,41.52,751.04,0.0,0.0,0.0,4.44,254.81,1.3899
2019-07-07 06:00:00,188,6.0,66,2485,1,0,2402.5,3,35.0,36.66,287.19,80.98,230.3,816.69,0.5797,473.42,260.66,315.66,343.27,-55.0,288.28,13.24,17.73,0.0,1.36,41.52,751.04,0.0,0.0,0.0,4.44,292.72,1.5967
2019-07-07 06:00:00,188,6.0,67,2455,1,0,2402.5,3,35.0,37.44,66.31,80.98,230.3,188.56,0.5804,109.45,260.66,315.66,79.11,-55.0,24.12,13.24,17.93,0.0,1.36,41.52,751.04,0.0,0.0,0.0,4.44,28.56,0.1558
2019-07-07 06:00:00,188,6.0,68,2489,1,0,2402.5,3,35.0,36.56,299.3,80.98,230.3,851.12,0.5796,493.29,260.66,315.66,357.83,-55.0,302.84,13.24,17.71,0.0,1.36,41.52,751.04,0.0,0.0,0.0,4.44,307.28,1.6761
2019-07-07 06:00:00,188,6.0,69,2489,1,0,2402.5,3,35.0,36.56,209.96,80.98,230.3,597.08,0.5796,346.05,260.66,315.66,251.03,-55.0,196.03,13.24,17.71,0.0,1.36,41.52,751.04,0.0,0.0,0.0,4.44,200.48,1.0935
2019-07-07 06:00:00,188,6.0,70,2489,1,0,2402.5,3,35.0,36.56,227.28,80.98,230.3,646.32,0.5796,374.59,260.66,315.66,271.73,-55.0,216.73,13.24,17.71,0.0,1.36,41.52,751.04,0.0,0.0,0.0,4.44,221.18,1.2064
2019-07-07 06:00:00,188,6.0,71,2477,1,0,2402.5,3,35.0,36.87,260.94,80.98,230.3,742.04,0.5799,430.29,260.66,315.66,311.74,-55.0,256.75,13.24,17.79,0.0,1.36,41.52,751.04,0.0,0.0,0.0,4.44,261.19,1.4247
2019-07-07 06:00:00,188,6.0,72,2455,1,0,2402.5,3,35.0,37.44,66.38,80.98,230.3,188.75,0.5804,109.56,260.66,315.66,79.19,-55.0,24.2,13.24,17.93,0.0,1.36,41.52,751.04,0.0,0.0,0.0,4.44,28.64,0.1562
2019-07-07 06:00:00,188,6.0,73,2485,1,0,2402.5,3,35.0,36.66,340.97,80.98,230.3,969.63,0.5797,562.08,260.66,315.66,407.56,-55.0,352.56,13.24,17.73,0.0,1.36,41.52,751.04,0.0,0.0,0.0,4.44,357.01,1.9473
2019-07-07 06:00:00,188,6.0,74,2485,1,0,2402.5,3,35.0,36.66,253.96,80.98,230.3,722.21,0.5797,418.65,260.66,315.66,303.56,-55.0,248.56,13.24,17.73,0.0,1.36,41.52,751.04,0.0,0.0,0.0,4.44,253.01,1.38
2019-07-07 06:00:00,188,6.0,75,2485,1,0,2402.5,3,35.0,36.66,253.63,80.98,230.3,721.26,0.5797,418.1,260.66,315.66,303.16,-55.0,248.16,13.24,17.73,0.0,1.36,41.52,751.04,0.0,0.0,0.0,4.44,252.61,1.3779
2019-07-07 06:00:00,188,6.0,76,2466,1,0,2402.5,3,35.0,37.16,220.64,80.98,230.3,627.43,0.5802,364.01,260.66,315.66,263.42,-55.0,208.42,13.24,17.86,0.0,1.36,41.52,751.04,0.0,0.0,0.0,4.44,212.87,1.1611
2019-07-07 06:00:00,188,6.0,77,2445,1,0,2402.5,3,35.0,37.7,65.4,80.98,230.3,185.98,0.5807,107.99,260.66,315.66,77.98,-55.0,22.98,13.24,17.99,0.0,1.36,41.52,751.04,0.0,0.0,0.0,4.44,27.43,0.1496
2019-07-07 06:00:00,188,6.0,78,2478,1,0,2402.5,3,35.0,36.85,253.9,80.98,230.3,722.02,0.5799,418.67,260.66,315.66,303.35,-55.0,248.36,13.24,17.78,0.0,1.36,41.52,751.04,0.0,0.0,0.0,4.44,252.8,1.3789
2019-07-07 06:00:00,188,6.0,79,2478,1,0,2402.5,3,35.0,36.85,258.94,80.98,230.3,736.35,0.5799,426.98,260.66,315.66,309.37,-55.0,254.38,13.24,17.78,0.0,1.36,41.52,751.04,0.0,0.0,0.0,4.44,258.82,1.4118
2019-07-07 06:00:00,188,6.0,80,2449,1,0,2402.5,3,35.0,37.6,223.16,80.98,230.3,634.61,0.5806,368.45,260.66,315.66,266.16,-55.0,211.16,13.24,17.97,0.0,1.36,41.52,751.04,0.0,0.0,0.0,4.44,215.61,1.176
2019-07-07 06:00:00,188,6.0,81,2412,1,0,2402.5,3,35.0,38.56,64.99,80.98,230.3,184.83,0.5815,107.48,260.66,315.66,77.35,-55.0,22.35,13.24,18.21,0.0,1.36,41.52,751.04,0.0,0.0,0.0,4.44,26.79,0.1461
2019-07-07 06:00:00,188,6.0,82,2443,1,0,2402.5,3,35.0,37.76,62.46,80.98,230.3,177.61,0.5807,103.15,260.66,315.66,74.47,-55.0,19.47,13.24,18.01,0.0,1.36,41.52,751.04,0.0,0.0,0.0,4.44,23.91,0.1304
2019-07-07 06:00:00,188,6.0,83,2474,1,0,2402.5,3,35.0,36.95,293.25,80.98,230.3,833.93,0.58,483.64,260.66,315.66,350.29,-55.0,295.29,13.24,17.8,0.0,1.36,41.52,751.04,0.0,0.0,0.0,4.44,299.73,1.6349
2019-07-07 06:00:00,188,6.0,84,2474,1,0,2402.5,3,35.0,36.95,305.05,80.98,230.3,867.48,0.58,503.1,260.66,315.66,364.38,-55.0,309.38,13.24,17.8,0.0,1.36,41.52,751.04,0.0,0.0,0.0,4.44,313.83,1.7118
2019-07-07 06:00:00,188,6.0,85,2436,1,0,2402.5,3,35.0,37.94,274.14,80.98,230.3,779.58,0.5809,452.87,260.66,315.66,326.71,-55.0,271.71,13.24,18.05,0.0,1.36,41.52,751.04,0.0,0.0,0.0,4.44,276.15,1.5063
2019-07-07 06:00:00,188,6.0,86,2397,0,0,2402.5,3,35.0,38.95,64.97,80.98,230.3,184.75,0.2445,45.16,260.66,315.66,139.59,-55.0,84.59,13.24,18.3,0.0,1.36,41.52,751.04,0.0,0.0,0.0,24.44,109.03,0.5859
2019-07-07 06:00:00,188,6.0,87,2415,1,0,2402.5,3,35.0,38.48,64.0,80.98,230.3,182.0,0.5815,105.83,260.66,315.66,76.18,-55.0,21.18,13.24,18.19,0.0,1.36,41.52,751.04,0.0,0.0,0.0,4.44,25.63,0.1398
2019-07-07 06:00:00,188,6.0,88,2476,1,0,2402.5,3,35.0,36.9,396.55,80.98,230.3,1127.68,0.5799,653.95,260.66,315.66,473.73,-55.0,418.74,13.24,17.79,0.0,1.36,41.52,751.04,0.0,0.0,0.0,4.44,423.18,2.3083
2019-07-07 06:00:00,188,6.0,89,2428,1,0,2402.5,3,35.0,38.15,330.44,80.98,230.3,939.69,0.5811,546.08,260.66,315.66,393.61,-55.0,338.62,13.24,18.1,0.0,1.36,41.52,751.04,0.0,0.0,0.0,4.44,343.06,1.8713
2019-07-07 06:00:00,188,6.0,90,2377,0,0,2402.5,3,35.0,39.47,64.34,80.98,230.3,182.97,0.245,44.82,260.66,315.66,138.15,-55.0,83.15,13.24,18.43,0.0,1.36,41.52,751.04,0.0,0.0,0.0,24.44,107.6,0.5781
2019-07-07 06:00:00,188,6.0,91,2378,0,0,2402.5,3,35.0,39.45,64.77,80.98,230.3,184.2,0.2449,45.12,260.66,315.66,139.08,-55.0,84.09,13.24,18.43,0.0,1.36,41.52,751.04,0.0,0.0,0.0,24.44,108.53,0.5832
2019-07-07 06:00:00,188,6.0,92,2496,1,0,2402.5,3,35.0,36.38,583.1,80.98,230.3,1658.2,0.5794,960.76,260.66,315.66,697.44,-55.0,642.44,13.24,17.66,0.0,1.36,41.52,751.04,0.0,0.0,0.0,4.44,646.89,3.5285
2019-07-07 06:00:00,188,6.0,93,2423,1,0,2402.5,3,35.0,38.28,265.65,80.98,230.3,755.45,0.5813,439.1,260.66,315.66,316.34,-55.0,261.35,13.24,18.14,0.0,1.36,41.52,751.04,0.0,0.0,0.0,4.44,265.79,1.4498
2019-07-07 06:00:00,188,6.0,95,2372,0,0,2402.5,3,35.0,39.6,311.72,80.98,230.3,886.45,0.2451,217.26,260.66,315.66,669.19,-55.0,614.19,13.24,18.47,0.0,1.36,41.52,751.04,0.0,0.0,0.0,24.44,638.64,3.4315
2019-07-07 06:00:00,188,6.0,97,2358,0,0,2402.5,3,35.0,39.97,200.6,80.98,230.3,570.46,0.2454,140.02,260.66,315.66,430.44,-55.0,375.45,13.24,18.56,0.0,1.36,41.52,751.04,0.0,0.0,0.0,24.44,399.89,2.1487
2019-07-07 06:00:00,188,6.0,98,2554,1,0,2402.5,3,35.0,34.87,600.42,80.98,230.3,1707.45,0.5779,986.79,260.66,315.66,720.67,-55.0,665.67,13.24,17.28,0.0,1.36,41.52,751.04,0.0,0.0,0.0,4.44,670.11,3.6552
2019-07-07 06:00:00,188,6.0,99,2451,1,0,2402.5,3,35.0,37.55,230.23,80.98,230.3,654.7,0.5805,380.08,260.66,315.66,274.62,-55.0,219.63,13.24,17.95,0.0,1.36,41.52,751.04,0.0,0.0,0.0,4.44,224.07,1.2222
2019-07-07 06:00:00,188,6.0,100,2361,0,0,2402.5,3,35.0,39.89,357.22,80.98,230.3,1015.85,0.2454,249.26,260.66,315.66,766.59,-55.0,711.6,13.24,18.54,0.0,1.36,41.52,751.04,0.0,0.0,0.0,24.44,736.04,3.9548
2019-07-07 06:30:00,188,6.5,94,2563,1,0,2402.5,3,35.0,34.64,67.6,139.17,295.6,143.58,0.5777,82.95,264.02,315.66,60.63,-51.63,9.0,12.43,17.23,0.0,1.36,44.09,750.96,0.0,0.0,0.0,4.44,13.44,0.0733
2019-07-07 06:30:00,188,6.5,96,2549,1,0,2402.5,3,35.0,35.0,139.17,139.17,295.6,295.6,0.5781,170.87,264.02,315.66,124.73,-51.63,73.09,12.43,17.32,0.0,1.36,44.09,750.96,0.0,0.0,0.0,4.44,77.54,0.4229
2019-07-07 06:30:00,188,6.5,1,2612,1,0,2402.5,3,35.0,33.36,69.03,139.17,295.6,146.63,0.5765,84.53,264.02,315.66,62.1,-51.63,10.47,12.43,16.91,0.0,1.36,44.09,750.96,0.0,0.0,0.0,4.44,14.91,0.0813
2019-07-07 06:30:00,188,6.5,2,2612,1,0,2402.5,3,35.0,33.36,69.56,139.17,295.6,147.76,0.5765,85.18,264.02,315.66,62.58,-51.63,10.95,12.43,16.91,0.0,1.36,44.09,750.96,0.0,0.0,0.0,4.44,15.39,0.084
2019-07-07 06:30:00,188,6.5,3,2610,1,0,2402.5,3,35.0,33.41,60.74,139.17,295.6,129.01,0.5765,74.38,264.02,315.66,54.63,-51.63,3.0,12.43,16.92,0.0,1.36,44.09,750.96,0.0,0.0,0.0,4.44,7.45,0.0406
2019-07-07 06:30:00,188,6.5,4,2583,1,0,2402.5,3,35.0,34.12,102.96,139.17,295.6,218.69,0.5772,126.23,264.02,315.66,92.46,-51.63,40.83,12.43,17.1,0.0,1.36,44.09,750.96,0.0,0.0,0.0,4.44,45.27,0.247
2019-07-07 06:30:00,188,6.5,5,2583,1,0,2402.5,3,35.0,34.12,143.94,139.17,295.6,305.74,0.5772,176.47,264.02,315.66,129.27,-51.63,77.63,12.43,17.1,0.0,1.36,44.09,750.96,0.0,0.0,0.0,4.44,82.08,0.4477
2019-07-07 06:30:00,188,6.5,6,2546,1,0,2402.5,3,35.0,35.08,168.22,139.17,295.6,357.31,0.5781,206.57,264.02,315.66,150.74,-51.63,99.1,12.43,17.34,0.0,1.36,44.09,750.96,0.0,0.0,0.0,4.44,103.55,0.5648
2019-07-07 06:30:00,188,6.5,7,2546,1,0,2402.5,3,35.0,35.08,210.54,139.17,295.6,447.2,0.5781,258.54,264.02,315.66,188.66,-51.63,137.02,12.43,17.34,0.0,1.36,44.09,750.96,0.0,0.0,0.0,4.44,141.47,0.7716
2019-07-07 06:30:00,188,6.5,8,2639,1,0,2402.5,3,35.0,32.66,69.35,139.17,295.6,147.29,0.5758,84.81,264.02,315.66,62.48,-51.63,10.85,12.43,16.73,0.0,1.36,44.09,750.96,0.0,0.0,0.0,4.44,15.3,0.0834
2019-07-07 06:30:00,188,6.5,9,2610,1,0,2402.5,3,35.0,33.41,68.16,139.17,295.6,144.77,0.5765,83.46,264.02,315.66,61.31,-51.63,9.68,12.43,16.92,0.0,1.36,44.09,750.96,0.0,0.0,0.0,4.44,14.12,0.077
2019-07-07 06:30:00,188,6.5,10,2579,1,0,2402.5,3,35.0,34.22,70.75,139.17,295.6,150.28,0.5773,86.76,264.02,315.66,63.52,-51.63,11.89,12.43,17.12,0.0,1.36,44.09,750.96,0.0,0.0,0.0,4.44,16.33,0.0891
2019-07-07 06:30:00,188,6.5,11,2579,1,0,2402.5,3,35.0,34.22,77.48,139.17,295.6,164.56,0.5773,95.0,264.02,315.66,69.56,-51.63,17.93,12.43,17.12,0.0,1.36,44.09,750.96,0.0,0.0,0.0,4.44,22.37,0.122
2019-07-07 06:30:00,188,6.5,12,2546,1,0,2402.5,3,35.0,35.08,45.21,139.17,295.6,96.03,0.5781,55.52,264.02,315.66,40.51,-51.63,-11.12,12.43,17.34,0.0,1.36,44.09,750.96,0.0,0.0,0.0,4.44,0.0,0.0
2019-07-07 06:30:00,188,6.5,13,2530,1,0,2402.5,3,35.0,35.49,69.73,139.17,295.6,148.12,0.5785,85.69,264.02,315.66,62.43,-51.63,10.79,12.43,17.44,0.0,1.36,44.09,750.96,0.0,0.0,0.0,4.44,15.24,0.0831
2019-07-07 06:30:00,188,6.5,14,2530,1,0,2402.5,3,35.0,35.49,44.07,139.17,295.6,93.61,0.5785,54.16,264.02,315.66,39.45,-51.63,-12.18,12.43,17.44,0.0,1.36,44.09,750.96,0.0,0.0,0.0,4.44,0.0,0.0
2019-07-07 06:30:00,188,6.5,15,2494,1,0,2402.5,3,35.0,36.43,68.95,139.17,295.6,146.45,0.5795,84.86,264.02,315.66,61.59,-51.63,9.95,12.43,17.67,0.0,1.36,44.09,750.96,0.0,0.0,0.0,4.44,14.4,0.0785
2019-07-07 06:30:00,188,6.5,16,2494,1,0,2402.5,3,35.0,36.43,82.07,139.17,295.6,174.33,0.5795,101.01,264.02,315.66,73.31,-51.63,21.68,12.43,17.67,0.0,1.36,44.09,750.96,0.0,0.0,0.0,4.44,26.12,0.1425
2019-07-07 06:30:00,188,6.5,17,2462,1,0,2402.5,3,35.0,37.26,79.81,139.17,295.6,169.52,0.5803,98.37,264.02,315.66,71.15,-51.63,19.52,12.43,17.88,0.0,1.36,44.09,750.96,0.0,0.0,0.0,4.44,23.97,0.1307
2019-07-07 06:30:00,188,6.5,18,2630,1,0,2402.5,3,35.0,32.89,52.49,139.17,295.6,111.49,0.576,64.22,264.02,315.66,47.27,-51.63,-4.36,12.43,16.79,0.0,1.36,44.09,750.96,0.0,0.0,0.0,4.44,0.08,0.0004
2019-07-07 06:30:00,188,6.5,19,2630,1,0,2402.5,3,35.0,32.89,69.91,139.17,295.6,148.49,0.576,85.53,264.02,315.66,62.96,-51.63,11.32,12.43,16.79,0.0,1.36,44.09,750.96,0.0,0.0,0.0,4.44,15.77,0.086
2019-07-07 06:30:00,188,6.5,20,2604,1,0,2402.5,3,35.0,33.57,67.43,139.17,295.6,143.23,0.5767,82.6,264.02,315.66,60.63,-51.63,9.0,12.43,16.96,0.0,1.36,44.09,750.96,0.0,0.0,0.0,4.44,13.45,0.0733
2019-07-07 06:30:00,188,6.5,21,2563,1,0,2402.5,3,35.0,34.64,67.6,139.17,295.6,143.58,0.5777,82.95,264.02,315.66,60.63,-51.63,9.0,12.43,17.23,0.0,1.36,44.09,750.96,0.0,0.0,0.0,4.44,13.44,0.0733
2019-07-07 06:30:00,188,6.5,22,2556,1,0,2402.5,3,35.0,34.82,43.04,139.17,295.6,91.43,0.5779,52.83,264.02,315.66,38.59,-51.63,-13.04,12.43,17.27,0.0,1.36,44.09,750.96,0.0,0.0,0.0,4.44,0.0,0.0
2019-07-07 06:30:00,188,6.5,23,2549,1,0,2402.5,3,35.0,35.0,139.17,139.17,295.6,295.6,0.5781,170.87,264.02,315.66,124.73,-51.63,73.09,12.43,17.32,0.0,1.36,44.09,750.96,0.0,0.0,0.0,4.44,77.54,0.4229
2019-07-07 06:30:00,188,6.5,24,2549,1,0,2402.5,3,35.0,35.0,199.68,139.17,295.6,424.13,0.5781,245.17,264.02,315.66,178.96,-51.63,127.32,12.43,17.32,0.0,1.36,44.09,750.96,0.0,0.0,0.0,4.44,131.77,0.7187
2019-07-07 06:30:00,188,6.5,25,2524,1,0,2402.5,3,35.0,35.65,226.23,139.17,295.6,480.53,0.5787,278.08,264.02,315.66,202.45,-51.63,150.82,12.43,17.48,0.0,1.36,44.09,750.96,0.0,0.0,0.0,4.44,155.26,0.8469
2019-07-07 06:30:00,188,6.5,26,2502,1,0,2402.5,3,35.0,36.22,204.74,139.17,295.6,434.87,0.5792,251.9,264.02,315.66,182.97,-51.63,131.34,12.43,17.62,0.0,1.36,44.09,750.96,0.0,0.0,0.0,4.44,135.78,0.7406
2019-07-07 06:30:00,188,6.5,27,2502,1,0,2402.5,3,35.0,36.22,208.2,139.17,295.6,442.21,0.5792,256.15,264.02,315.66,186.06,-51.63,134.43,12.43,17.62,0.0,1.36,44.09,750.96,0.0,0.0,0.0,4.44,138.87,0.7575
2019-07-07 06:30:00,188,6.5,28,2477,1,0,2402.5,3,35.0,36.87,237.93,139.17,295.6,505.38,0.5799,293.06,264.02,315.66,212.32,-51.63,160.68,12.43,17.79,0.0,1.36,44.09,750.96,0.0,0.0,0.0,4.44,165.13,0.9007
2019-07-07 06:30:00,188,6.5,29,2477,1,0,2402.5,3,35.0,36.87,270.56,139.17,295.6,574.68,0.5799,333.25,264.02,315.66,241.43,-51.63,189.8,12.43,17.79,0.0,1.36,44.09,750.96,0.0,0.0,0.0,4.44,194.24,1.0595
2019-07-07 06:30:00,188,6.5,30,2440,1,0,2402.5,3,35.0,37.83,309.52,139.17,295.6,657.44,0.5808,381.85,264.02,315.66,275.58,-51.63,223.95,12.43,18.03,0.0,1.36,44.09,750.96,0.0,0.0,0.0,4.44,228.4,1.2458
2019-07-07 06:30:00,188,6.5,31,2620,1,0,2402.5,3,35.0,33.15,459.15,139.17,295.6,975.25,0.5763,562.0,264.02,315.66,413.26,-51.63,361.62,12.43,16.86,0.0,1.36,44.09,750.96,0.0,0.0,0.0,4.44,366.07,1.9967
2019-07-07 06:30:00,188,6.5,32,2576,1,0,2402.5,3,35.0,34.3,82.84,139.17,295.6,175.96,0.5774,101.59,264.02,315.66,74.37,-51.63,22.73,12.43,17.14,0.0,1.36,44.09,750.96,0.0,0.0,0.0,4.44,27.18,0.1482
2019-07-07 06:30:00,188,6.5,33,2576,1,0,2402.5,3,35.0,34.3,39.09,139.17,295.6,83.03,0.5774,47.94,264.02,315.66,35.09,-51.63,-16.54,12.43,17.14,0.0,1.36,44.09,750.96,0.0,0.0,0.0,4.44,0.0,0.0
2019-07-07 06:30:00,188,6.5,34,2576,1,0,2402.5,3,35.0,34.3,51.86,139.17,295.6,110.15,0.5774,63.6,264.02,315.66,46.55,-51.63,-5.08,12.43,17.14,0.0,1.36,44.09,750.96,0.0,0.0,0.0,4.44,0.0,0.0
2019-07-07 06:30:00,188,6.5,35,2556,1,0,2402.5,3,35.0,34.82,89.46,139.17,295.6,190.01,0.5779,109.8,264.02,315.66,80.21,-51.63,28.57,12.43,17.27,0.0,1.36,44.09,750.96,0.0,0.0,0.0,4.44,33.02,0.1801
2019-07-07 06:30:00,188,6.5,36,2533,1,0,2402.5,3,35.0,35.42,145.48,139.17,295.6,309.01,0.5785,178.75,264.02,315.66,130.26,-51.63,78.63,12.43,17.42,0.0,1.36,44.09,750.96,0.0,0.0,0.0,4.44,83.07,0.4531
2019-07-07 06:30:00,188,6.5,37,2532,1,0,2402.5,3,35.0,35.44,220.23,139.17,295.6,467.78,0.5785,270.6,264.02,315.66,197.17,-51.63,145.54,12.43,17.43,0.0,1.36,44.09,750.96,0.0,0.0,0.0,4.44,149.99,0.8181
2019-07-07 06:30:00,188,6.5,38,2534,1,0,2402.5,3,35.0,35.39,287.41,139.17,295.6,610.46,0.5784,353.11,264.02,315.66,257.35,-51.63,205.72,12.43,17.41,0.0,1.36,44.09,750.96,0.0,0.0,0.0,4.44,210.16,1.1463
2019-07-07 06:30:00,188,6.5,39,2534,1,0,2402.5,3,35.0,35.39,345.68,139.17,295.6,734.23,0.5784,424.71,264.02,315.66,309.53,-51.63,257.89,12.43,17.41,0.0,1.36,44.09,750.96,0.0,0.0,0.0,4.44,262.34,1.4309
2019-07-07 06:30:00,188,6.5,40,2515,1,0,2402.5,3,35.0,35.88,396.36,139.17,295.6,841.88,0.5789,487.38,264.02,315.66,354.5,-51.63,302.87,12.43,17.54,0.0,1.36,44.09,750.96,0.0,0.0,0.0,4.44,307.31,1.6763
2019-07-07 06:30:00,188,6.5,41,2487,1,0,2402.5,3,35.0,36.61,400.47,139.17,295.6,850.6,0.5796,493.03,264.02,315.66,357.57,-51.63,305.93,12.43,17.72,0.0,1.36,44.09,750.96,0.0,0.0,0.0,4.44,310.38,1.693
2019-07-07 06:30:00,188,6.5,42,2487,1,0,2402.5,3,35.0,36.61,375.62,139.17,295.6,797.82,0.5796,462.44,264.02,315.66,335.38,-51.63,283.75,12.43,17.72,0.0,1.36,44.09,750.96,0.0,0.0,0.0,4.44,288.19,1.572
2019-07-07 06:30:00,188,6.5,43,2464,1,0,2402.5,3,35.0,37.21,343.2,139.17,295.6,728.97,0.5802,422.96,264.02,315.66,306.02,-51.63,254.38,12.43,17.87,0.0,1.36,44.09,750.96,0.0,0.0,0.0,4.44,258.83,1.4118
2019-07-07 06:30:00,188,6.5,44,2555,1,0,2402.5,3,35.0,34.84,225.76,139.17,295.6,479.53,0.5779,277.12,264.02,315.66,202.41,-51.63,150.77,12.43,17.28,0.0,1.36,44.09,750.96,0.0,0.0,0.0,4.44,155.22,0.8466
2019-07-07 06:30:00,188,6.5,45,2555,1,0,2402.5,3,35.0,34.84,171.1,139.17,295.6,363.41,0.5779,210.02,264.02,315.66,153.39,-51.63,101.76,12.43,17.28,0.0,1.36,44.09,750.96,0.0,0.0,0.0,4.44,106.21,0.5793
2019-07-07 06:30:00,188,6.5,46,2555,1,0,2402.5,3,35.0,34.84,178.24,139.17,295.6,378.58,0.5779,218.78,264.02,315.66,159.8,-51.63,108.16,12.43,17.28,0.0,1.36,44.09,750.96,0.0,0.0,0.0,4.44,112.61,0.6142
2019-07-07 06:30:00,188,6.5,47,2530,1,0,2402.5,3,35.0,35.49,188.48,139.17,295.6,400.34,0.5785,231.61,264.02,315.66,168.73,-51.63,117.09,12.43,17.44,0.0,1.36,44.09,750.96,0.0,0.0,0.0,4.44,121.54,0.6629
2019-07-07 06:30:00,188,6.5,48,2510,1,0,2402.5,3,35.0,36.01,224.88,139.17,295.6,477.65,0.579,276.58,264.02,315.66,201.07,-51.63,149.43,12.43,17.57,0.0,1.36,44.09,750.96,0.0,0.0,0.0,4.44,153.88,0.8393
2019-07-07 06:30:00,188,6.5,49,2534,1,0,2402.5,3,35.0,35.39,403.34,139.17,295.6,856.7,0.5784,495.55,264.02,315.66,361.15,-51.63,309.52,12.43,17.41,0.0,1.36,44.09,750.96,0.0,0.0,0.0,4.44,313.96,1.7125
2019-07-07 06:30:00,188,6.5,50,2531,1,0,2402.5,3,35.0,35.47,308.81,139.17,295.6,655.91,0.5785,379.45,264.02,315.66,276.46,-51.63,224.82,12.43,17.43,0.0,1.36,44.09,750.96,0.0,0.0,0.0,4.44,229.27,1.2506
2019-07-07 06:30:00,188,6.5,51,2531,1,0,2402.5,3,35.0,35.47,268.67,139.17,295.6,570.65,0.5785,330.13,264.02,315.66,240.52,-51.63,188.89,12.43,17.43,0.0,1.36,44.09,750.96,0.0,0.0,0.0,4.44,193.33,1.0546
2019-07-07 06:30:00,188,6.5,52,2531,1,0,2402.5,3,35.0,35.47,281.26,139.17,295.6,597.41,0.5785,345.61,264.02,315.66,251.8,-51.63,200.17,12.43,17.43,0.0,1.36,44.09,750.96,0.0,0.0,0.0,4.44,204.61,1.1161
2019-07-07 06:30:00,188,6.5,53,2507,1,0,2402.5,3,35.0,36.09,296.48,139.17,295.6,629.74,0.5791,364.7,264.02,315.66,265.04,-51.63,213.41,12.43,17.59,0.0,1.36,44.09,750.96,0.0,0.0,0.0,4.44,217.86,1.1883
2019-07-07 06:30:00,188,6.5,54,2494,1,0,2402.5,3,35.0,36.43,311.72,139.17,295.6,662.1,0.5795,383.65,264.02,315.66,278.44,-51.63,226.81,12.43,17.67,0.0,1.36,44.09,750.96,0.0,0.0,0.0,4.44,231.26,1.2614
2019-07-07 06:30:00,188,6.5,55,2531,1,0,2402.5,3,35.0,35.47,263.97,139.17,295.6,560.68,0.5785,324.36,264.02,315.66,236.32,-51.63,184.69,12.43,17.43,0.0,1.36,44.09,750.96,0.0,0.0,0.0,4.44,189.13,1.0316
2019-07-07 06:30:00,188,6.5,56,2531,1,0,2402.5,3,35.0,35.47,278.53,139.17,295.6,591.61,0.5785,342.25,264.02,315.66,249.35,-51.63,197.72,12.43,17.43,0.0,1.36,44.09,750.96,0.0,0.0,0.0,4.44,202.17,1.1027
2019-07-07 06:30:00,188,6.5,57,2507,1,0,2402.5,3,35.0,36.09,286.69,139.17,295.6,608.93,0.5791,352.65,264.02,315.66,256.29,-51.63,204.65,12.43,17.59,0.0,1.36,44.09,750.96,0.0,0.0,0.0,4.44,209.1,1.1405
2019-07-07 06:30:00,188,6.5,58,2494,1,0,2402.5,3,35.0,36.43,269.35,139.17,295.6,572.1,0.5795,331.5,264.02,315.66,240.6,-51.63,188.96,12.43,17.67,0.0,1.36,44.09,750.96,0.0,0.0,0.0,4.44,193.41,1.0549
2019-07-07 06:30:00,188,6.5,59,2506,1,0,2402.5,3,35.0,36.12,263.76,139.17,295.6,560.23,0.5791,324.46,264.02,315.66,235.78,-51.63,184.14,12.43,17.6,0.0,1.36,44.09,750.96,0.0,0.0,0.0,4.44,188.59,1.0287
2019-07-07 06:30:00,188,6.5,60,2506,1,0,2402.5,3,35.0,36.12,277.69,139.17,295.6,589.83,0.5791,341.6,264.02,315.66,248.23,-51.63,196.6,12.43,17.6,0.0,1.36,44.09,750.96,0.0,0.0,0.0,4.44,201.04,1.0966
2019-07-07 06:30:00,188,6.5,61,2485,1,0,2402.5,3,35.0,36.66,271.49,139.17,295.6,576.65,0.5797,334.27,264.02,315.66,242.38,-51.63,190.74,12.43,17.73,0.0,1.36,44.09,750.96,0.0,0.0,0.0,4.44,195.19,1.0647
2019-07-07 06:30:00,188,6.5,62,2469,1,0,2402.5,3,35.0,37.08,73.64,139.17,295.6,156.42,0.5801,90.74,264.02,315.66,65.68,-51.63,14.05,12.43,17.84,0.0,1.36,44.09,750.96,0.0,0.0,0.0,4.44,18.5,0.1009
2019-07-07 06:30:00,188,6.5,63,2506,1,0,2402.5,3,35.0,36.12,333.77,139.17,295.6,708.94,0.5791,410.58,264.02,315.66,298.36,-51.63,246.73,12.43,17.6,0.0,1.36,44.09,750.96,0.0,0.0,0.0,4.44,251.17,1.37
2019-07-07 06:30:00,188,6.5,64,2506,1,0,2402.5,3,35.0,36.12,301.27,139.17,295.6,639.9,0.5791,370.6,264.02,315.66,269.31,-51.63,217.67,12.43,17.6,0.0,1.36,44.09,750.96,0.0,0.0,0.0,4.44,222.12,1.2115
2019-07-07 06:30:00,188,6.5,65,2506,1,0,2402.5,3,35.0,36.12,320.77,139.17,295.6,681.33,0.5791,394.59,264.02,315.66,286.74,-51.63,235.11,12.43,17.6,0.0,1.36,44.09,750.96,0.0,0.0,0.0,4.44,239.55,1.3066
2019-07-07 06:30:00,188,6.5,66,2485,1,0,2402.5,3,35.0,36.66,341.86,139.17,295.6,726.12,0.5797,420.92,264.02,315.66,305.2,-51.63,253.57,12.43,17.73,0.0,1.36,44.09,750.96,0.0,0.0,0.0,4.44,258.01,1.4073
2019-07-07 06:30:00,188,6.5,67,2455,1,0,2402.5,3,35.0,37.44,74.63,139.17,295.6,158.51,0.5804,92.01,264.02,315.66,66.51,-51.63,14.87,12.43,17.93,0.0,1.36,44.09,750.96,0.0,0.0,0.0,4.44,19.32,0.1054
2019-07-07 06:30:00,188,6.5,68,2489,1,0,2402.5,3,35.0,36.56,329.8,139.17,295.6,700.49,0.5796,405.99,264.02,315.66,294.5,-51.63,242.87,12.43,17.71,0.0,1.36,44.09,750.96,0.0,0.0,0.0,4.44,247.31,1.349
2019-07-07 06:30:00,188,6.5,69,2489,1,0,2402.5,3,35.0,36.56,282.35,139.17,295.6,599.73,0.5796,347.59,264.02,315.66,252.14,-51.63,200.51,12.43,17.71,0.0,1.36,44.09,750.96,0.0,0.0,0.0,4.44,204.95,1.1179
2019-07-07 06:30:00,188,6.5,70,2489,1,0,2402.5,3,35.0,36.56,292.59,139.17,295.6,621.47,0.5796,360.19,264.02,315.66,261.28,-51.63,209.64,12.43,17.71,0.0,1.36,44.09,750.96,0.0,0.0,0.0,4.44,214.09,1.1678
2019-07-07 06:30:00,188,6.5,71,2477,1,0,2402.5,3,35.0,36.87,315.87,139.17,295.6,670.92,0.5799,389.05,264.02,315.66,281.86,-51.63,230.23,12.43,17.79,0.0,1.36,44.09,750.96,0.0,0.0,0.0,4.44,234.68,1.28
2019-07-07 06:30:00,188,6.5,72,2455,1,0,2402.5,3,35.0,37.44,74.7,139.17,295.6,158.67,0.5804,92.1,264.02,315.66,66.57,-51.63,14.94,12.43,17.93,0.0,1.36,44.09,750.96,0.0,0.0,0.0,4.44,19.38,0.1057
2019-07-07 06:30:00,188,6.5,73,2485,1,0,2402.5,3,35.0,36.66,368.52,139.17,295.6,782.74,0.5797,453.74,264.02,315.66,329.0,-51.63,277.37,12.43,17.73,0.0,1.36,44.09,750.96,0.0,0.0,0.0,4.44,281.81,1.5372
2019-07-07 06:30:00,188,6.5,74,2485,1,0,2402.5,3,35.0,36.66,329.1,139.17,295.6,699.01,0.5797,405.2,264.02,315.66,293.81,-51.63,242.18,12.43,17.73,0.0,1.36,44.09,750.96,0.0,0.0,0.0,4.44,246.62,1.3452
2019-07-07 06:30:00,188,6.5,75,2485,1,0,2402.5,3,35.0,36.66,318.62,139.17,295.6,676.75,0.5797,392.3,264.02,315.66,284.45,-51.63,232.82,12.43,17.73,0.0,1.36,44.09,750.96,0.0,0.0,0.0,4.44,237.26,1.2942
2019-07-07 06:30:00,188,6.5,76,2466,1,0,2402.5,3,35.0,37.16,270.36,139.17,295.6,574.24,0.5802,333.15,264.02,315.66,241.09,-51.63,189.46,12.43,17.86,0.0,1.36,44.09,750.96,0.0,0.0,0.0,4.44,193.9,1.0576
2019-07-07 06:30:00,188,6.5,77,2445,1,0,2402.5,3,35.0,37.7,73.61,139.17,295.6,156.34,0.5807,90.78,264.02,315.66,65.55,-51.63,13.92,12.43,17.99,0.0,1.36,44.09,750.96,0.0,0.0,0.0,4.44,18.36,0.1002
2019-07-07 06:30:00,188,6.5,78,2478,1,0,2402.5,3,35.0,36.85,329.02,139.17,295.6,698.84,0.5799,405.23,264.02,315.66,293.61,-51.63,241.98,12.43,17.78,0.0,1.36,44.09,750.96,0.0,0.0,0.0,4.44,246.42,1.3441
2019-07-07 06:30:00,188,6.5,79,2478,1,0,2402.5,3,35.0,36.85,319.53,139.17,295.6,678.69,0.5799,393.54,264.02,315.66,285.15,-51.63,233.51,12.43,17.78,0.0,1.36,44.09,750.96,0.0,0.0,0.0,4.44,237.96,1.2979
2019-07-07 06:30:00,188,6.5,80,2449,1,0,2402.5,3,35.0,37.6,264.21,139.17,295.6,561.19,0.5806,325.82,264.02,315.66,235.37,-51.63,183.74,12.43,17.97,0.0,1.36,44.09,750.96,0.0,0.0,0.0,4.44,188.18,1.0264
2019-07-07 06:30:00,188,6.5,81,2412,1,0,2402.5,3,35.0,38.56,174.37,139.17,295.6,370.36,0.5815,215.38,264.02,315.66,154.99,-51.63,103.35,12.43,18.21,0.0,1.36,44.09,750.96,0.0,0.0,0.0,4.44,107.8,0.588
2019-07-07 06:30:00,188,6.5,82,2443,1,0,2402.5,3,35.0,37.76,50.52,139.17,295.6,107.3,0.5807,62.31,264.02,315.66,44.99,-51.63,-6.65,12.43,18.01,0.0,1.36,44.09,750.96,0.0,0.0,0.0,4.44,0.0,0.0
2019-07-07 06:30:00,188,6.5,83,2474,1,0,2402.5,3,35.0,36.95,370.69,139.17,295.6,787.35,0.58,456.63,264.02,315.66,330.72,-51.63,279.09,12.43,17.8,0.0,1.36,44.09,750.96,0.0,0.0,0.0,4.44,283.53,1.5465
2019-07-07 06:30:00,188,6.5,84,2474,1,0,2402.5,3,35.0,36.95,363.39,139.17,295.6,771.84,0.58,447.64,264.02,315.66,324.21,-51.63,272.57,12.43,17.8,0.0,1.36,44.09,750.96,0.0,0.0,0.0,4.44,277.02,1.511
2019-07-07 06:30:00,188,6.5,85,2436,1,0,2402.5,3,35.0,37.94,309.64,139.17,295.6,657.69,0.5809,382.06,264.02,315.66,275.62,-51.63,223.99,12.43,18.05,0.0,1.36,44.09,750.96,0.0,0.0,0.0,4.44,228.43,1.246
2019-07-07 06:30:00,188,6.5,86,2397,0,0,2402.5,3,35.0,38.95,209.8,139.17,295.6,445.62,0.2445,108.94,264.02,315.66,336.69,-51.63,285.05,12.43,18.3,0.0,1.36,44.09,750.96,0.0,0.0,0.0,24.44,309.5,1.663
2019-07-07 06:30:00,188,6.5,87,2415,1,0,2402.5,3,35.0,38.48,105.41,139.17,295.6,223.89,0.5815,130.18,264.02,315.66,93.71,-51.63,42.08,12.43,18.19,0.0,1.36,44.09,750.96,0.0,0.0,0.0,4.44,46.52,0.2537
2019-07-07 06:30:00,188,6.5,88,2476,1,0,2402.5,3,35.0,36.9,452.99,139.17,295.6,962.15,0.5799,557.96,264.02,315.66,404.19,-51.63,352.56,12.43,17.79,0.0,1.36,44.09,750.96,0.0,0.0,0.0,4.44,357.0,1.9473
2019-07-07 06:30:00,188,6.5,89,2428,1,0,2402.5,3,35.0,38.15,359.98,139.17,295.6,764.6,0.5811,444.32,264.02,315.66,320.27,-51.63,268.64,12.43,18.1,0.0,1.36,44.09,750.96,0.0,0.0,0.0,4.44,273.08,1.4895
2019-07-07 06:30:00,188,6.5,90,2377,0,0,2402.5,3,35.0,39.47,258.69,139.17,295.6,549.46,0.245,134.6,264.02,315.66,414.86,-51.63,363.23,12.43,18.43,0.0,1.36,44.09,750.96,0.0,0.0,0.0,24.44,387.67,2.083
2019-07-07 06:30:00,188,6.5,91,2378,0,0,2402.5,3,35.0,39.45,151.41,139.17,295.6,321.61,0.2449,78.77,264.02,315.66,242.83,-51.63,191.2,12.43,18.43,0.0,1.36,44.09,750.96,0.0,0.0,0.0,24.44,215.64,1.1587
2019-07-07 06:30:00,188,6.5,92,2496,1,0,2402.5,3,35.0,36.38,637.98,139.17,295.6,1355.07,0.5794,785.13,264.02,315.66,569.94,-51.63,518.31,12.43,17.66,0.0,1.36,44.09,750.96,0.0,0.0,0.0,4.44,522.75,2.8514
2019-07-07 06:30:00,188,6.5,93,2423,1,0,2402.5,3,35.0,38.28,291.22,139.17,295.6,618.55,0.5813,359.53,264.02,315.66,259.02,-51.63,207.38,12.43,18.14,0.0,1.36,44.09,750.96,0.0,0.0,0.0,4.44,211.83,1.1554
2019-07-07 06:30:00,188,6.5,95,2372,0,0,2402.5,3,35.0,39.6,354.06,139.17,295.6,752.03,0.2451,184.32,264.02,315.66,567.71,-51.63,516.08,12.43,18.47,0.0,1.36,44.09,750.96,0.0,0.0,0.0,24.44,540.52,2.9043
2019-07-07 06:30:00,188,6.5,97,2358,0,0,2402.5,3,35.0,39.97,267.37,139.17,295.6,567.9,0.2454,139.39,264.02,315.66,428.51,-51.63,376.88,12.43,18.56,0.0,1.36,44.09,750.96,0.0,0.0,0.0,24.44,401.32,2.1563
2019-07-07 06:30:00,188,6.5,98,2554,1,0,2402.5,3,35.0,34.87,647.12,139.17,295.6,1374.49,0.5779,794.36,264.02,315.66,580.13,-51.63,528.5,12.43,17.28,0.0,1.36,44.09,750.96,0.0,0.0,0.0,4.44,532.94,2.907
2019-07-07 06:30:00,188,6.5,99,2451,1,0,2402.5,3,35.0,37.55,270.05,139.17,295.6,573.6,0.5805,333.0,264.02,315.66,240.6,-51.63,188.97,12.43,17.95,0.0,1.36,44.09,750.96,0.0,0.0,0.0,4.44,193.41,1.055
2019-07-07 06:30:00,188,6.5,100,2361,0,0,2402.5,3,35.0,39.89,388.03,139.17,295.6,824.19,0.2454,202.23,264.02,315.66,621.96,-51.63,570.32,12.43,18.54,0.0,1.36,44.09,750.96,0.0,0.0,0.0,24.44,594.77,3.1958
2019-07-07 07:00:00,188,7.0,94,2563,1,0,2402.5,3,35.0,34.64,74.12,204.68,382.7,138.58,0.5777,80.06,264.42,315.66,58.52,-51.24,7.28,13.62,17.23,0.0,1.21,40.99,751.03,0.0,0.0,0.0,4.44,11.73,0.064
2019-07-07 07:00:00,188,7.0,96,2549,1,0,2402.5,3,35.0,35.0,204.68,204.68,382.7,382.7,0.5781,221.22,264.42,315.66,161.48,-51.24,110.24,13.62,17.32,0.0,1.21,40.99,751.03,0.0,0.0,0.0,4.44,114.68,0.6255
2019-07-07 07:00:00,188,7.0,1,2612,1,0,2402.5,3,35.0,33.36,63.55,204.68,382.7,118.83,0.5765,68.5,264.42,315.66,50.33,-51.24,-0.91,13.62,16.91,0.0,1.21,40.99,751.03,0.0,0.0,0.0,4.44,3.53,0.0193
2019-07-07 07:00:00,188,7.0,2,2612,1,0,2402.5,3,35.0,33.36,66.85,204.68,382.7,124.99,0.5765,72.05,264.42,315.66,52.94,-51.24,1.7,13.62,16.91,0.0,1.21,40.99,751.03,0.0,0.0,0.0,4.44,6.14,0.0335
2019-07-07 07:00:00,188,7.0,3,2610,1,0,2402.5,3,35.0,33.41,105.21,204.68,382.7,196.72,0.5765,113.41,264.42,315.66,83.31,-51.24,32.07,13.62,16.92,0.0,1.21,40.99,751.03,0.0,0.0,0.0,4.44,36.51,0.1992
2019-07-07 07:00:00,188,7.0,4,2583,1,0,2402.5,3,35.0,34.12,158.86,204.68,382.7,297.03,0.5772,171.45,264.42,315.66,125.59,-51.24,74.35,13.62,17.1,0.0,1.21,40.99,751.03,0.0,0.0,0.0,4.44,78.79,0.4298
2019-07-07 07:00:00,188,7.0,5,2583,1,0,2402.5,3,35.0,34.12,194.84,204.68,382.7,364.3,0.5772,210.27,264.42,315.66,154.03,-51.24,102.79,13.62,17.1,0.0,1.21,40.99,751.03,0.0,0.0,0.0,4.44,107.23,0.5849
2019-07-07 07:00:00,188,7.0,6,2546,1,0,2402.5,3,35.0,35.08,219.89,204.68,382.7,411.15,0.5781,237.7,264.42,315.66,173.45,-51.24,122.21,13.62,17.34,0.0,1.21,40.99,751.03,0.0,0.0,0.0,4.44,126.65,0.6908
2019-07-07 07:00:00,188,7.0,7,2546,1,0,2402.5,3,35.0,35.08,262.66,204.68,382.7,491.1,0.5781,283.92,264.42,315.66,207.18,-51.24,155.94,13.62,17.34,0.0,1.21,40.99,751.03,0.0,0.0,0.0,4.44,160.38,0.8748
2019-07-07 07:00:00,188,7.0,8,2639,1,0,2402.5,3,35.0,32.66,72.77,204.68,382.7,136.06,0.5758,78.34,264.42,315.66,57.72,-51.24,6.48,13.62,16.73,0.0,1.21,40.99,751.03,0.0,0.0,0.0,4.44,10.93,0.0596
2019-07-07 07:00:00,188,7.0,9,2610,1,0,2402.5,3,35.0,33.41,51.21,204.68,382.7,95.75,0.5765,55.2,264.42,315.66,40.55,-51.24,-10.69,13.62,16.92,0.0,1.21,40.99,751.03,0.0,0.0,0.0,4.44,0.0,0.0
2019-07-07 07:00:00,188,7.0,10,2579,1,0,2402.5,3,35.0,34.22,125.36,204.68,382.7,234.39,0.5773,135.32,264.42,315.66,99.08,-51.24,47.84,13.62,17.12,0.0,1.21,40.99,751.03,0.0,0.0,0.0,4.44,52.28,0.2852
2019-07-07 07:00:00,188,7.0,11,2579,1,0,2402.5,3,35.0,34.22,134.15,204.68,382.7,250.82,0.5773,144.8,264.42,315.66,106.02,-51.24,54.78,13.62,17.12,0.0,1.21,40.99,751.03,0.0,0.0,0.0,4.44,59.23,0.3231
2019-07-07 07:00:00,188,7.0,12,2546,1,0,2402.5,3,35.0,35.08,90.25,204.68,382.7,168.75,0.5781,97.56,264.42,315.66,71.19,-51.24,19.95,13.62,17.34,0.0,1.21,40.99,751.03,0.0,0.0,0.0,4.44,24.39,0.1331
2019-07-07 07:00:00,188,7.0,13,2530,1,0,2402.5,3,35.0,35.49,75.38,204.68,382.7,140.93,0.5785,81.54,264.42,315.66,59.4,-51.24,8.16,13.62,17.44,0.0,1.21,40.99,751.03,0.0,0.0,0.0,4.44,12.6,0.0687
2019-07-07 07:00:00,188,7.0,14,2530,1,0,2402.5,3,35.0,35.49,94.07,204.68,382.7,175.88,0.5785,101.76,264.42,315.66,74.13,-51.24,22.89,13.62,17.44,0.0,1.21,40.99,751.03,0.0,0.0,0.0,4.44,27.33,0.1491
2019-07-07 07:00:00,188,7.0,15,2494,1,0,2402.5,3,35.0,36.43,119.88,204.68,382.7,224.15,0.5795,129.89,264.42,315.66,94.27,-51.24,43.03,13.62,17.67,0.0,1.21,40.99,751.03,0.0,0.0,0.0,4.44,47.47,0.2589
2019-07-07 07:00:00,188,7.0,16,2494,1,0,2402.5,3,35.0,36.43,133.02,204.68,382.7,248.71,0.5795,144.11,264.42,315.66,104.59,-51.24,53.35,13.62,17.67,0.0,1.21,40.99,751.03,0.0,0.0,0.0,4.44,57.8,0.3153
2019-07-07 07:00:00,188,7.0,17,2462,1,0,2402.5,3,35.0,37.26,132.91,204.68,382.7,248.5,0.5803,144.2,264.42,315.66,104.31,-51.24,53.07,13.62,17.88,0.0,1.21,40.99,751.03,0.0,0.0,0.0,4.44,57.51,0.3137
2019-07-07 07:00:00,188,7.0,18,2630,1,0,2402.5,3,35.0,32.89,121.02,204.68,382.7,226.28,0.576,130.34,264.42,315.66,95.94,-51.24,44.7,13.62,16.79,0.0,1.21,40.99,751.03,0.0,0.0,0.0,4.44,49.15,0.2681
2019-07-07 07:00:00,188,7.0,19,2630,1,0,2402.5,3,35.0,32.89,78.29,204.68,382.7,146.38,0.576,84.32,264.42,315.66,62.06,-51.24,10.82,13.62,16.79,0.0,1.21,40.99,751.03,0.0,0.0,0.0,4.44,15.27,0.0833
2019-07-07 07:00:00,188,7.0,20,2604,1,0,2402.5,3,35.0,33.57,73.94,204.68,382.7,138.25,0.5767,79.72,264.42,315.66,58.52,-51.24,7.28,13.62,16.96,0.0,1.21,40.99,751.03,0.0,0.0,0.0,4.44,11.73,0.064
2019-07-07 07:00:00,188,7.0,21,2563,1,0,2402.5,3,35.0,34.64,74.12,204.68,382.7,138.58,0.5777,80.06,264.42,315.66,58.52,-51.24,7.28,13.62,17.23,0.0,1.21,40.99,751.03,0.0,0.0,0.0,4.44,11.73,0.064
2019-07-07 07:00:00,188,7.0,22,2556,1,0,2402.5,3,35.0,34.82,98.97,204.68,382.7,185.05,0.5779,106.93,264.42,315.66,78.11,-51.24,26.87,13.62,17.27,0.0,1.21,40.99,751.03,0.0,0.0,0.0,4.44,31.32,0.1708
2019-07-07 07:00:00,188,7.0,23,2549,1,0,2402.5,3,35.0,35.0,204.68,204.68,382.7,382.7,0.5781,221.22,264.42,315.66,161.48,-51.24,110.24,13.62,17.32,0.0,1.21,40.99,751.03,0.0,0.0,0.0,4.44,114.68,0.6255
2019-07-07 07:00:00,188,7.0,24,2549,1,0,2402.5,3,35.0,35.0,259.7,204.68,382.7,485.58,0.5781,280.69,264.42,315.66,204.89,-51.24,153.64,13.62,17.32,0.0,1.21,40.99,751.03,0.0,0.0,0.0,4.44,158.09,0.8623
2019-07-07 07:00:00,188,7.0,25,2524,1,0,2402.5,3,35.0,35.65,275.35,204.68,382.7,514.84,0.5787,297.93,264.42,315.66,216.91,-51.24,165.66,13.62,17.48,0.0,1.21,40.99,751.03,0.0,0.0,0.0,4.44,170.11,0.9279
2019-07-07 07:00:00,188,7.0,26,2502,1,0,2402.5,3,35.0,36.22,266.71,204.68,382.7,498.68,0.5792,288.86,264.42,315.66,209.82,-51.24,158.58,13.62,17.62,0.0,1.21,40.99,751.03,0.0,0.0,0.0,4.44,163.02,0.8892
2019-07-07 07:00:00,188,7.0,27,2502,1,0,2402.5,3,35.0,36.22,267.5,204.68,382.7,500.16,0.5792,289.72,264.42,315.66,210.44,-51.24,159.2,13.62,17.62,0.0,1.21,40.99,751.03,0.0,0.0,0.0,4.44,163.65,0.8926
2019-07-07 07:00:00,188,7.0,28,2477,1,0,2402.5,3,35.0,36.87,298.16,204.68,382.7,557.49,0.5799,323.28,264.42,315.66,234.21,-51.24,182.97,13.62,17.79,0.0,1.21,40.99,751.03,0.0,0.0,0.0,4.44,187.42,1.0223
2019-07-07 07:00:00,188,7.0,29,2477,1,0,2402.5,3,35.0,36.87,329.77,204.68,382.7,616.59,0.5799,357.55,264.42,315.66,259.04,-51.24,207.8,13.62,17.79,0.0,1.21,40.99,751.03,0.0,0.0,0.0,4.44,212.24,1.1577
2019-07-07 07:00:00,188,7.0,30,2440,1,0,2402.5,3,35.0,37.83,373.28,204.68,382.7,697.95,0.5808,405.38,264.42,315.66,292.56,-51.24,241.32,13.62,18.03,0.0,1.21,40.99,751.03,0.0,0.0,0.0,4.44,245.77,1.3406
2019-07-07 07:00:00,188,7.0,31,2620,1,0,2402.5,3,35.0,33.15,503.99,204.68,382.7,942.35,0.5763,543.03,264.42,315.66,399.31,-51.24,348.07,13.62,16.86,0.0,1.21,40.99,751.03,0.0,0.0,0.0,4.44,352.52,1.9228
2019-07-07 07:00:00,188,7.0,32,2576,1,0,2402.5,3,35.0,34.3,128.84,204.68,382.7,240.9,0.5774,139.09,264.42,315.66,101.81,-51.24,50.57,13.62,17.14,0.0,1.21,40.99,751.03,0.0,0.0,0.0,4.44,55.02,0.3001
2019-07-07 07:00:00,188,7.0,33,2576,1,0,2402.5,3,35.0,34.3,105.63,204.68,382.7,197.51,0.5774,114.04,264.42,315.66,83.47,-51.24,32.23,13.62,17.14,0.0,1.21,40.99,751.03,0.0,0.0,0.0,4.44,36.68,0.2001
2019-07-07 07:00:00,188,7.0,34,2576,1,0,2402.5,3,35.0,34.3,107.7,204.68,382.7,201.38,0.5774,116.27,264.42,315.66,85.11,-51.24,33.87,13.62,17.14,0.0,1.21,40.99,751.03,0.0,0.0,0.0,4.44,38.31,0.209
2019-07-07 07:00:00,188,7.0,35,2556,1,0,2402.5,3,35.0,34.82,133.12,204.68,382.7,248.9,0.5779,143.83,264.42,315.66,105.07,-51.24,53.82,13.62,17.27,0.0,1.21,40.99,751.03,0.0,0.0,0.0,4.44,58.27,0.3178
2019-07-07 07:00:00,188,7.0,36,2533,1,0,2402.5,3,35.0,35.42,203.3,204.68,382.7,380.13,0.5785,219.89,264.42,315.66,160.24,-51.24,109.0,13.62,17.42,0.0,1.21,40.99,751.03,0.0,0.0,0.0,4.44,113.44,0.6188
2019-07-07 07:00:00,188,7.0,37,2532,1,0,2402.5,3,35.0,35.44,295.72,204.68,382.7,552.92,0.5785,319.86,264.42,315.66,233.06,-51.24,181.82,13.62,17.43,0.0,1.21,40.99,751.03,0.0,0.0,0.0,4.44,186.27,1.016
2019-07-07 07:00:00,188,7.0,38,2534,1,0,2402.5,3,35.0,35.39,364.68,204.68,382.7,681.87,0.5784,394.42,264.42,315.66,287.45,-51.24,236.21,13.62,17.41,0.0,1.21,40.99,751.03,0.0,0.0,0.0,4.44,240.65,1.3127
2019-07-07 07:00:00,188,7.0,39,2534,1,0,2402.5,3,35.0,35.39,414.91,204.68,382.7,775.77,0.5784,448.74,264.42,315.66,327.04,-51.24,275.8,13.62,17.41,0.0,1.21,40.99,751.03,0.0,0.0,0.0,4.44,280.24,1.5286
2019-07-07 07:00:00,188,7.0,40,2515,1,0,2402.5,3,35.0,35.88,452.14,204.68,382.7,845.4,0.5789,489.42,264.42,315.66,355.98,-51.24,304.74,13.62,17.54,0.0,1.21,40.99,751.03,0.0,0.0,0.0,4.44,309.18,1.6865
2019-07-07 07:00:00,188,7.0,41,2487,1,0,2402.5,3,35.0,36.61,465.12,204.68,382.7,869.66,0.5796,504.08,264.42,315.66,365.58,-51.24,314.34,13.62,17.72,0.0,1.21,40.99,751.03,0.0,0.0,0.0,4.44,318.78,1.7388
2019-07-07 07:00:00,188,7.0,42,2487,1,0,2402.5,3,35.0,36.61,439.46,204.68,382.7,821.68,0.5796,476.27,264.42,315.66,345.41,-51.24,294.17,13.62,17.72,0.0,1.21,40.99,751.03,0.0,0.0,0.0,4.44,298.62,1.6288
2019-07-07 07:00:00,188,7.0,43,2464,1,0,2402.5,3,35.0,37.21,406.25,204.68,382.7,759.59,0.5802,440.72,264.42,315.66,318.87,-51.24,267.63,13.62,17.87,0.0,1.21,40.99,751.03,0.0,0.0,0.0,4.44,272.07,1.484
2019-07-07 07:00:00,188,7.0,44,2555,1,0,2402.5,3,35.0,34.84,270.27,204.68,382.7,505.35,0.5779,292.04,264.42,315.66,213.3,-51.24,162.06,13.62,17.28,0.0,1.21,40.99,751.03,0.0,0.0,0.0,4.44,166.51,0.9082
2019-07-07 07:00:00,188,7.0,45,2555,1,0,2402.5,3,35.0,34.84,243.32,204.68,382.7,454.95,0.5779,262.92,264.42,315.66,192.03,-51.24,140.79,13.62,17.28,0.0,1.21,40.99,751.03,0.0,0.0,0.0,4.44,145.24,0.7922
2019-07-07 07:00:00,188,7.0,46,2555,1,0,2402.5,3,35.0,34.84,238.59,204.68,382.7,446.1,0.5779,257.8,264.42,315.66,188.3,-51.24,137.06,13.62,17.28,0.0,1.21,40.99,751.03,0.0,0.0,0.0,4.44,141.5,0.7718
2019-07-07 07:00:00,188,7.0,47,2530,1,0,2402.5,3,35.0,35.49,239.09,204.68,382.7,447.04,0.5785,258.63,264.42,315.66,188.41,-51.24,137.17,13.62,17.44,0.0,1.21,40.99,751.03,0.0,0.0,0.0,4.44,141.61,0.7724
2019-07-07 07:00:00,188,7.0,48,2510,1,0,2402.5,3,35.0,36.01,295.91,204.68,382.7,553.28,0.579,320.38,264.42,315.66,232.91,-51.24,181.67,13.62,17.57,0.0,1.21,40.99,751.03,0.0,0.0,0.0,4.44,186.11,1.0151
2019-07-07 07:00:00,188,7.0,49,2534,1,0,2402.5,3,35.0,35.39,477.94,204.68,382.7,893.63,0.5784,516.91,264.42,315.66,376.72,-51.24,325.48,13.62,17.41,0.0,1.21,40.99,751.03,0.0,0.0,0.0,4.44,329.93,1.7996
2019-07-07 07:00:00,188,7.0,50,2531,1,0,2402.5,3,35.0,35.47,349.88,204.68,382.7,654.19,0.5785,378.46,264.42,315.66,275.73,-51.24,224.49,13.62,17.43,0.0,1.21,40.99,751.03,0.0,0.0,0.0,4.44,228.94,1.2487
2019-07-07 07:00:00,188,7.0,51,2531,1,0,2402.5,3,35.0,35.47,344.23,204.68,382.7,643.63,0.5785,372.35,264.42,315.66,271.28,-51.24,220.04,13.62,17.43,0.0,1.21,40.99,751.03,0.0,0.0,0.0,4.44,224.49,1.2245
2019-07-07 07:00:00,188,7.0,52,2531,1,0,2402.5,3,35.0,35.47,344.48,204.68,382.7,644.09,0.5785,372.61,264.42,315.66,271.48,-51.24,220.23,13.62,17.43,0.0,1.21,40.99,751.03,0.0,0.0,0.0,4.44,224.68,1.2255
2019-07-07 07:00:00,188,7.0,53,2507,1,0,2402.5,3,35.0,36.09,352.15,204.68,382.7,658.43,0.5791,381.31,264.42,315.66,277.12,-51.24,225.88,13.62,17.59,0.0,1.21,40.99,751.03,0.0,0.0,0.0,4.44,230.32,1.2563
2019-07-07 07:00:00,188,7.0,54,2494,1,0,2402.5,3,35.0,36.43,393.46,204.68,382.7,735.68,0.5795,426.29,264.42,315.66,309.39,-51.24,258.15,13.62,17.67,0.0,1.21,40.99,751.03,0.0,0.0,0.0,4.44,262.59,1.4323
2019-07-07 07:00:00,188,7.0,55,2531,1,0,2402.5,3,35.0,35.47,339.39,204.68,382.7,634.59,0.5785,367.12,264.42,315.66,267.47,-51.24,216.23,13.62,17.43,0.0,1.21,40.99,751.03,0.0,0.0,0.0,4.44,220.67,1.2037
2019-07-07 07:00:00,188,7.0,56,2531,1,0,2402.5,3,35.0,35.47,342.21,204.68,382.7,639.84,0.5785,370.16,264.42,315.66,269.69,-51.24,218.44,13.62,17.43,0.0,1.21,40.99,751.03,0.0,0.0,0.0,4.44,222.89,1.2158
2019-07-07 07:00:00,188,7.0,57,2507,1,0,2402.5,3,35.0,36.09,343.16,204.68,382.7,641.63,0.5791,371.58,264.42,315.66,270.05,-51.24,218.81,13.62,17.59,0.0,1.21,40.99,751.03,0.0,0.0,0.0,4.44,223.25,1.2177
2019-07-07 07:00:00,188,7.0,58,2494,1,0,2402.5,3,35.0,36.43,353.68,204.68,382.7,661.29,0.5795,383.19,264.42,315.66,278.11,-51.24,226.86,13.62,17.67,0.0,1.21,40.99,751.03,0.0,0.0,0.0,4.44,231.31,1.2617
2019-07-07 07:00:00,188,7.0,59,2506,1,0,2402.5,3,35.0,36.12,339.13,204.68,382.7,634.09,0.5791,367.23,264.42,315.66,266.86,-51.24,215.62,13.62,17.6,0.0,1.21,40.99,751.03,0.0,0.0,0.0,4.44,220.06,1.2003
2019-07-07 07:00:00,188,7.0,60,2506,1,0,2402.5,3,35.0,36.12,342.11,204.68,382.7,639.67,0.5791,370.46,264.42,315.66,269.21,-51.24,217.97,13.62,17.6,0.0,1.21,40.99,751.03,0.0,0.0,0.0,4.44,222.41,1.2132
2019-07-07 07:00:00,188,7.0,61,2485,1,0,2402.5,3,35.0,36.66,325.63,204.68,382.7,608.85,0.5797,352.94,264.42,315.66,255.91,-51.24,204.67,13.62,17.73,0.0,1.21,40.99,751.03,0.0,0.0,0.0,4.44,209.12,1.1406
2019-07-07 07:00:00,188,7.0,62,2469,1,0,2402.5,3,35.0,37.08,290.19,204.68,382.7,542.58,0.5801,314.74,264.42,315.66,227.84,-51.24,176.6,13.62,17.84,0.0,1.21,40.99,751.03,0.0,0.0,0.0,4.44,181.04,0.9875
2019-07-07 07:00:00,188,7.0,63,2506,1,0,2402.5,3,35.0,36.12,366.43,204.68,382.7,685.13,0.5791,396.79,264.42,315.66,288.34,-51.24,237.1,13.62,17.6,0.0,1.21,40.99,751.03,0.0,0.0,0.0,4.44,241.54,1.3175
2019-07-07 07:00:00,188,7.0,64,2506,1,0,2402.5,3,35.0,36.12,377.76,204.68,382.7,706.32,0.5791,409.06,264.42,315.66,297.26,-51.24,246.02,13.62,17.6,0.0,1.21,40.99,751.03,0.0,0.0,0.0,4.44,250.46,1.3662
2019-07-07 07:00:00,188,7.0,65,2506,1,0,2402.5,3,35.0,36.12,388.0,204.68,382.7,725.47,0.5791,420.15,264.42,315.66,305.32,-51.24,254.08,13.62,17.6,0.0,1.21,40.99,751.03,0.0,0.0,0.0,4.44,258.52,1.4101
2019-07-07 07:00:00,188,7.0,66,2485,1,0,2402.5,3,35.0,36.66,396.38,204.68,382.7,741.13,0.5797,429.62,264.42,315.66,311.51,-51.24,260.27,13.62,17.73,0.0,1.21,40.99,751.03,0.0,0.0,0.0,4.44,264.72,1.4439
2019-07-07 07:00:00,188,7.0,67,2455,1,0,2402.5,3,35.0,37.44,81.83,204.68,382.7,153.0,0.5804,88.81,264.42,315.66,64.19,-51.24,12.95,13.62,17.93,0.0,1.21,40.99,751.03,0.0,0.0,0.0,4.44,17.4,0.0949
2019-07-07 07:00:00,188,7.0,68,2489,1,0,2402.5,3,35.0,36.56,358.11,204.68,382.7,669.58,0.5796,388.08,264.42,315.66,281.51,-51.24,230.27,13.62,17.71,0.0,1.21,40.99,751.03,0.0,0.0,0.0,4.44,234.71,1.2802
2019-07-07 07:00:00,188,7.0,69,2489,1,0,2402.5,3,35.0,36.56,358.27,204.68,382.7,669.88,0.5796,388.24,264.42,315.66,281.63,-51.24,230.39,13.62,17.71,0.0,1.21,40.99,751.03,0.0,0.0,0.0,4.44,234.83,1.2809
2019-07-07 07:00:00,188,7.0,70,2489,1,0,2402.5,3,35.0,36.56,360.48,204.68,382.7,674.02,0.5796,390.65,264.42,315.66,283.37,-51.24,232.13,13.62,17.71,0.0,1.21,40.99,751.03,0.0,0.0,0.0,4.44,236.58,1.2904
2019-07-07 07:00:00,188,7.0,71,2477,1,0,2402.5,3,35.0,36.87,371.62,204.68,382.7,694.84,0.5799,402.93,264.42,315.66,291.92,-51.24,240.68,13.62,17.79,0.0,1.21,40.99,751.03,0.0,0.0,0.0,4.44,245.12,1.337
2019-07-07 07:00:00,188,7.0,72,2455,1,0,2402.5,3,35.0,37.44,81.91,204.68,382.7,153.16,0.5804,88.9,264.42,315.66,64.26,-51.24,13.02,13.62,17.93,0.0,1.21,40.99,751.03,0.0,0.0,0.0,4.44,17.46,0.0952
2019-07-07 07:00:00,188,7.0,73,2485,1,0,2402.5,3,35.0,36.66,392.1,204.68,382.7,733.13,0.5797,424.98,264.42,315.66,308.15,-51.24,256.91,13.62,17.73,0.0,1.21,40.99,751.03,0.0,0.0,0.0,4.44,261.35,1.4256
2019-07-07 07:00:00,188,7.0,74,2485,1,0,2402.5,3,35.0,36.66,406.31,204.68,382.7,759.71,0.5797,440.39,264.42,315.66,319.32,-51.24,268.08,13.62,17.73,0.0,1.21,40.99,751.03,0.0,0.0,0.0,4.44,272.53,1.4865
2019-07-07 07:00:00,188,7.0,75,2485,1,0,2402.5,3,35.0,36.66,385.23,204.68,382.7,720.29,0.5797,417.54,264.42,315.66,302.75,-51.24,251.51,13.62,17.73,0.0,1.21,40.99,751.03,0.0,0.0,0.0,4.44,255.96,1.3961
2019-07-07 07:00:00,188,7.0,76,2466,1,0,2402.5,3,35.0,37.16,322.04,204.68,382.7,602.14,0.5802,349.34,264.42,315.66,252.8,-51.24,201.56,13.62,17.86,0.0,1.21,40.99,751.03,0.0,0.0,0.0,4.44,206.01,1.1237
2019-07-07 07:00:00,188,7.0,77,2445,1,0,2402.5,3,35.0,37.7,272.26,204.68,382.7,509.06,0.5807,295.61,264.42,315.66,213.45,-51.24,162.21,13.62,17.99,0.0,1.21,40.99,751.03,0.0,0.0,0.0,4.44,166.66,0.909
2019-07-07 07:00:00,188,7.0,78,2478,1,0,2402.5,3,35.0,36.85,406.22,204.68,382.7,759.53,0.5799,440.42,264.42,315.66,319.11,-51.24,267.87,13.62,17.78,0.0,1.21,40.99,751.03,0.0,0.0,0.0,4.44,272.32,1.4854
2019-07-07 07:00:00,188,7.0,79,2478,1,0,2402.5,3,35.0,36.85,381.32,204.68,382.7,712.98,0.5799,413.43,264.42,315.66,299.56,-51.24,248.31,13.62,17.78,0.0,1.21,40.99,751.03,0.0,0.0,0.0,4.44,252.76,1.3787
2019-07-07 07:00:00,188,7.0,80,2449,1,0,2402.5,3,35.0,37.6,306.59,204.68,382.7,573.26,0.5806,332.83,264.42,315.66,240.43,-51.24,189.19,13.62,17.97,0.0,1.21,40.99,751.03,0.0,0.0,0.0,4.44,193.63,1.0562
2019-07-07 07:00:00,188,7.0,81,2412,1,0,2402.5,3,35.0,38.56,242.64,204.68,382.7,453.68,0.5815,263.83,264.42,315.66,189.85,-51.24,138.61,13.62,18.21,0.0,1.21,40.99,751.03,0.0,0.0,0.0,4.44,143.05,0.7803
2019-07-07 07:00:00,188,7.0,82,2443,1,0,2402.5,3,35.0,37.76,135.5,204.68,382.7,253.36,0.5807,147.14,264.42,315.66,106.22,-51.24,54.98,13.62,18.01,0.0,1.21,40.99,751.03,0.0,0.0,0.0,4.44,59.43,0.3241
2019-07-07 07:00:00,188,7.0,83,2474,1,0,2402.5,3,35.0,36.95,448.9,204.68,382.7,839.33,0.58,486.78,264.42,315.66,352.55,-51.24,301.31,13.62,17.8,0.0,1.21,40.99,751.03,0.0,0.0,0.0,4.44,305.76,1.6678
2019-07-07 07:00:00,188,7.0,84,2474,1,0,2402.5,3,35.0,36.95,421.13,204.68,382.7,787.41,0.58,456.67,264.42,315.66,330.75,-51.24,279.51,13.62,17.8,0.0,1.21,40.99,751.03,0.0,0.0,0.0,4.44,283.95,1.5488
2019-07-07 07:00:00,188,7.0,85,2436,1,0,2402.5,3,35.0,37.94,344.23,204.68,382.7,643.62,0.5809,373.89,264.42,315.66,269.73,-51.24,218.49,13.62,18.05,0.0,1.21,40.99,751.03,0.0,0.0,0.0,4.44,222.93,1.216
2019-07-07 07:00:00,188,7.0,86,2397,0,0,2402.5,3,35.0,38.95,270.48,204.68,382.7,505.72,0.2445,123.63,264.42,315.66,382.09,-51.24,330.85,13.62,18.3,0.0,1.21,40.99,751.03,0.0,0.0,0.0,24.44,355.3,1.9091
2019-07-07 07:00:00,188,7.0,87,2415,1,0,2402.5,3,35.0,38.48,182.73,204.68,382.7,341.66,0.5815,198.66,264.42,315.66,143.0,-51.24,91.76,13.62,18.19,0.0,1.21,40.99,751.03,0.0,0.0,0.0,4.44,96.2,0.5247
2019-07-07 07:00:00,188,7.0,88,2476,1,0,2402.5,3,35.0,36.9,505.32,204.68,382.7,944.82,0.5799,547.91,264.42,315.66,396.91,-51.24,345.67,13.62,17.79,0.0,1.21,40.99,751.03,0.0,0.0,0.0,4.44,350.12,1.9097
2019-07-07 07:00:00,188,7.0,89,2428,1,0,2402.5,3,35.0,38.15,386.06,204.68,382.7,721.84,0.5811,419.48,264.42,315.66,302.36,-51.24,251.12,13.62,18.1,0.0,1.21,40.99,751.03,0.0,0.0,0.0,4.44,255.56,1.394
2019-07-07 07:00:00,188,7.0,90,2377,0,0,2402.5,3,35.0,39.47,309.17,204.68,382.7,578.07,0.245,141.61,264.42,315.66,436.46,-51.24,385.22,13.62,18.43,0.0,1.21,40.99,751.03,0.0,0.0,0.0,24.44,409.67,2.2012
2019-07-07 07:00:00,188,7.0,91,2378,0,0,2402.5,3,35.0,39.45,223.23,204.68,382.7,417.39,0.2449,102.24,264.42,315.66,315.15,-51.24,263.91,13.62,18.43,0.0,1.21,40.99,751.03,0.0,0.0,0.0,24.44,288.36,1.5494
2019-07-07 07:00:00,188,7.0,92,2496,1,0,2402.5,3,35.0,36.38,681.4,204.68,382.7,1274.05,0.5794,738.18,264.42,315.66,535.86,-51.24,484.62,13.62,17.66,0.0,1.21,40.99,751.03,0.0,0.0,0.0,4.44,489.07,2.6676
2019-07-07 07:00:00,188,7.0,93,2423,1,0,2402.5,3,35.0,38.28,315.47,204.68,382.7,589.85,0.5813,342.85,264.42,315.66,247.0,-51.24,195.76,13.62,18.14,0.0,1.21,40.99,751.03,0.0,0.0,0.0,4.44,200.2,1.092
2019-07-07 07:00:00,188,7.0,95,2372,0,0,2402.5,3,35.0,39.6,394.53,204.68,382.7,737.67,0.2451,180.8,264.42,315.66,556.87,-51.24,505.63,13.62,18.47,0.0,1.21,40.99,751.03,0.0,0.0,0.0,24.44,530.08,2.8482
2019-07-07 07:00:00,188,7.0,97,2358,0,0,2402.5,3,35.0,39.97,337.73,204.68,382.7,631.47,0.2454,154.99,264.42,315.66,476.48,-51.24,425.24,13.62,18.56,0.0,1.21,40.99,751.03,0.0,0.0,0.0,24.44,449.68,2.4162
2019-07-07 07:00:00,188,7.0,98,2554,1,0,2402.5,3,35.0,34.87,681.16,204.68,382.7,1273.6,0.5779,736.05,264.42,315.66,537.55,-51.24,486.31,13.62,17.28,0.0,1.21,40.99,751.03,0.0,0.0,0.0,4.44,490.75,2.6768
2019-07-07 07:00:00,188,7.0,99,2451,1,0,2402.5,3,35.0,37.55,310.93,204.68,382.7,581.37,0.5805,337.51,264.42,315.66,243.86,-51.24,192.62,13.62,17.95,0.0,1.21,40.99,751.03,0.0,0.0,0.0,4.44,197.06,1.0749
2019-07-07 07:00:00,188,7.0,100,2361,0,0,2402.5,3,35.0,39.89,414.44,204.68,382.7,774.9,0.2454,190.14,264.42,315.66,584.76,-51.24,533.52,13.62,18.54,0.0,1.21,40.99,751.03,0.0,0.0,0.0,24.44,557.96,2.998
2019-07-07 07:30:00,188,7.5,94,2563,1,0,2402.5,3,35.0,34.64,68.45,275.44,455.2,113.12,0.5777,65.35,268.34,315.66,47.77,-47.32,0.46,13.62,17.23,0.0,1.35,41.74,751.18,0.0,0.0,0.0,4.44,4.9,0.0267
2019-07-07 07:30:00,188,7.5,96,2549,1,0,2402.5,3,35.0,35.0,275.44,275.44,455.2,455.2,0.5781,263.13,268.34,315.66,192.07,-47.32,144.75,13.62,17.32,0.0,1.35,41.74,751.18,0.0,0.0,0.0,4.44,149.2,0.8138
2019-07-07 07:30:00,188,7.5,1,2612,1,0,2402.5,3,35.0,33.36,120.64,275.44,455.2,199.38,0.5765,114.93,268.34,315.66,84.44,-47.32,37.13,13.62,16.91,0.0,1.35,41.74,751.18,0.0,0.0,0.0,4.44,41.57,0.2268
2019-07-07 07:30:00,188,7.5,2,2612,1,0,2402.5,3,35.0,33.36,131.29,275.44,455.2,216.97,0.5765,125.08,268.34,315.66,91.9,-47.32,44.58,13.62,16.91,0.0,1.35,41.74,751.18,0.0,0.0,0.0,4.44,49.03,0.2674
2019-07-07 07:30:00,188,7.5,3,2610,1,0,2402.5,3,35.0,33.41,156.54,275.44,455.2,258.71,0.5765,149.15,268.34,315.66,109.56,-47.32,62.24,13.62,16.92,0.0,1.35,41.74,751.18,0.0,0.0,0.0,4.44,66.69,0.3638
2019-07-07 07:30:00,188,7.5,4,2583,1,0,2402.5,3,35.0,34.12,220.79,275.44,455.2,364.88,0.5772,210.61,268.34,315.66,154.28,-47.32,106.96,13.62,17.1,0.0,1.35,41.74,751.18,0.0,0.0,0.0,4.44,111.4,0.6077
2019-07-07 07:30:00,188,7.5,5,2583,1,0,2402.5,3,35.0,34.12,250.44,275.44,455.2,413.89,0.5772,238.89,268.34,315.66,174.99,-47.32,127.68,13.62,17.1,0.0,1.35,41.74,751.18,0.0,0.0,0.0,4.44,132.12,0.7207
2019-07-07 07:30:00,188,7.5,6,2546,1,0,2402.5,3,35.0,35.08,275.6,275.44,455.2,455.46,0.5781,263.32,268.34,315.66,192.14,-47.32,144.83,13.62,17.34,0.0,1.35,41.74,751.18,0.0,0.0,0.0,4.44,149.27,0.8142
2019-07-07 07:30:00,188,7.5,7,2546,1,0,2402.5,3,35.0,35.08,317.58,275.44,455.2,524.84,0.5781,303.43,268.34,315.66,221.41,-47.32,174.1,13.62,17.34,0.0,1.35,41.74,751.18,0.0,0.0,0.0,4.44,178.54,0.9739
2019-07-07 07:30:00,188,7.5,8,2639,1,0,2402.5,3,35.0,32.66,131.45,275.44,455.2,217.24,0.5758,125.08,268.34,315.66,92.16,-47.32,44.84,13.62,16.73,0.0,1.35,41.74,751.18,0.0,0.0,0.0,4.44,49.29,0.2688
2019-07-07 07:30:00,188,7.5,9,2610,1,0,2402.5,3,35.0,33.41,101.43,275.44,455.2,167.63,0.5765,96.64,268.34,315.66,70.99,-47.32,23.67,13.62,16.92,0.0,1.35,41.74,751.18,0.0,0.0,0.0,4.44,28.12,0.1534
2019-07-07 07:30:00,188,7.5,10,2579,1,0,2402.5,3,35.0,34.22,186.87,275.44,455.2,308.82,0.5773,178.28,268.34,315.66,130.54,-47.32,83.22,13.62,17.12,0.0,1.35,41.74,751.18,0.0,0.0,0.0,4.44,87.67,0.4782
2019-07-07 07:30:00,188,7.5,11,2579,1,0,2402.5,3,35.0,34.22,197.59,275.44,455.2,326.54,0.5773,188.51,268.34,315.66,138.03,-47.32,90.71,13.62,17.12,0.0,1.35,41.74,751.18,0.0,0.0,0.0,4.44,95.16,0.519
2019-07-07 07:30:00,188,7.5,12,2546,1,0,2402.5,3,35.0,35.08,142.61,275.44,455.2,235.68,0.5781,136.25,268.34,315.66,99.42,-47.32,52.11,13.62,17.34,0.0,1.35,41.74,751.18,0.0,0.0,0.0,4.44,56.55,0.3085
2019-07-07 07:30:00,188,7.5,13,2530,1,0,2402.5,3,35.0,35.49,139.3,275.44,455.2,230.21,0.5785,133.18,268.34,315.66,97.02,-47.32,49.71,13.62,17.44,0.0,1.35,41.74,751.18,0.0,0.0,0.0,4.44,54.15,0.2954
2019-07-07 07:30:00,188,7.5,14,2530,1,0,2402.5,3,35.0,35.49,151.57,275.44,455.2,250.49,0.5785,144.92,268.34,315.66,105.57,-47.32,58.26,13.62,17.44,0.0,1.35,41.74,751.18,0.0,0.0,0.0,4.44,62.7,0.342
2019-07-07 07:30:00,188,7.5,15,2494,1,0,2402.5,3,35.0,36.43,177.66,275.44,455.2,293.61,0.5795,170.13,268.34,315.66,123.48,-47.32,76.16,13.62,17.67,0.0,1.35,41.74,751.18,0.0,0.0,0.0,4.44,80.6,0.4397
2019-07-07 07:30:00,188,7.5,16,2494,1,0,2402.5,3,35.0,36.43,190.43,275.44,455.2,314.71,0.5795,182.36,268.34,315.66,132.35,-47.32,85.04,13.62,17.67,0.0,1.35,41.74,751.18,0.0,0.0,0.0,4.44,89.48,0.4881
2019-07-07 07:30:00,188,7.5,17,2462,1,0,2402.5,3,35.0,37.26,192.6,275.44,455.2,318.3,0.5803,184.7,268.34,315.66,133.6,-47.32,86.29,13.62,17.88,0.0,1.35,41.74,751.18,0.0,0.0,0.0,4.44,90.73,0.4949
2019-07-07 07:30:00,188,7.5,18,2630,1,0,2402.5,3,35.0,32.89,197.29,275.44,455.2,326.05,0.576,187.8,268.34,315.66,138.24,-47.32,90.93,13.62,16.79,0.0,1.35,41.74,751.18,0.0,0.0,0.0,4.44,95.37,0.5202
2019-07-07 07:30:00,188,7.5,19,2630,1,0,2402.5,3,35.0,32.89,144.86,275.44,455.2,239.4,0.576,137.9,268.34,315.66,101.51,-47.32,54.19,13.62,16.79,0.0,1.35,41.74,751.18,0.0,0.0,0.0,4.44,58.64,0.3198
2019-07-07 07:30:00,188,7.5,20,2604,1,0,2402.5,3,35.0,33.57,71.71,275.44,455.2,118.51,0.5767,68.34,268.34,315.66,50.17,-47.32,2.85,13.62,16.96,0.0,1.35,41.74,751.18,0.0,0.0,0.0,4.44,7.3,0.0398
2019-07-07 07:30:00,188,7.5,21,2563,1,0,2402.5,3,35.0,34.64,68.45,275.44,455.2,113.12,0.5777,65.35,268.34,315.66,47.77,-47.32,0.46,13.62,17.23,0.0,1.35,41.74,751.18,0.0,0.0,0.0,4.44,4.9,0.0267
2019-07-07 07:30:00,188,7.5,22,2556,1,0,2402.5,3,35.0,34.82,162.6,275.44,455.2,268.72,0.5779,155.29,268.34,315.66,113.43,-47.32,66.12,13.62,17.27,0.0,1.35,41.74,751.18,0.0,0.0,0.0,4.44,70.56,0.3849
2019-07-07 07:30:00,188,7.5,23,2549,1,0,2402.5,3,35.0,35.0,275.44,275.44,455.2,455.2,0.5781,263.13,268.34,315.66,192.07,-47.32,144.75,13.62,17.32,0.0,1.35,41.74,751.18,0.0,0.0,0.0,4.44,149.2,0.8138
2019-07-07 07:30:00,188,7.5,24,2549,1,0,2402.5,3,35.0,35.0,323.09,275.44,455.2,533.95,0.5781,308.65,268.34,315.66,225.3,-47.32,177.98,13.62,17.32,0.0,1.35,41.74,751.18,0.0,0.0,0.0,4.44,182.42,0.995
2019-07-07 07:30:00,188,7.5,25,2524,1,0,2402.5,3,35.0,35.65,326.71,275.44,455.2,539.93,0.5787,312.45,268.34,315.66,227.48,-47.32,180.16,13.62,17.48,0.0,1.35,41.74,751.18,0.0,0.0,0.0,4.44,184.61,1.0069
2019-07-07 07:30:00,188,7.5,26,2502,1,0,2402.5,3,35.0,36.22,331.95,275.44,455.2,548.59,0.5792,317.77,268.34,315.66,230.82,-47.32,183.51,13.62,17.62,0.0,1.35,41.74,751.18,0.0,0.0,0.0,4.44,187.95,1.0252
2019-07-07 07:30:00,188,7.5,27,2502,1,0,2402.5,3,35.0,36.22,329.9,275.44,455.2,545.21,0.5792,315.81,268.34,315.66,229.4,-47.32,182.08,13.62,17.62,0.0,1.35,41.74,751.18,0.0,0.0,0.0,4.44,186.53,1.0174
2019-07-07 07:30:00,188,7.5,28,2477,1,0,2402.5,3,35.0,36.87,360.64,275.44,455.2,596.01,0.5799,345.61,268.34,315.66,250.39,-47.32,203.08,13.62,17.79,0.0,1.35,41.74,751.18,0.0,0.0,0.0,4.44,207.52,1.1319
2019-07-07 07:30:00,188,7.5,29,2477,1,0,2402.5,3,35.0,36.87,390.23,275.44,455.2,644.91,0.5799,373.97,268.34,315.66,270.94,-47.32,223.62,13.62,17.79,0.0,1.35,41.74,751.18,0.0,0.0,0.0,4.44,228.07,1.244
2019-07-07 07:30:00,188,7.5,30,2440,1,0,2402.5,3,35.0,37.83,437.25,275.44,455.2,722.61,0.5808,419.71,268.34,315.66,302.91,-47.32,255.59,13.62,18.03,0.0,1.35,41.74,751.18,0.0,0.0,0.0,4.44,260.03,1.4184
2019-07-07 07:30:00,188,7.5,31,2620,1,0,2402.5,3,35.0,33.15,543.95,275.44,455.2,898.95,0.5763,518.02,268.34,315.66,380.92,-47.32,333.61,13.62,16.86,0.0,1.35,41.74,751.18,0.0,0.0,0.0,4.44,338.05,1.8439
2019-07-07 07:30:00,188,7.5,32,2576,1,0,2402.5,3,35.0,34.3,181.13,275.44,455.2,299.34,0.5774,172.83,268.34,315.66,126.51,-47.32,79.19,13.62,17.14,0.0,1.35,41.74,751.18,0.0,0.0,0.0,4.44,83.64,0.4562
2019-07-07 07:30:00,188,7.5,33,2576,1,0,2402.5,3,35.0,34.3,180.24,275.44,455.2,297.88,0.5774,171.99,268.34,315.66,125.89,-47.32,78.58,13.62,17.14,0.0,1.35,41.74,751.18,0.0,0.0,0.0,4.44,83.02,0.4528
2019-07-07 07:30:00,188,7.5,34,2576,1,0,2402.5,3,35.0,34.3,171.01,275.44,455.2,282.62,0.5774,163.17,268.34,315.66,119.44,-47.32,72.13,13.62,17.14,0.0,1.35,41.74,751.18,0.0,0.0,0.0,4.44,76.57,0.4177
2019-07-07 07:30:00,188,7.5,35,2556,1,0,2402.5,3,35.0,34.82,182.8,275.44,455.2,302.1,0.5779,174.57,268.34,315.66,127.52,-47.32,80.21,13.62,17.27,0.0,1.35,41.74,751.18,0.0,0.0,0.0,4.44,84.65,0.4617
2019-07-07 07:30:00,188,7.5,36,2533,1,0,2402.5,3,35.0,35.42,265.99,275.44,455.2,439.59,0.5785,254.29,268.34,315.66,185.3,-47.32,137.99,13.62,17.42,0.0,1.35,41.74,751.18,0.0,0.0,0.0,4.44,142.43,0.7769
2019-07-07 07:30:00,188,7.5,37,2532,1,0,2402.5,3,35.0,35.44,374.33,275.44,455.2,618.63,0.5785,357.87,268.34,315.66,260.76,-47.32,213.44,13.62,17.43,0.0,1.35,41.74,751.18,0.0,0.0,0.0,4.44,217.89,1.1885
2019-07-07 07:30:00,188,7.5,38,2534,1,0,2402.5,3,35.0,35.39,443.14,275.44,455.2,732.35,0.5784,423.62,268.34,315.66,308.73,-47.32,261.42,13.62,17.41,0.0,1.35,41.74,751.18,0.0,0.0,0.0,4.44,265.86,1.4502
2019-07-07 07:30:00,188,7.5,39,2534,1,0,2402.5,3,35.0,35.39,483.41,275.44,455.2,798.9,0.5784,462.11,268.34,315.66,336.79,-47.32,289.47,13.62,17.41,0.0,1.35,41.74,751.18,0.0,0.0,0.0,4.44,293.91,1.6032
2019-07-07 07:30:00,188,7.5,40,2515,1,0,2402.5,3,35.0,35.88,505.25,275.44,455.2,835.0,0.5789,483.4,268.34,315.66,351.6,-47.32,304.29,13.62,17.54,0.0,1.35,41.74,751.18,0.0,0.0,0.0,4.44,308.73,1.684
2019-07-07 07:30:00,188,7.5,41,2487,1,0,2402.5,3,35.0,36.61,527.24,275.44,455.2,871.34,0.5796,505.05,268.34,315.66,366.29,-47.32,318.97,13.62,17.72,0.0,1.35,41.74,751.18,0.0,0.0,0.0,4.44,323.41,1.7641
2019-07-07 07:30:00,188,7.5,42,2487,1,0,2402.5,3,35.0,36.61,501.51,275.44,455.2,828.82,0.5796,480.41,268.34,315.66,348.41,-47.32,301.1,13.62,17.72,0.0,1.35,41.74,751.18,0.0,0.0,0.0,4.44,305.54,1.6666
2019-07-07 07:30:00,188,7.5,43,2464,1,0,2402.5,3,35.0,37.21,468.48,275.44,455.2,774.22,0.5802,449.21,268.34,315.66,325.01,-47.32,277.69,13.62,17.87,0.0,1.35,41.74,751.18,0.0,0.0,0.0,4.44,282.14,1.5389
2019-07-07 07:30:00,188,7.5,44,2555,1,0,2402.5,3,35.0,34.84,316.88,275.44,455.2,523.69,0.5779,302.64,268.34,315.66,221.05,-47.32,173.73,13.62,17.28,0.0,1.35,41.74,751.18,0.0,0.0,0.0,4.44,178.17,0.9719
2019-07-07 07:30:00,188,7.5,45,2555,1,0,2402.5,3,35.0,34.84,320.03,275.44,455.2,528.89,0.5779,305.65,268.34,315.66,223.24,-47.32,175.93,13.62,17.28,0.0,1.35,41.74,751.18,0.0,0.0,0.0,4.44,180.37,0.9838
2019-07-07 07:30:00,188,7.5,46,2555,1,0,2402.5,3,35.0,34.84,302.94,275.44,455.2,500.65,0.5779,289.33,268.34,315.66,211.32,-47.32,164.01,13.62,17.28,0.0,1.35,41.74,751.18,0.0,0.0,0.0,4.44,168.45,0.9188
2019-07-07 07:30:00,188,7.5,47,2530,1,0,2402.5,3,35.0,35.49,293.1,275.44,455.2,484.39,0.5785,280.24,268.34,315.66,204.15,-47.32,156.83,13.62,17.44,0.0,1.35,41.74,751.18,0.0,0.0,0.0,4.44,161.28,0.8797
2019-07-07 07:30:00,188,7.5,48,2510,1,0,2402.5,3,35.0,36.01,369.85,275.44,455.2,611.23,0.579,353.93,268.34,315.66,257.3,-47.32,209.98,13.62,17.57,0.0,1.35,41.74,751.18,0.0,0.0,0.0,4.44,214.43,1.1696
2019-07-07 07:30:00,188,7.5,49,2534,1,0,2402.5,3,35.0,35.39,550.17,275.44,455.2,909.24,0.5784,525.94,268.34,315.66,383.3,-47.32,335.99,13.62,17.41,0.0,1.35,41.74,751.18,0.0,0.0,0.0,4.44,340.43,1.8569
2019-07-07 07:30:00,188,7.5,50,2531,1,0,2402.5,3,35.0,35.47,390.43,275.44,455.2,645.23,0.5785,373.27,268.34,315.66,271.96,-47.32,224.64,13.62,17.43,0.0,1.35,41.74,751.18,0.0,0.0,0.0,4.44,229.09,1.2496
2019-07-07 07:30:00,188,7.5,51,2531,1,0,2402.5,3,35.0,35.47,421.51,275.44,455.2,696.6,0.5785,402.99,268.34,315.66,293.61,-47.32,246.29,13.62,17.43,0.0,1.35,41.74,751.18,0.0,0.0,0.0,4.44,250.74,1.3677
2019-07-07 07:30:00,188,7.5,52,2531,1,0,2402.5,3,35.0,35.47,408.75,275.44,455.2,675.51,0.5785,390.79,268.34,315.66,284.72,-47.32,237.4,13.62,17.43,0.0,1.35,41.74,751.18,0.0,0.0,0.0,4.44,241.85,1.3192
2019-07-07 07:30:00,188,7.5,53,2507,1,0,2402.5,3,35.0,36.09,408.18,275.44,455.2,674.57,0.5791,390.66,268.34,315.66,283.91,-47.32,236.6,13.62,17.59,0.0,1.35,41.74,751.18,0.0,0.0,0.0,4.44,241.04,1.3148
2019-07-07 07:30:00,188,7.5,54,2494,1,0,2402.5,3,35.0,36.43,475.73,275.44,455.2,786.21,0.5795,455.57,268.34,315.66,330.64,-47.32,283.32,13.62,17.67,0.0,1.35,41.74,751.18,0.0,0.0,0.0,4.44,287.77,1.5696
2019-07-07 07:30:00,188,7.5,55,2531,1,0,2402.5,3,35.0,35.47,416.66,275.44,455.2,688.59,0.5785,398.36,268.34,315.66,290.23,-47.32,242.92,13.62,17.43,0.0,1.35,41.74,751.18,0.0,0.0,0.0,4.44,247.36,1.3492
2019-07-07 07:30:00,188,7.5,56,2531,1,0,2402.5,3,35.0,35.47,407.03,275.44,455.2,672.67,0.5785,389.15,268.34,315.66,283.52,-47.32,236.21,13.62,17.43,0.0,1.35,41.74,751.18,0.0,0.0,0.0,4.44,240.65,1.3126
2019-07-07 07:30:00,188,7.5,57,2507,1,0,2402.5,3,35.0,36.09,400.33,275.44,455.2,661.59,0.5791,383.14,268.34,315.66,278.45,-47.32,231.14,13.62,17.59,0.0,1.35,41.74,751.18,0.0,0.0,0.0,4.44,235.58,1.285
2019-07-07 07:30:00,188,7.5,58,2494,1,0,2402.5,3,35.0,36.43,439.82,275.44,455.2,726.86,0.5795,421.18,268.34,315.66,305.68,-47.32,258.36,13.62,17.67,0.0,1.35,41.74,751.18,0.0,0.0,0.0,4.44,262.81,1.4335
2019-07-07 07:30:00,188,7.5,59,2506,1,0,2402.5,3,35.0,36.12,416.35,275.44,455.2,688.08,0.5791,398.5,268.34,315.66,289.58,-47.32,242.26,13.62,17.6,0.0,1.35,41.74,751.18,0.0,0.0,0.0,4.44,246.71,1.3457
2019-07-07 07:30:00,188,7.5,60,2506,1,0,2402.5,3,35.0,36.12,407.73,275.44,455.2,673.83,0.5791,390.24,268.34,315.66,283.58,-47.32,236.27,13.62,17.6,0.0,1.35,41.74,751.18,0.0,0.0,0.0,4.44,240.71,1.313
2019-07-07 07:30:00,188,7.5,61,2485,1,0,2402.5,3,35.0,36.66,380.84,275.44,455.2,629.39,0.5797,364.85,268.34,315.66,264.55,-47.32,217.23,13.62,17.73,0.0,1.35,41.74,751.18,0.0,0.0,0.0,4.44,221.68,1.2091
2019-07-07 07:30:00,188,7.5,62,2469,1,0,2402.5,3,35.0,37.08,374.88,275.44,455.2,619.54,0.5801,359.38,268.34,315.66,260.15,-47.32,212.84,13.62,17.84,0.0,1.35,41.74,751.18,0.0,0.0,0.0,4.44,217.28,1.1852
2019-07-07 07:30:00,188,7.5,63,2506,1,0,2402.5,3,35.0,36.12,397.42,275.44,455.2,656.79,0.5791,380.38,268.34,315.66,276.41,-47.32,229.1,13.62,17.6,0.0,1.35,41.74,751.18,0.0,0.0,0.0,4.44,233.54,1.2739
2019-07-07 07:30:00,188,7.5,64,2506,1,0,2402.5,3,35.0,36.12,455.01,275.44,455.2,751.97,0.5791,435.5,268.34,315.66,316.47,-47.32,269.15,13.62,17.6,0.0,1.35,41.74,751.18,0.0,0.0,0.0,4.44,273.6,1.4924
2019-07-07 07:30:00,188,7.5,65,2506,1,0,2402.5,3,35.0,36.12,455.21,275.44,455.2,752.29,0.5791,435.69,268.34,315.66,316.6,-47.32,269.29,13.62,17.6,0.0,1.35,41.74,751.18,0.0,0.0,0.0,4.44,273.73,1.4931
2019-07-07 07:30:00,188,7.5,66,2485,1,0,2402.5,3,35.0,36.66,449.86,275.44,455.2,743.45,0.5797,430.96,268.34,315.66,312.49,-47.32,265.17,13.62,17.73,0.0,1.35,41.74,751.18,0.0,0.0,0.0,4.44,269.62,1.4706
2019-07-07 07:30:00,188,7.5,67,2455,1,0,2402.5,3,35.0,37.44,465.77,275.44,455.2,769.76,0.5804,446.8,268.34,315.66,322.96,-47.32,275.64,13.62,17.93,0.0,1.35,41.74,751.18,0.0,0.0,0.0,4.44,280.09,1.5278
2019-07-07 07:30:00,188,7.5,68,2489,1,0,2402.5,3,35.0,36.56,384.68,275.44,455.2,635.73,0.5796,368.46,268.34,315.66,267.28,-47.32,219.96,13.62,17.71,0.0,1.35,41.74,751.18,0.0,0.0,0.0,4.44,224.41,1.224
2019-07-07 07:30:00,188,7.5,69,2489,1,0,2402.5,3,35.0,36.56,435.49,275.44,455.2,719.71,0.5796,417.13,268.34,315.66,302.58,-47.32,255.27,13.62,17.71,0.0,1.35,41.74,751.18,0.0,0.0,0.0,4.44,259.71,1.4166
2019-07-07 07:30:00,188,7.5,70,2489,1,0,2402.5,3,35.0,36.56,429.21,275.44,455.2,709.33,0.5796,411.11,268.34,315.66,298.22,-47.32,250.9,13.62,17.71,0.0,1.35,41.74,751.18,0.0,0.0,0.0,4.44,255.35,1.3928
2019-07-07 07:30:00,188,7.5,71,2477,1,0,2402.5,3,35.0,36.87,427.16,275.44,455.2,705.94,0.5799,409.36,268.34,315.66,296.58,-47.32,249.26,13.62,17.79,0.0,1.35,41.74,751.18,0.0,0.0,0.0,4.44,253.71,1.3838
2019-07-07 07:30:00,188,7.5,72,2455,1,0,2402.5,3,35.0,37.44,472.85,275.44,455.2,781.45,0.5804,453.58,268.34,315.66,327.86,-47.32,280.55,13.62,17.93,0.0,1.35,41.74,751.18,0.0,0.0,0.0,4.44,284.99,1.5545
2019-07-07 07:30:00,188,7.5,73,2485,1,0,2402.5,3,35.0,36.66,412.5,275.44,455.2,681.7,0.5797,395.17,268.34,315.66,286.53,-47.32,239.22,13.62,17.73,0.0,1.35,41.74,751.18,0.0,0.0,0.0,4.44,243.66,1.3291
2019-07-07 07:30:00,188,7.5,74,2485,1,0,2402.5,3,35.0,36.66,483.47,275.44,455.2,798.99,0.5797,463.16,268.34,315.66,335.83,-47.32,288.52,13.62,17.73,0.0,1.35,41.74,751.18,0.0,0.0,0.0,4.44,292.96,1.598
2019-07-07 07:30:00,188,7.5,75,2485,1,0,2402.5,3,35.0,36.66,451.87,275.44,455.2,746.77,0.5797,432.89,268.34,315.66,313.88,-47.32,266.57,13.62,17.73,0.0,1.35,41.74,751.18,0.0,0.0,0.0,4.44,271.01,1.4782
2019-07-07 07:30:00,188,7.5,76,2466,1,0,2402.5,3,35.0,37.16,374.74,275.44,455.2,619.31,0.5802,359.3,268.34,315.66,260.01,-47.32,212.69,13.62,17.86,0.0,1.35,41.74,751.18,0.0,0.0,0.0,4.44,217.14,1.1844
2019-07-07 07:30:00,188,7.5,77,2445,1,0,2402.5,3,35.0,37.7,349.9,275.44,455.2,578.25,0.5807,335.79,268.34,315.66,242.47,-47.32,195.15,13.62,17.99,0.0,1.35,41.74,751.18,0.0,0.0,0.0,4.44,199.59,1.0887
2019-07-07 07:30:00,188,7.5,78,2478,1,0,2402.5,3,35.0,36.85,483.36,275.44,455.2,798.82,0.5799,463.2,268.34,315.66,335.62,-47.32,288.3,13.62,17.78,0.0,1.35,41.74,751.18,0.0,0.0,0.0,4.44,292.75,1.5968
2019-07-07 07:30:00,188,7.5,79,2478,1,0,2402.5,3,35.0,36.85,442.98,275.44,455.2,732.09,0.5799,424.51,268.34,315.66,307.58,-47.32,260.27,13.62,17.78,0.0,1.35,41.74,751.18,0.0,0.0,0.0,4.44,264.71,1.4439
2019-07-07 07:30:00,188,7.5,80,2449,1,0,2402.5,3,35.0,37.6,349.82,275.44,455.2,578.13,0.5806,335.66,268.34,315.66,242.47,-47.32,195.16,13.62,17.97,0.0,1.35,41.74,751.18,0.0,0.0,0.0,4.44,199.6,1.0887
2019-07-07 07:30:00,188,7.5,81,2412,1,0,2402.5,3,35.0,38.56,315.22,275.44,455.2,520.94,0.5815,302.94,268.34,315.66,218.0,-47.32,170.68,13.62,18.21,0.0,1.35,41.74,751.18,0.0,0.0,0.0,4.44,175.13,0.9552
2019-07-07 07:30:00,188,7.5,82,2443,1,0,2402.5,3,35.0,37.76,228.48,275.44,455.2,377.6,0.5807,219.29,268.34,315.66,158.31,-47.32,110.99,13.62,18.01,0.0,1.35,41.74,751.18,0.0,0.0,0.0,4.44,115.44,0.6297
2019-07-07 07:30:00,188,7.5,83,2474,1,0,2402.5,3,35.0,36.95,525.8,275.44,455.2,868.96,0.58,503.96,268.34,315.66,365.0,-47.32,317.68,13.62,17.8,0.0,1.35,41.74,751.18,0.0,0.0,0.0,4.44,322.13,1.7571
2019-07-07 07:30:00,188,7.5,84,2474,1,0,2402.5,3,35.0,36.95,477.27,275.44,455.2,788.76,0.58,457.45,268.34,315.66,331.31,-47.32,284.0,13.62,17.8,0.0,1.35,41.74,751.18,0.0,0.0,0.0,4.44,288.44,1.5733
2019-07-07 07:30:00,188,7.5,85,2436,1,0,2402.5,3,35.0,37.94,377.95,275.44,455.2,624.62,0.5809,362.86,268.34,315.66,261.77,-47.32,214.45,13.62,18.05,0.0,1.35,41.74,751.18,0.0,0.0,0.0,4.44,218.89,1.194
2019-07-07 07:30:00,188,7.5,86,2397,0,0,2402.5,3,35.0,38.95,334.23,275.44,455.2,552.37,0.2445,135.03,268.34,315.66,417.33,-47.32,370.02,13.62,18.3,0.0,1.35,41.74,751.18,0.0,0.0,0.0,24.44,394.46,2.1195
2019-07-07 07:30:00,188,7.5,87,2415,1,0,2402.5,3,35.0,38.48,266.47,275.44,455.2,440.38,0.5815,256.06,268.34,315.66,184.32,-47.32,137.0,13.62,18.19,0.0,1.35,41.74,751.18,0.0,0.0,0.0,4.44,141.45,0.7715
2019-07-07 07:30:00,188,7.5,88,2476,1,0,2402.5,3,35.0,36.9,553.08,275.44,455.2,914.03,0.5799,530.05,268.34,315.66,383.98,-47.32,336.66,13.62,17.79,0.0,1.35,41.74,751.18,0.0,0.0,0.0,4.44,341.11,1.8606
2019-07-07 07:30:00,188,7.5,89,2428,1,0,2402.5,3,35.0,38.15,409.32,275.44,455.2,676.46,0.5811,393.11,268.34,315.66,283.35,-47.32,236.04,13.62,18.1,0.0,1.35,41.74,751.18,0.0,0.0,0.0,4.44,240.48,1.3117
2019-07-07 07:30:00,188,7.5,90,2377,0,0,2402.5,3,35.0,39.47,360.95,275.44,455.2,596.53,0.245,146.13,268.34,315.66,450.4,-47.32,403.08,13.62,18.43,0.0,1.35,41.74,751.18,0.0,0.0,0.0,24.44,427.53,2.2972
2019-07-07 07:30:00,188,7.5,91,2378,0,0,2402.5,3,35.0,39.45,300.09,275.44,455.2,495.94,0.2449,121.48,268.34,315.66,374.47,-47.32,327.15,13.62,18.43,0.0,1.35,41.74,751.18,0.0,0.0,0.0,24.44,351.59,1.8892
2019-07-07 07:30:00,188,7.5,92,2496,1,0,2402.5,3,35.0,36.38,713.84,275.44,455.2,1179.71,0.5794,683.53,268.34,315.66,496.19,-47.32,448.87,13.62,17.66,0.0,1.35,41.74,751.18,0.0,0.0,0.0,4.44,453.32,2.4726
2019-07-07 07:30:00,188,7.5,93,2423,1,0,2402.5,3,35.0,38.28,338.95,275.44,455.2,560.16,0.5813,325.6,268.34,315.66,234.57,-47.32,187.25,13.62,18.14,0.0,1.35,41.74,751.18,0.0,0.0,0.0,4.44,191.7,1.0456
2019-07-07 07:30:00,188,7.5,95,2372,0,0,2402.5,3,35.0,39.6,433.01,275.44,455.2,715.6,0.2451,175.39,268.34,315.66,540.21,-47.32,492.9,13.62,18.47,0.0,1.35,41.74,751.18,0.0,0.0,0.0,24.44,517.34,2.7797
2019-07-07 07:30:00,188,7.5,97,2358,0,0,2402.5,3,35.0,39.97,409.72,275.44,455.2,677.12,0.2454,166.2,268.34,315.66,510.92,-47.32,463.6,13.62,18.56,0.0,1.35,41.74,751.18,0.0,0.0,0.0,24.44,488.05,2.6223
2019-07-07 07:30:00,188,7.5,98,2554,1,0,2402.5,3,35.0,34.87,703.5,275.44,455.2,1162.64,0.5779,671.92,268.34,315.66,490.71,-47.32,443.4,13.62,17.28,0.0,1.35,41.74,751.18,0.0,0.0,0.0,4.44,447.84,2.4428
2019-07-07 07:30:00,188,7.5,99,2451,1,0,2402.5,3,35.0,37.55,352.51,275.44,455.2,582.58,0.5805,338.21,268.34,315.66,244.37,-47.32,197.05,13.62,17.95,0.0,1.35,41.74,751.18,0.0,0.0,0.0,4.44,201.5,1.0991
2019-07-07 07:30:00,188,7.5,100,2361,0,0,2402.5,3,35.0,39.89,437.13,275.44,455.2,722.41,0.2454,177.26,268.34,315.66,545.15,-47.32,497.84,13.62,18.54,0.0,1.35,41.74,751.18,0.0,0.0,0.0,24.44,522.28,2.8063
2019-07-07 08:00:00,188,8.0,94,2563,1,0,2402.5,3,35.0,34.64,128.7,349.46,516.9,190.36,0.5777,109.97,269.05,315.66,80.39,-46.61,33.78,13.87,17.23,0.0,1.2,41.28,751.28,0.0,0.0,0.0,4.44,38.22,0.2085
2019-07-07 08:00:00,188,8.0,96,2549,1,0,2402.5,3,35.0,35.0,349.46,349.46,516.9,516.9,0.5781,298.8,269.05,315.66,218.1,-46.61,171.49,13.87,17.32,0.0,1.2,41.28,751.28,0.0,0.0,0.0,4.44,175.94,0.9596
2019-07-07 08:00:00,188,8.0,1,2612,1,0,2402.5,3,35.0,33.36,184.38,349.46,516.9,272.72,0.5765,157.21,269.05,315.66,115.51,-46.61,68.9,13.87,16.91,0.0,1.2,41.28,751.28,0.0,0.0,0.0,4.44,73.34,0.4
2019-07-07 08:00:00,188,8.0,2,2612,1,0,2402.5,3,35.0,33.36,202.37,349.46,516.9,299.33,0.5765,172.55,269.05,315.66,126.78,-46.61,80.16,13.87,16.91,0.0,1.2,41.28,751.28,0.0,0.0,0.0,4.44,84.61,0.4615
2019-07-07 08:00:00,188,8.0,3,2610,1,0,2402.5,3,35.0,33.41,213.43,349.46,516.9,315.69,0.5765,182.0,269.05,315.66,133.69,-46.61,87.08,13.87,16.92,0.0,1.2,41.28,751.28,0.0,0.0,0.0,4.44,91.53,0.4992
2019-07-07 08:00:00,188,8.0,4,2583,1,0,2402.5,3,35.0,34.12,287.08,349.46,516.9,424.62,0.5772,245.09,269.05,315.66,179.53,-46.61,132.92,13.87,17.1,0.0,1.2,41.28,751.28,0.0,0.0,0.0,4.44,137.36,0.7493
2019-07-07 08:00:00,188,8.0,5,2583,1,0,2402.5,3,35.0,34.12,309.43,349.46,516.9,457.68,0.5772,264.17,269.05,315.66,193.51,-46.61,146.9,13.87,17.1,0.0,1.2,41.28,751.28,0.0,0.0,0.0,4.44,151.34,0.8255
2019-07-07 08:00:00,188,8.0,6,2546,1,0,2402.5,3,35.0,35.08,334.04,349.46,516.9,494.09,0.5781,285.65,269.05,315.66,208.44,-46.61,161.83,13.87,17.34,0.0,1.2,41.28,751.28,0.0,0.0,0.0,4.44,166.27,0.9069
2019-07-07 08:00:00,188,8.0,7,2546,1,0,2402.5,3,35.0,35.08,374.14,349.46,516.9,553.4,0.5781,319.94,269.05,315.66,233.46,-46.61,186.85,13.87,17.34,0.0,1.2,41.28,751.28,0.0,0.0,0.0,4.44,191.3,1.0434
2019-07-07 08:00:00,188,8.0,8,2639,1,0,2402.5,3,35.0,32.66,196.58,349.46,516.9,290.76,0.5758,167.41,269.05,315.66,123.35,-46.61,76.74,13.87,16.73,0.0,1.2,41.28,751.28,0.0,0.0,0.0,4.44,81.18,0.4428
2019-07-07 08:00:00,188,8.0,9,2610,1,0,2402.5,3,35.0,33.41,158.52,349.46,516.9,234.46,0.5765,135.17,269.05,315.66,99.29,-46.61,52.68,13.87,16.92,0.0,1.2,41.28,751.28,0.0,0.0,0.0,4.44,57.13,0.3116
2019-07-07 08:00:00,188,8.0,10,2579,1,0,2402.5,3,35.0,34.22,253.56,349.46,516.9,375.04,0.5773,216.51,269.05,315.66,158.53,-46.61,111.92,13.87,17.12,0.0,1.2,41.28,751.28,0.0,0.0,0.0,4.44,116.36,0.6347
2019-07-07 08:00:00,188,8.0,11,2579,1,0,2402.5,3,35.0,34.22,266.01,349.46,516.9,393.46,0.5773,227.14,269.05,315.66,166.32,-46.61,119.7,13.87,17.12,0.0,1.2,41.28,751.28,0.0,0.0,0.0,4.44,124.15,0.6772
2019-07-07 08:00:00,188,8.0,12,2546,1,0,2402.5,3,35.0,35.08,200.9,349.46,516.9,297.16,0.5781,171.8,269.05,315.66,125.36,-46.61,78.75,13.87,17.34,0.0,1.2,41.28,751.28,0.0,0.0,0.0,4.44,83.19,0.4538
2019-07-07 08:00:00,188,8.0,13,2530,1,0,2402.5,3,35.0,35.49,209.65,349.46,516.9,310.09,0.5785,179.4,269.05,315.66,130.69,-46.61,84.08,13.87,17.44,0.0,1.2,41.28,751.28,0.0,0.0,0.0,4.44,88.52,0.4829
2019-07-07 08:00:00,188,8.0,14,2530,1,0,2402.5,3,35.0,35.49,214.99,349.46,516.9,317.99,0.5785,183.97,269.05,315.66,134.02,-46.61,87.41,13.87,17.44,0.0,1.2,41.28,751.28,0.0,0.0,0.0,4.44,91.86,0.501
2019-07-07 08:00:00,188,8.0,15,2494,1,0,2402.5,3,35.0,36.43,240.72,349.46,516.9,356.05,0.5795,206.31,269.05,315.66,149.74,-46.61,103.12,13.87,17.67,0.0,1.2,41.28,751.28,0.0,0.0,0.0,4.44,107.57,0.5867
2019-07-07 08:00:00,188,8.0,16,2494,1,0,2402.5,3,35.0,36.43,252.79,349.46,516.9,373.91,0.5795,216.66,269.05,315.66,157.25,-46.61,110.64,13.87,17.67,0.0,1.2,41.28,751.28,0.0,0.0,0.0,4.44,115.08,0.6277
2019-07-07 08:00:00,188,8.0,17,2462,1,0,2402.5,3,35.0,37.26,257.28,349.46,516.9,380.54,0.5803,220.82,269.05,315.66,159.73,-46.61,113.12,13.87,17.88,0.0,1.2,41.28,751.28,0.0,0.0,0.0,4.44,117.56,0.6412
2019-07-07 08:00:00,188,8.0,18,2630,1,0,2402.5,3,35.0,32.89,278.9,349.46,516.9,412.53,0.576,237.62,269.05,315.66,174.91,-46.61,128.3,13.87,16.79,0.0,1.2,41.28,751.28,0.0,0.0,0.0,4.44,132.74,0.724
2019-07-07 08:00:00,188,8.0,19,2630,1,0,2402.5,3,35.0,32.89,217.81,349.46,516.9,322.16,0.576,185.57,269.05,315.66,136.6,-46.61,89.98,13.87,16.79,0.0,1.2,41.28,751.28,0.0,0.0,0.0,4.44,94.43,0.5151
2019-07-07 08:00:00,188,8.0,20,2604,1,0,2402.5,3,35.0,33.57,128.47,349.46,516.9,190.02,0.5767,109.58,269.05,315.66,80.44,-46.61,33.83,13.87,16.96,0.0,1.2,41.28,751.28,0.0,0.0,0.0,4.44,38.28,0.2088
2019-07-07 08:00:00,188,8.0,21,2563,1,0,2402.5,3,35.0,34.64,128.7,349.46,516.9,190.36,0.5777,109.97,269.05,315.66,80.39,-46.61,33.78,13.87,17.23,0.0,1.2,41.28,751.28,0.0,0.0,0.0,4.44,38.22,0.2085
2019-07-07 08:00:00,188,8.0,22,2556,1,0,2402.5,3,35.0,34.82,232.08,349.46,516.9,343.28,0.5779,198.37,269.05,315.66,144.91,-46.61,98.29,13.87,17.27,0.0,1.2,41.28,751.28,0.0,0.0,0.0,4.44,102.74,0.5604
2019-07-07 08:00:00,188,8.0,23,2549,1,0,2402.5,3,35.0,35.0,349.46,349.46,516.9,516.9,0.5781,298.8,269.05,315.66,218.1,-46.61,171.49,13.87,17.32,0.0,1.2,41.28,751.28,0.0,0.0,0.0,4.44,175.94,0.9596
2019-07-07 08:00:00,188,8.0,24,2549,1,0,2402.5,3,35.0,35.0,388.29,349.46,516.9,574.33,0.5781,332.0,269.05,315.66,242.34,-46.61,195.72,13.87,17.32,0.0,1.2,41.28,751.28,0.0,0.0,0.0,4.44,200.17,1.0918
2019-07-07 08:00:00,188,8.0,25,2524,1,0,2402.5,3,35.0,35.65,379.32,349.46,516.9,561.06,0.5787,324.68,269.05,315.66,236.38,-46.61,189.77,13.87,17.48,0.0,1.2,41.28,751.28,0.0,0.0,0.0,4.44,194.21,1.0593
2019-07-07 08:00:00,188,8.0,26,2502,1,0,2402.5,3,35.0,36.22,398.84,349.46,516.9,589.93,0.5792,341.72,269.05,315.66,248.22,-46.61,201.6,13.87,17.62,0.0,1.2,41.28,751.28,0.0,0.0,0.0,4.44,206.05,1.1239
2019-07-07 08:00:00,188,8.0,27,2502,1,0,2402.5,3,35.0,36.22,393.9,349.46,516.9,582.63,0.5792,337.49,269.05,315.66,245.14,-46.61,198.53,13.87,17.62,0.0,1.2,41.28,751.28,0.0,0.0,0.0,4.44,202.98,1.1071
2019-07-07 08:00:00,188,8.0,28,2477,1,0,2402.5,3,35.0,36.87,423.92,349.46,516.9,627.03,0.5799,363.6,269.05,315.66,263.43,-46.61,216.81,13.87,17.79,0.0,1.2,41.28,751.28,0.0,0.0,0.0,4.44,221.26,1.2069
2019-07-07 08:00:00,188,8.0,29,2477,1,0,2402.5,3,35.0,36.87,450.64,349.46,516.9,666.55,0.5799,386.52,269.05,315.66,280.03,-46.61,233.42,13.87,17.79,0.0,1.2,41.28,751.28,0.0,0.0,0.0,4.44,237.86,1.2974
2019-07-07 08:00:00,188,8.0,30,2440,1,0,2402.5,3,35.0,37.83,500.04,349.46,516.9,739.62,0.5808,429.59,269.05,315.66,310.03,-46.61,263.42,13.87,18.03,0.0,1.2,41.28,751.28,0.0,0.0,0.0,4.44,267.87,1.4611
2019-07-07 08:00:00,188,8.0,31,2620,1,0,2402.5,3,35.0,33.15,578.93,349.46,516.9,856.32,0.5763,493.46,269.05,315.66,362.86,-46.61,316.25,13.87,16.86,0.0,1.2,41.28,751.28,0.0,0.0,0.0,4.44,320.69,1.7492
2019-07-07 08:00:00,188,8.0,32,2576,1,0,2402.5,3,35.0,34.3,238.4,349.46,516.9,352.63,0.5774,203.6,269.05,315.66,149.03,-46.61,102.42,13.87,17.14,0.0,1.2,41.28,751.28,0.0,0.0,0.0,4.44,106.86,0.5829
2019-07-07 08:00:00,188,8.0,33,2576,1,0,2402.5,3,35.0,34.3,260.58,349.46,516.9,385.43,0.5774,222.54,269.05,315.66,162.89,-46.61,116.28,13.87,17.14,0.0,1.2,41.28,751.28,0.0,0.0,0.0,4.44,120.73,0.6585
2019-07-07 08:00:00,188,8.0,34,2576,1,0,2402.5,3,35.0,34.3,239.95,349.46,516.9,354.91,0.5774,204.92,269.05,315.66,150.0,-46.61,103.38,13.87,17.14,0.0,1.2,41.28,751.28,0.0,0.0,0.0,4.44,107.83,0.5882
2019-07-07 08:00:00,188,8.0,35,2556,1,0,2402.5,3,35.0,34.82,237.32,349.46,516.9,351.02,0.5779,202.85,269.05,315.66,148.17,-46.61,101.56,13.87,17.27,0.0,1.2,41.28,751.28,0.0,0.0,0.0,4.44,106.01,0.5782
2019-07-07 08:00:00,188,8.0,36,2533,1,0,2402.5,3,35.0,35.42,331.93,349.46,516.9,490.97,0.5785,284.01,269.05,315.66,206.96,-46.61,160.35,13.87,17.42,0.0,1.2,41.28,751.28,0.0,0.0,0.0,4.44,164.79,0.8989
2019-07-07 08:00:00,188,8.0,37,2532,1,0,2402.5,3,35.0,35.44,453.88,349.46,516.9,671.34,0.5785,388.36,269.05,315.66,282.98,-46.61,236.37,13.87,17.43,0.0,1.2,41.28,751.28,0.0,0.0,0.0,4.44,240.81,1.3135
2019-07-07 08:00:00,188,8.0,38,2534,1,0,2402.5,3,35.0,35.39,520.73,349.46,516.9,770.22,0.5784,445.53,269.05,315.66,324.7,-46.61,278.09,13.87,17.41,0.0,1.2,41.28,751.28,0.0,0.0,0.0,4.44,282.53,1.5411
2019-07-07 08:00:00,188,8.0,39,2534,1,0,2402.5,3,35.0,35.39,549.66,349.46,516.9,813.02,0.5784,470.28,269.05,315.66,342.74,-46.61,296.13,13.87,17.41,0.0,1.2,41.28,751.28,0.0,0.0,0.0,4.44,300.57,1.6395
2019-07-07 08:00:00,188,8.0,40,2515,1,0,2402.5,3,35.0,35.88,554.92,349.46,516.9,820.8,0.5789,475.17,269.05,315.66,345.62,-46.61,299.01,13.87,17.54,0.0,1.2,41.28,751.28,0.0,0.0,0.0,4.44,303.46,1.6552
2019-07-07 08:00:00,188,8.0,41,2487,1,0,2402.5,3,35.0,36.61,585.68,349.46,516.9,866.29,0.5796,502.12,269.05,315.66,364.16,-46.61,317.55,13.87,17.72,0.0,1.2,41.28,751.28,0.0,0.0,0.0,4.44,322.0,1.7563
2019-07-07 08:00:00,188,8.0,42,2487,1,0,2402.5,3,35.0,36.61,560.59,349.46,516.9,829.18,0.5796,480.61,269.05,315.66,348.56,-46.61,301.95,13.87,17.72,0.0,1.2,41.28,751.28,0.0,0.0,0.0,4.44,306.4,1.6712
2019-07-07 08:00:00,188,8.0,43,2464,1,0,2402.5,3,35.0,37.21,528.62,349.46,516.9,781.9,0.5802,453.67,269.05,315.66,328.23,-46.61,281.62,13.87,17.87,0.0,1.2,41.28,751.28,0.0,0.0,0.0,4.44,286.06,1.5603
2019-07-07 08:00:00,188,8.0,44,2555,1,0,2402.5,3,35.0,34.84,364.79,349.46,516.9,539.57,0.5779,311.82,269.05,315.66,227.75,-46.61,181.14,13.87,17.28,0.0,1.2,41.28,751.28,0.0,0.0,0.0,4.44,185.58,1.0123
2019-07-07 08:00:00,188,8.0,45,2555,1,0,2402.5,3,35.0,34.84,399.03,349.46,516.9,590.21,0.5779,341.09,269.05,315.66,249.13,-46.61,202.51,13.87,17.28,0.0,1.2,41.28,751.28,0.0,0.0,0.0,4.44,206.96,1.1289
2019-07-07 08:00:00,188,8.0,46,2555,1,0,2402.5,3,35.0,34.84,369.66,349.46,516.9,546.77,0.5779,315.98,269.05,315.66,230.79,-46.61,184.18,13.87,17.28,0.0,1.2,41.28,751.28,0.0,0.0,0.0,4.44,188.62,1.0288
2019-07-07 08:00:00,188,8.0,47,2530,1,0,2402.5,3,35.0,35.49,349.34,349.46,516.9,516.72,0.5785,298.94,269.05,315.66,217.78,-46.61,171.17,13.87,17.44,0.0,1.2,41.28,751.28,0.0,0.0,0.0,4.44,175.61,0.9579
2019-07-07 08:00:00,188,8.0,48,2510,1,0,2402.5,3,35.0,36.01,444.72,349.46,516.9,657.8,0.579,380.89,269.05,315.66,276.9,-46.61,230.29,13.87,17.57,0.0,1.2,41.28,751.28,0.0,0.0,0.0,4.44,234.74,1.2804
2019-07-07 08:00:00,188,8.0,49,2534,1,0,2402.5,3,35.0,35.39,618.45,349.46,516.9,914.76,0.5784,529.13,269.05,315.66,385.63,-46.61,339.02,13.87,17.41,0.0,1.2,41.28,751.28,0.0,0.0,0.0,4.44,343.46,1.8734
2019-07-07 08:00:00,188,8.0,50,2531,1,0,2402.5,3,35.0,35.47,430.05,349.46,516.9,636.1,0.5785,367.99,269.05,315.66,268.11,-46.61,221.49,13.87,17.43,0.0,1.2,41.28,751.28,0.0,0.0,0.0,4.44,225.94,1.2324
2019-07-07 08:00:00,188,8.0,51,2531,1,0,2402.5,3,35.0,35.47,498.46,349.46,516.9,737.28,0.5785,426.53,269.05,315.66,310.75,-46.61,264.14,13.87,17.43,0.0,1.2,41.28,751.28,0.0,0.0,0.0,4.44,268.59,1.465
2019-07-07 08:00:00,188,8.0,52,2531,1,0,2402.5,3,35.0,35.47,472.63,349.46,516.9,699.08,0.5785,404.42,269.05,315.66,294.65,-46.61,248.04,13.87,17.43,0.0,1.2,41.28,751.28,0.0,0.0,0.0,4.44,252.48,1.3772
2019-07-07 08:00:00,188,8.0,53,2507,1,0,2402.5,3,35.0,36.09,463.51,349.46,516.9,685.59,0.5791,397.04,269.05,315.66,288.55,-46.61,241.94,13.87,17.59,0.0,1.2,41.28,751.28,0.0,0.0,0.0,4.44,246.38,1.3439
2019-07-07 08:00:00,188,8.0,54,2494,1,0,2402.5,3,35.0,36.43,556.34,349.46,516.9,822.89,0.5795,476.82,269.05,315.66,346.07,-46.61,299.45,13.87,17.67,0.0,1.2,41.28,751.28,0.0,0.0,0.0,4.44,303.9,1.6576
2019-07-07 08:00:00,188,8.0,55,2531,1,0,2402.5,3,35.0,35.47,493.73,349.46,516.9,730.29,0.5785,422.48,269.05,315.66,307.81,-46.61,261.19,13.87,17.43,0.0,1.2,41.28,751.28,0.0,0.0,0.0,4.44,265.64,1.4489
2019-07-07 08:00:00,188,8.0,56,2531,1,0,2402.5,3,35.0,35.47,471.53,349.46,516.9,697.45,0.5785,403.48,269.05,315.66,293.97,-46.61,247.35,13.87,17.43,0.0,1.2,41.28,751.28,0.0,0.0,0.0,4.44,251.8,1.3734
2019-07-07 08:00:00,188,8.0,57,2507,1,0,2402.5,3,35.0,36.09,457.05,349.46,516.9,676.03,0.5791,391.5,269.05,315.66,284.53,-46.61,237.92,13.87,17.59,0.0,1.2,41.28,751.28,0.0,0.0,0.0,4.44,242.36,1.322
2019-07-07 08:00:00,188,8.0,58,2494,1,0,2402.5,3,35.0,36.43,525.33,349.46,516.9,777.03,0.5795,450.25,269.05,315.66,326.78,-46.61,280.17,13.87,17.67,0.0,1.2,41.28,751.28,0.0,0.0,0.0,4.44,284.61,1.5524
2019-07-07 08:00:00,188,8.0,59,2506,1,0,2402.5,3,35.0,36.12,493.38,349.46,516.9,729.76,0.5791,422.64,269.05,315.66,307.12,-46.61,260.51,13.87,17.6,0.0,1.2,41.28,751.28,0.0,0.0,0.0,4.44,264.96,1.4452
2019-07-07 08:00:00,188,8.0,60,2506,1,0,2402.5,3,35.0,36.12,473.02,349.46,516.9,699.65,0.5791,405.2,269.05,315.66,294.45,-46.61,247.84,13.87,17.6,0.0,1.2,41.28,751.28,0.0,0.0,0.0,4.44,252.28,1.3761
2019-07-07 08:00:00,188,8.0,61,2485,1,0,2402.5,3,35.0,36.66,436.04,349.46,516.9,644.96,0.5797,373.87,269.05,315.66,271.09,-46.61,224.48,13.87,17.73,0.0,1.2,41.28,751.28,0.0,0.0,0.0,4.44,228.92,1.2487
2019-07-07 08:00:00,188,8.0,62,2469,1,0,2402.5,3,35.0,37.08,460.62,349.46,516.9,681.32,0.5801,395.22,269.05,315.66,286.1,-46.61,239.48,13.87,17.84,0.0,1.2,41.28,751.28,0.0,0.0,0.0,4.44,243.93,1.3305
2019-07-07 08:00:00,188,8.0,63,2506,1,0,2402.5,3,35.0,36.12,426.8,349.46,516.9,631.29,0.5791,365.61,269.05,315.66,265.68,-46.61,219.07,13.87,17.6,0.0,1.2,41.28,751.28,0.0,0.0,0.0,4.44,223.51,1.2192
2019-07-07 08:00:00,188,8.0,64,2506,1,0,2402.5,3,35.0,36.12,531.04,349.46,516.9,785.47,0.5791,454.9,269.05,315.66,330.57,-46.61,283.96,13.87,17.6,0.0,1.2,41.28,751.28,0.0,0.0,0.0,4.44,288.4,1.5731
2019-07-07 08:00:00,188,8.0,65,2506,1,0,2402.5,3,35.0,36.12,520.87,349.46,516.9,770.44,0.5791,446.2,269.05,315.66,324.24,-46.61,277.63,13.87,17.6,0.0,1.2,41.28,751.28,0.0,0.0,0.0,4.44,282.07,1.5386
2019-07-07 08:00:00,188,8.0,66,2485,1,0,2402.5,3,35.0,36.66,501.4,349.46,516.9,741.64,0.5797,429.91,269.05,315.66,311.73,-46.61,265.11,13.87,17.73,0.0,1.2,41.28,751.28,0.0,0.0,0.0,4.44,269.56,1.4703
2019-07-07 08:00:00,188,8.0,67,2455,1,0,2402.5,3,35.0,37.44,545.18,349.46,516.9,806.39,0.5804,468.06,269.05,315.66,338.33,-46.61,291.72,13.87,17.93,0.0,1.2,41.28,751.28,0.0,0.0,0.0,4.44,296.16,1.6154
2019-07-07 08:00:00,188,8.0,68,2489,1,0,2402.5,3,35.0,36.56,409.72,349.46,516.9,606.03,0.5796,351.24,269.05,315.66,254.79,-46.61,208.18,13.87,17.71,0.0,1.2,41.28,751.28,0.0,0.0,0.0,4.44,212.62,1.1598
2019-07-07 08:00:00,188,8.0,69,2489,1,0,2402.5,3,35.0,36.56,512.01,349.46,516.9,757.32,0.5796,438.93,269.05,315.66,318.39,-46.61,271.78,13.87,17.71,0.0,1.2,41.28,751.28,0.0,0.0,0.0,4.44,276.23,1.5067
2019-07-07 08:00:00,188,8.0,70,2489,1,0,2402.5,3,35.0,36.56,497.15,349.46,516.9,735.35,0.5796,426.19,269.05,315.66,309.16,-46.61,262.54,13.87,17.71,0.0,1.2,41.28,751.28,0.0,0.0,0.0,4.44,266.99,1.4563
2019-07-07 08:00:00,188,8.0,71,2477,1,0,2402.5,3,35.0,36.87,481.46,349.46,516.9,712.14,0.5799,412.96,269.05,315.66,299.18,-46.61,252.57,13.87,17.79,0.0,1.2,41.28,751.28,0.0,0.0,0.0,4.44,257.02,1.4019
2019-07-07 08:00:00,188,8.0,72,2455,1,0,2402.5,3,35.0,37.44,550.37,349.46,516.9,814.07,0.5804,472.52,269.05,315.66,341.55,-46.61,294.94,13.87,17.93,0.0,1.2,41.28,751.28,0.0,0.0,0.0,4.44,299.38,1.633
2019-07-07 08:00:00,188,8.0,73,2485,1,0,2402.5,3,35.0,36.66,430.25,349.46,516.9,636.4,0.5797,368.91,269.05,315.66,267.49,-46.61,220.88,13.87,17.73,0.0,1.2,41.28,751.28,0.0,0.0,0.0,4.44,225.32,1.229
2019-07-07 08:00:00,188,8.0,74,2485,1,0,2402.5,3,35.0,36.66,558.62,349.46,516.9,826.27,0.5797,478.97,269.05,315.66,347.3,-46.61,300.69,13.87,17.73,0.0,1.2,41.28,751.28,0.0,0.0,0.0,4.44,305.13,1.6643
2019-07-07 08:00:00,188,8.0,75,2485,1,0,2402.5,3,35.0,36.66,517.03,349.46,516.9,764.75,0.5797,443.31,269.05,315.66,321.44,-46.61,274.83,13.87,17.73,0.0,1.2,41.28,751.28,0.0,0.0,0.0,4.44,279.28,1.5233
2019-07-07 08:00:00,188,8.0,76,2466,1,0,2402.5,3,35.0,37.16,427.48,349.46,516.9,632.29,0.5802,366.83,269.05,315.66,265.46,-46.61,218.85,13.87,17.86,0.0,1.2,41.28,751.28,0.0,0.0,0.0,4.44,223.29,1.218
2019-07-07 08:00:00,188,8.0,77,2445,1,0,2402.5,3,35.0,37.7,429.08,349.46,516.9,634.66,0.5807,368.54,269.05,315.66,266.12,-46.61,219.5,13.87,17.99,0.0,1.2,41.28,751.28,0.0,0.0,0.0,4.44,223.95,1.2215
2019-07-07 08:00:00,188,8.0,78,2478,1,0,2402.5,3,35.0,36.85,558.51,349.46,516.9,826.1,0.5799,479.02,269.05,315.66,347.08,-46.61,300.47,13.87,17.78,0.0,1.2,41.28,751.28,0.0,0.0,0.0,4.44,304.91,1.6632
2019-07-07 08:00:00,188,8.0,79,2478,1,0,2402.5,3,35.0,36.85,503.23,349.46,516.9,744.33,0.5799,431.61,269.05,315.66,312.73,-46.61,266.11,13.87,17.78,0.0,1.2,41.28,751.28,0.0,0.0,0.0,4.44,270.56,1.4758
2019-07-07 08:00:00,188,8.0,80,2449,1,0,2402.5,3,35.0,37.6,393.31,349.46,516.9,581.76,0.5806,337.77,269.05,315.66,244.0,-46.61,197.38,13.87,17.97,0.0,1.2,41.28,751.28,0.0,0.0,0.0,4.44,201.83,1.1009
2019-07-07 08:00:00,188,8.0,81,2412,1,0,2402.5,3,35.0,38.56,390.09,349.46,516.9,577.0,0.5815,335.54,269.05,315.66,241.46,-46.61,194.84,13.87,18.21,0.0,1.2,41.28,751.28,0.0,0.0,0.0,4.44,199.29,1.087
2019-07-07 08:00:00,188,8.0,82,2443,1,0,2402.5,3,35.0,37.76,326.3,349.46,516.9,482.64,0.5807,280.29,269.05,315.66,202.35,-46.61,155.74,13.87,18.01,0.0,1.2,41.28,751.28,0.0,0.0,0.0,4.44,160.18,0.8737
2019-07-07 08:00:00,188,8.0,83,2474,1,0,2402.5,3,35.0,36.95,599.54,349.46,516.9,886.79,0.58,514.3,269.05,315.66,372.49,-46.61,325.88,13.87,17.8,0.0,1.2,41.28,751.28,0.0,0.0,0.0,4.44,330.32,1.8018
2019-07-07 08:00:00,188,8.0,84,2474,1,0,2402.5,3,35.0,36.95,530.86,349.46,516.9,785.2,0.58,455.38,269.05,315.66,329.82,-46.61,283.21,13.87,17.8,0.0,1.2,41.28,751.28,0.0,0.0,0.0,4.44,287.65,1.569
2019-07-07 08:00:00,188,8.0,85,2436,1,0,2402.5,3,35.0,37.94,410.71,349.46,516.9,607.5,0.5809,352.91,269.05,315.66,254.59,-46.61,207.98,13.87,18.05,0.0,1.2,41.28,751.28,0.0,0.0,0.0,4.44,212.42,1.1587
2019-07-07 08:00:00,188,8.0,86,2397,0,0,2402.5,3,35.0,38.95,399.51,349.46,516.9,590.93,0.2445,144.46,269.05,315.66,446.47,-46.61,399.86,13.87,18.3,0.0,1.2,41.28,751.28,0.0,0.0,0.0,24.44,424.3,2.2798
2019-07-07 08:00:00,188,8.0,87,2415,1,0,2402.5,3,35.0,38.48,354.01,349.46,516.9,523.63,0.5815,304.47,269.05,315.66,219.16,-46.61,172.55,13.87,18.19,0.0,1.2,41.28,751.28,0.0,0.0,0.0,4.44,177.0,0.9654
2019-07-07 08:00:00,188,8.0,88,2476,1,0,2402.5,3,35.0,36.9,595.8,349.46,516.9,881.27,0.5799,511.05,269.05,315.66,370.21,-46.61,323.6,13.87,17.79,0.0,1.2,41.28,751.28,0.0,0.0,0.0,4.44,328.05,1.7893
2019-07-07 08:00:00,188,8.0,89,2428,1,0,2402.5,3,35.0,38.15,430.18,349.46,516.9,636.29,0.5811,369.77,269.05,315.66,266.53,-46.61,219.92,13.87,18.1,0.0,1.2,41.28,751.28,0.0,0.0,0.0,4.44,224.36,1.2238
2019-07-07 08:00:00,188,8.0,90,2377,0,0,2402.5,3,35.0,39.47,413.09,349.46,516.9,611.01,0.245,149.68,269.05,315.66,461.33,-46.61,414.72,13.87,18.43,0.0,1.2,41.28,751.28,0.0,0.0,0.0,24.44,439.16,2.3597
2019-07-07 08:00:00,188,8.0,91,2378,0,0,2402.5,3,35.0,39.45,379.75,349.46,516.9,561.7,0.2449,137.58,269.05,315.66,424.11,-46.61,377.5,13.87,18.43,0.0,1.2,41.28,751.28,0.0,0.0,0.0,24.44,401.95,2.1597
2019-07-07 08:00:00,188,8.0,92,2496,1,0,2402.5,3,35.0,36.38,735.76,349.46,516.9,1088.28,0.5794,630.55,269.05,315.66,457.73,-46.61,411.12,13.87,17.66,0.0,1.2,41.28,751.28,0.0,0.0,0.0,4.44,415.56,2.2667
2019-07-07 08:00:00,188,8.0,93,2423,1,0,2402.5,3,35.0,38.28,361.97,349.46,516.9,535.39,0.5813,311.2,269.05,315.66,224.2,-46.61,177.58,13.87,18.14,0.0,1.2,41.28,751.28,0.0,0.0,0.0,4.44,182.03,0.9929
2019-07-07 08:00:00,188,8.0,95,2372,0,0,2402.5,3,35.0,39.6,469.27,349.46,516.9,694.1,0.2451,170.12,269.05,315.66,523.98,-46.61,477.37,13.87,18.47,0.0,1.2,41.28,751.28,0.0,0.0,0.0,24.44,501.81,2.6963
2019-07-07 08:00:00,188,8.0,97,2358,0,0,2402.5,3,35.0,39.97,481.52,349.46,516.9,712.23,0.2454,174.81,269.05,315.66,537.41,-46.61,490.8,13.87,18.56,0.0,1.2,41.28,751.28,0.0,0.0,0.0,24.44,515.24,2.7685
2019-07-07 08:00:00,188,8.0,98,2554,1,0,2402.5,3,35.0,34.87,715.06,349.46,516.9,1057.66,0.5779,611.25,269.05,315.66,446.41,-46.61,399.8,13.87,17.28,0.0,1.2,41.28,751.28,0.0,0.0,0.0,4.44,404.24,2.2049
2019-07-07 08:00:00,188,8.0,99,2451,1,0,2402.5,3,35.0,37.55,394.33,349.46,516.9,583.26,0.5805,338.61,269.05,315.66,244.66,-46.61,198.04,13.87,17.95,0.0,1.2,41.28,751.28,0.0,0.0,0.0,4.44,202.49,1.1045
2019-07-07 08:00:00,188,8.0,100,2361,0,0,2402.5,3,35.0,39.89,456.59,349.46,516.9,675.36,0.2454,165.71,269.05,315.66,509.64,-46.61,463.03,13.87,18.54,0.0,1.2,41.28,751.28,0.0,0.0,0.0,24.44,487.48,2.6193
2019-07-07 08:30:00,188,8.5,94,2563,1,0,2402.5,3,35.0,34.64,195.1,424.87,589.4,270.65,0.5777,156.36,273.35,315.66,114.3,-42.3,71.99,14.18,17.23,0.0,1.2,39.36,751.34,0.0,0.0,0.0,4.44,76.44,0.4169
2019-07-07 08:30:00,188,8.5,96,2549,1,0,2402.5,3,35.0,35.0,424.87,424.87,589.4,589.4,0.5781,340.71,273.35,315.66,248.69,-42.3,206.39,14.18,17.32,0.0,1.2,39.36,751.34,0.0,0.0,0.0,4.44,210.84,1.15
2019-07-07 08:30:00,188,8.5,1,2612,1,0,2402.5,3,35.0,33.36,253.11,424.87,589.4,351.14,0.5765,202.42,273.35,315.66,148.72,-42.3,106.42,14.18,16.91,0.0,1.2,39.36,751.34,0.0,0.0,0.0,4.44,110.86,0.6047
2019-07-07 08:30:00,188,8.5,2,2612,1,0,2402.5,3,35.0,33.36,278.15,424.87,589.4,385.86,0.5765,222.43,273.35,315.66,163.43,-42.3,121.13,14.18,16.91,0.0,1.2,39.36,751.34,0.0,0.0,0.0,4.44,125.57,0.6849
2019-07-07 08:30:00,188,8.5,3,2610,1,0,2402.5,3,35.0,33.41,274.53,424.87,589.4,380.84,0.5765,219.56,273.35,315.66,161.28,-42.3,118.98,14.18,16.92,0.0,1.2,39.36,751.34,0.0,0.0,0.0,4.44,123.42,0.6732
2019-07-07 08:30:00,188,8.5,4,2583,1,0,2402.5,3,35.0,34.12,356.08,424.87,589.4,493.97,0.5772,285.12,273.35,315.66,208.85,-42.3,166.55,14.18,17.1,0.0,1.2,39.36,751.34,0.0,0.0,0.0,4.44,170.99,0.9327
2019-07-07 08:30:00,188,8.5,5,2583,1,0,2402.5,3,35.0,34.12,370.47,424.87,589.4,513.94,0.5772,296.64,273.35,315.66,217.3,-42.3,174.99,14.18,17.1,0.0,1.2,39.36,751.34,0.0,0.0,0.0,4.44,179.44,0.9788
2019-07-07 08:30:00,188,8.5,6,2546,1,0,2402.5,3,35.0,35.08,393.95,424.87,589.4,546.52,0.5781,315.96,273.35,315.66,230.56,-42.3,188.26,14.18,17.34,0.0,1.2,39.36,751.34,0.0,0.0,0.0,4.44,192.7,1.0511
2019-07-07 08:30:00,188,8.5,7,2546,1,0,2402.5,3,35.0,35.08,431.18,424.87,589.4,598.16,0.5781,345.81,273.35,315.66,252.34,-42.3,210.04,14.18,17.34,0.0,1.2,39.36,751.34,0.0,0.0,0.0,4.44,214.48,1.1699
2019-07-07 08:30:00,188,8.5,8,2639,1,0,2402.5,3,35.0,32.66,266.45,424.87,589.4,369.63,0.5758,212.82,273.35,315.66,156.81,-42.3,114.5,14.18,16.73,0.0,1.2,39.36,751.34,0.0,0.0,0.0,4.44,118.95,0.6488
2019-07-07 08:30:00,188,8.5,9,2610,1,0,2402.5,3,35.0,33.41,221.04,424.87,589.4,306.63,0.5765,176.78,273.35,315.66,129.86,-42.3,87.55,14.18,16.92,0.0,1.2,39.36,751.34,0.0,0.0,0.0,4.44,92.0,0.5018
2019-07-07 08:30:00,188,8.5,10,2579,1,0,2402.5,3,35.0,34.22,323.73,424.87,589.4,449.1,0.5773,259.26,273.35,315.66,189.84,-42.3,147.53,14.18,17.12,0.0,1.2,39.36,751.34,0.0,0.0,0.0,4.44,151.98,0.829
2019-07-07 08:30:00,188,8.5,11,2579,1,0,2402.5,3,35.0,34.22,337.66,424.87,589.4,468.42,0.5773,270.42,273.35,315.66,198.0,-42.3,155.7,14.18,17.12,0.0,1.2,39.36,751.34,0.0,0.0,0.0,4.44,160.15,0.8735
2019-07-07 08:30:00,188,8.5,12,2546,1,0,2402.5,3,35.0,35.08,263.71,424.87,589.4,365.83,0.5781,211.5,273.35,315.66,154.33,-42.3,112.03,14.18,17.34,0.0,1.2,39.36,751.34,0.0,0.0,0.0,4.44,116.48,0.6353
2019-07-07 08:30:00,188,8.5,13,2530,1,0,2402.5,3,35.0,35.49,284.52,424.87,589.4,394.71,0.5785,228.35,273.35,315.66,166.35,-42.3,124.05,14.18,17.44,0.0,1.2,39.36,751.34,0.0,0.0,0.0,4.44,128.5,0.7009
2019-07-07 08:30:00,188,8.5,14,2530,1,0,2402.5,3,35.0,35.49,282.7,424.87,589.4,392.18,0.5785,226.89,273.35,315.66,165.29,-42.3,122.99,14.18,17.44,0.0,1.2,39.36,751.34,0.0,0.0,0.0,4.44,127.43,0.6951
2019-07-07 08:30:00,188,8.5,15,2494,1,0,2402.5,3,35.0,36.43,307.48,424.87,589.4,426.56,0.5795,247.17,273.35,315.66,179.39,-42.3,137.08,14.18,17.67,0.0,1.2,39.36,751.34,0.0,0.0,0.0,4.44,141.53,0.772
2019-07-07 08:30:00,188,8.5,16,2494,1,0,2402.5,3,35.0,36.43,318.58,424.87,589.4,441.95,0.5795,256.09,273.35,315.66,185.86,-42.3,143.56,14.18,17.67,0.0,1.2,39.36,751.34,0.0,0.0,0.0,4.44,148.0,0.8073
2019-07-07 08:30:00,188,8.5,17,2462,1,0,2402.5,3,35.0,37.26,325.31,424.87,589.4,451.29,0.5803,261.87,273.35,315.66,189.42,-42.3,147.12,14.18,17.88,0.0,1.2,39.36,751.34,0.0,0.0,0.0,4.44,151.57,0.8267
2019-07-07 08:30:00,188,8.5,18,2630,1,0,2402.5,3,35.0,32.89,363.59,424.87,589.4,504.39,0.576,290.53,273.35,315.66,213.86,-42.3,171.56,14.18,16.79,0.0,1.2,39.36,751.34,0.0,0.0,0.0,4.44,176.0,0.96
2019-07-07 08:30:00,188,8.5,19,2630,1,0,2402.5,3,35.0,32.89,295.13,424.87,589.4,409.42,0.576,235.83,273.35,315.66,173.59,-42.3,131.29,14.18,16.79,0.0,1.2,39.36,751.34,0.0,0.0,0.0,4.44,135.74,0.7404
2019-07-07 08:30:00,188,8.5,20,2604,1,0,2402.5,3,35.0,33.57,191.32,424.87,589.4,265.41,0.5767,153.05,273.35,315.66,112.36,-42.3,70.06,14.18,16.96,0.0,1.2,39.36,751.34,0.0,0.0,0.0,4.44,74.5,0.4064
2019-07-07 08:30:00,188,8.5,21,2563,1,0,2402.5,3,35.0,34.64,195.1,424.87,589.4,270.65,0.5777,156.36,273.35,315.66,114.3,-42.3,71.99,14.18,17.23,0.0,1.2,39.36,751.34,0.0,0.0,0.0,4.44,76.44,0.4169
2019-07-07 08:30:00,188,8.5,22,2556,1,0,2402.5,3,35.0,34.82,305.58,424.87,589.4,423.92,0.5779,244.97,273.35,315.66,178.94,-42.3,136.64,14.18,17.27,0.0,1.2,39.36,751.34,0.0,0.0,0.0,4.44,141.09,0.7696
2019-07-07 08:30:00,188,8.5,23,2549,1,0,2402.5,3,35.0,35.0,424.87,424.87,589.4,589.4,0.5781,340.71,273.35,315.66,248.69,-42.3,206.39,14.18,17.32,0.0,1.2,39.36,751.34,0.0,0.0,0.0,4.44,210.84,1.15
2019-07-07 08:30:00,188,8.5,24,2549,1,0,2402.5,3,35.0,35.0,453.82,424.87,589.4,629.56,0.5781,363.92,273.35,315.66,265.64,-42.3,223.34,14.18,17.32,0.0,1.2,39.36,751.34,0.0,0.0,0.0,4.44,227.78,1.2424
2019-07-07 08:30:00,188,8.5,25,2524,1,0,2402.5,3,35.0,35.65,432.18,424.87,589.4,599.54,0.5787,346.95,273.35,315.66,252.59,-42.3,210.29,14.18,17.48,0.0,1.2,39.36,751.34,0.0,0.0,0.0,4.44,214.73,1.1713
2019-07-07 08:30:00,188,8.5,26,2502,1,0,2402.5,3,35.0,36.22,465.82,424.87,589.4,646.22,0.5792,374.32,273.35,315.66,271.9,-42.3,229.59,14.18,17.62,0.0,1.2,39.36,751.34,0.0,0.0,0.0,4.44,234.04,1.2766
2019-07-07 08:30:00,188,8.5,27,2502,1,0,2402.5,3,35.0,36.22,458.06,424.87,589.4,635.45,0.5792,368.09,273.35,315.66,267.37,-42.3,225.07,14.18,17.62,0.0,1.2,39.36,751.34,0.0,0.0,0.0,4.44,229.51,1.2519
2019-07-07 08:30:00,188,8.5,28,2477,1,0,2402.5,3,35.0,36.87,486.62,424.87,589.4,675.06,0.5799,391.46,273.35,315.66,283.61,-42.3,241.3,14.18,17.79,0.0,1.2,39.36,751.34,0.0,0.0,0.0,4.44,245.75,1.3404
2019-07-07 08:30:00,188,8.5,29,2477,1,0,2402.5,3,35.0,36.87,509.75,424.87,589.4,707.16,0.5799,410.07,273.35,315.66,297.09,-42.3,254.79,14.18,17.79,0.0,1.2,39.36,751.34,0.0,0.0,0.0,4.44,259.23,1.414
2019-07-07 08:30:00,188,8.5,30,2440,1,0,2402.5,3,35.0,37.83,560.36,424.87,589.4,777.37,0.5808,451.51,273.35,315.66,325.86,-42.3,283.55,14.18,18.03,0.0,1.2,39.36,751.34,0.0,0.0,0.0,4.44,288.0,1.5709
2019-07-07 08:30:00,188,8.5,31,2620,1,0,2402.5,3,35.0,33.15,608.86,424.87,589.4,844.65,0.5763,486.73,273.35,315.66,357.91,-42.3,315.61,14.18,16.86,0.0,1.2,39.36,751.34,0.0,0.0,0.0,4.44,320.06,1.7458
2019-07-07 08:30:00,188,8.5,32,2576,1,0,2402.5,3,35.0,34.3,299.32,424.87,589.4,415.24,0.5774,239.75,273.35,315.66,175.49,-42.3,133.19,14.18,17.14,0.0,1.2,39.36,751.34,0.0,0.0,0.0,4.44,137.63,0.7507
2019-07-07 08:30:00,188,8.5,33,2576,1,0,2402.5,3,35.0,34.3,344.4,424.87,589.4,477.77,0.5774,275.85,273.35,315.66,201.92,-42.3,159.62,14.18,17.14,0.0,1.2,39.36,751.34,0.0,0.0,0.0,4.44,164.06,0.8949
2019-07-07 08:30:00,188,8.5,34,2576,1,0,2402.5,3,35.0,34.3,312.72,424.87,589.4,433.82,0.5774,250.48,273.35,315.66,183.34,-42.3,141.04,14.18,17.14,0.0,1.2,39.36,751.34,0.0,0.0,0.0,4.44,145.49,0.7936
2019-07-07 08:30:00,188,8.5,35,2556,1,0,2402.5,3,35.0,34.82,295.44,424.87,589.4,409.86,0.5779,236.85,273.35,315.66,173.01,-42.3,130.71,14.18,17.27,0.0,1.2,39.36,751.34,0.0,0.0,0.0,4.44,135.15,0.7372
2019-07-07 08:30:00,188,8.5,36,2533,1,0,2402.5,3,35.0,35.42,399.53,424.87,589.4,554.26,0.5785,320.62,273.35,315.66,233.64,-42.3,191.34,14.18,17.42,0.0,1.2,39.36,751.34,0.0,0.0,0.0,4.44,195.78,1.0679
2019-07-07 08:30:00,188,8.5,37,2532,1,0,2402.5,3,35.0,35.44,532.37,424.87,589.4,738.53,0.5785,427.23,273.35,315.66,311.3,-42.3,269.0,14.18,17.43,0.0,1.2,39.36,751.34,0.0,0.0,0.0,4.44,273.44,1.4915
2019-07-07 08:30:00,188,8.5,38,2534,1,0,2402.5,3,35.0,35.39,595.59,424.87,589.4,826.24,0.5784,477.93,273.35,315.66,348.31,-42.3,306.01,14.18,17.41,0.0,1.2,39.36,751.34,0.0,0.0,0.0,4.44,310.45,1.6934
2019-07-07 08:30:00,188,8.5,39,2534,1,0,2402.5,3,35.0,35.39,612.3,424.87,589.4,849.42,0.5784,491.33,273.35,315.66,358.08,-42.3,315.78,14.18,17.41,0.0,1.2,39.36,751.34,0.0,0.0,0.0,4.44,320.22,1.7467
2019-07-07 08:30:00,188,8.5,40,2515,1,0,2402.5,3,35.0,35.88,600.43,424.87,589.4,832.96,0.5789,482.21,273.35,315.66,350.74,-42.3,308.44,14.18,17.54,0.0,1.2,39.36,751.34,0.0,0.0,0.0,4.44,312.88,1.7066
2019-07-07 08:30:00,188,8.5,41,2487,1,0,2402.5,3,35.0,36.61,639.4,424.87,589.4,887.01,0.5796,514.14,273.35,315.66,372.87,-42.3,330.57,14.18,17.72,0.0,1.2,39.36,751.34,0.0,0.0,0.0,4.44,335.02,1.8274
2019-07-07 08:30:00,188,8.5,42,2487,1,0,2402.5,3,35.0,36.61,615.6,424.87,589.4,854.0,0.5796,495.0,273.35,315.66,359.0,-42.3,316.69,14.18,17.72,0.0,1.2,39.36,751.34,0.0,0.0,0.0,4.44,321.14,1.7517
2019-07-07 08:30:00,188,8.5,43,2464,1,0,2402.5,3,35.0,37.21,585.53,424.87,589.4,812.29,0.5802,471.3,273.35,315.66,340.99,-42.3,298.69,14.18,17.87,0.0,1.2,39.36,751.34,0.0,0.0,0.0,4.44,303.13,1.6534
2019-07-07 08:30:00,188,8.5,44,2555,1,0,2402.5,3,35.0,34.84,413.17,424.87,589.4,573.17,0.5779,331.24,273.35,315.66,241.93,-42.3,199.63,14.18,17.28,0.0,1.2,39.36,751.34,0.0,0.0,0.0,4.44,204.07,1.1131
2019-07-07 08:30:00,188,8.5,45,2555,1,0,2402.5,3,35.0,34.84,478.29,424.87,589.4,663.51,0.5779,383.45,273.35,315.66,280.07,-42.3,237.76,14.18,17.28,0.0,1.2,39.36,751.34,0.0,0.0,0.0,4.44,242.21,1.3211
2019-07-07 08:30:00,188,8.5,46,2555,1,0,2402.5,3,35.0,34.84,437.16,424.87,589.4,606.46,0.5779,350.48,273.35,315.66,255.98,-42.3,213.68,14.18,17.28,0.0,1.2,39.36,751.34,0.0,0.0,0.0,4.44,218.13,1.1898
2019-07-07 08:30:00,188,8.5,47,2530,1,0,2402.5,3,35.0,35.49,406.63,424.87,589.4,564.1,0.5785,326.36,273.35,315.66,237.75,-42.3,195.45,14.18,17.44,0.0,1.2,39.36,751.34,0.0,0.0,0.0,4.44,199.89,1.0903
2019-07-07 08:30:00,188,8.5,48,2510,1,0,2402.5,3,35.0,36.01,518.7,424.87,589.4,719.58,0.579,416.67,273.35,315.66,302.91,-42.3,260.61,14.18,17.57,0.0,1.2,39.36,751.34,0.0,0.0,0.0,4.44,265.05,1.4457
2019-07-07 08:30:00,188,8.5,49,2534,1,0,2402.5,3,35.0,35.39,681.38,424.87,589.4,945.25,0.5784,546.76,273.35,315.66,398.48,-42.3,356.18,14.18,17.41,0.0,1.2,39.36,751.34,0.0,0.0,0.0,4.44,360.62,1.967
2019-07-07 08:30:00,188,8.5,50,2531,1,0,2402.5,3,35.0,35.47,468.31,424.87,589.4,649.66,0.5785,375.84,273.35,315.66,273.83,-42.3,231.52,14.18,17.43,0.0,1.2,39.36,751.34,0.0,0.0,0.0,4.44,235.97,1.2871
2019-07-07 08:30:00,188,8.5,51,2531,1,0,2402.5,3,35.0,35.47,573.23,424.87,589.4,795.21,0.5785,460.04,273.35,315.66,335.17,-42.3,292.87,14.18,17.43,0.0,1.2,39.36,751.34,0.0,0.0,0.0,4.44,297.31,1.6217
2019-07-07 08:30:00,188,8.5,52,2531,1,0,2402.5,3,35.0,35.47,534.76,424.87,589.4,741.85,0.5785,429.17,273.35,315.66,312.68,-42.3,270.38,14.18,17.43,0.0,1.2,39.36,751.34,0.0,0.0,0.0,4.44,274.82,1.499
2019-07-07 08:30:00,188,8.5,53,2507,1,0,2402.5,3,35.0,36.09,517.12,424.87,589.4,717.38,0.5791,415.45,273.35,315.66,301.93,-42.3,259.63,14.18,17.59,0.0,1.2,39.36,751.34,0.0,0.0,0.0,4.44,264.07,1.4404
2019-07-07 08:30:00,188,8.5,54,2494,1,0,2402.5,3,35.0,36.43,633.33,424.87,589.4,878.6,0.5795,509.1,273.35,315.66,369.49,-42.3,327.19,14.18,17.67,0.0,1.2,39.36,751.34,0.0,0.0,0.0,4.44,331.64,1.8089
2019-07-07 08:30:00,188,8.5,55,2531,1,0,2402.5,3,35.0,35.47,568.73,424.87,589.4,788.98,0.5785,456.44,273.35,315.66,332.55,-42.3,290.24,14.18,17.43,0.0,1.2,39.36,751.34,0.0,0.0,0.0,4.44,294.69,1.6074
2019-07-07 08:30:00,188,8.5,56,2531,1,0,2402.5,3,35.0,35.47,534.32,424.87,589.4,741.24,0.5785,428.82,273.35,315.66,312.42,-42.3,270.12,14.18,17.43,0.0,1.2,39.36,751.34,0.0,0.0,0.0,4.44,274.56,1.4976
2019-07-07 08:30:00,188,8.5,57,2507,1,0,2402.5,3,35.0,36.09,512.24,424.87,589.4,710.61,0.5791,411.53,273.35,315.66,299.08,-42.3,256.78,14.18,17.59,0.0,1.2,39.36,751.34,0.0,0.0,0.0,4.44,261.22,1.4248
2019-07-07 08:30:00,188,8.5,58,2494,1,0,2402.5,3,35.0,36.43,608.05,424.87,589.4,843.52,0.5795,488.78,273.35,315.66,354.74,-42.3,312.44,14.18,17.67,0.0,1.2,39.36,751.34,0.0,0.0,0.0,4.44,316.88,1.7285
2019-07-07 08:30:00,188,8.5,59,2506,1,0,2402.5,3,35.0,36.12,568.34,424.87,589.4,788.44,0.5791,456.62,273.35,315.66,331.82,-42.3,289.51,14.18,17.6,0.0,1.2,39.36,751.34,0.0,0.0,0.0,4.44,293.96,1.6034
2019-07-07 08:30:00,188,8.5,60,2506,1,0,2402.5,3,35.0,36.12,536.58,424.87,589.4,744.37,0.5791,431.1,273.35,315.66,313.27,-42.3,270.97,14.18,17.6,0.0,1.2,39.36,751.34,0.0,0.0,0.0,4.44,275.41,1.5023
2019-07-07 08:30:00,188,8.5,61,2485,1,0,2402.5,3,35.0,36.66,490.18,424.87,589.4,680.0,0.5797,394.18,273.35,315.66,285.82,-42.3,243.52,14.18,17.73,0.0,1.2,39.36,751.34,0.0,0.0,0.0,4.44,247.96,1.3525
2019-07-07 08:30:00,188,8.5,62,2469,1,0,2402.5,3,35.0,37.08,545.17,424.87,589.4,756.29,0.5801,438.71,273.35,315.66,317.58,-42.3,275.28,14.18,17.84,0.0,1.2,39.36,751.34,0.0,0.0,0.0,4.44,279.72,1.5258
2019-07-07 08:30:00,188,8.5,63,2506,1,0,2402.5,3,35.0,36.12,454.51,424.87,589.4,630.52,0.5791,365.17,273.35,315.66,265.36,-42.3,223.05,14.18,17.6,0.0,1.2,39.36,751.34,0.0,0.0,0.0,4.44,227.5,1.2409
2019-07-07 08:30:00,188,8.5,64,2506,1,0,2402.5,3,35.0,36.12,604.06,424.87,589.4,837.98,0.5791,485.31,273.35,315.66,352.67,-42.3,310.36,14.18,17.6,0.0,1.2,39.36,751.34,0.0,0.0,0.0,4.44,314.81,1.7171
2019-07-07 08:30:00,188,8.5,65,2506,1,0,2402.5,3,35.0,36.12,583.63,424.87,589.4,809.65,0.5791,468.9,273.35,315.66,340.74,-42.3,298.44,14.18,17.6,0.0,1.2,39.36,751.34,0.0,0.0,0.0,4.44,302.88,1.6521
2019-07-07 08:30:00,188,8.5,66,2485,1,0,2402.5,3,35.0,36.66,550.19,424.87,589.4,763.25,0.5797,442.44,273.35,315.66,320.81,-42.3,278.51,14.18,17.73,0.0,1.2,39.36,751.34,0.0,0.0,0.0,4.44,282.95,1.5434
2019-07-07 08:30:00,188,8.5,67,2455,1,0,2402.5,3,35.0,37.44,621.25,424.87,589.4,861.83,0.5804,500.24,273.35,315.66,361.59,-42.3,319.29,14.18,17.93,0.0,1.2,39.36,751.34,0.0,0.0,0.0,4.44,323.73,1.7658
2019-07-07 08:30:00,188,8.5,68,2489,1,0,2402.5,3,35.0,36.56,433.34,424.87,589.4,601.15,0.5796,348.42,273.35,315.66,252.74,-42.3,210.44,14.18,17.71,0.0,1.2,39.36,751.34,0.0,0.0,0.0,4.44,214.88,1.1721
2019-07-07 08:30:00,188,8.5,69,2489,1,0,2402.5,3,35.0,36.56,585.99,424.87,589.4,812.92,0.5796,471.15,273.35,315.66,341.77,-42.3,299.47,14.18,17.71,0.0,1.2,39.36,751.34,0.0,0.0,0.0,4.44,303.91,1.6577
2019-07-07 08:30:00,188,8.5,70,2489,1,0,2402.5,3,35.0,36.56,562.8,424.87,589.4,780.76,0.5796,452.51,273.35,315.66,328.25,-42.3,285.94,14.18,17.71,0.0,1.2,39.36,751.34,0.0,0.0,0.0,4.44,290.39,1.5839
2019-07-07 08:30:00,188,8.5,71,2477,1,0,2402.5,3,35.0,36.87,533.57,424.87,589.4,740.19,0.5799,429.23,273.35,315.66,310.97,-42.3,268.67,14.18,17.79,0.0,1.2,39.36,751.34,0.0,0.0,0.0,4.44,273.11,1.4897
2019-07-07 08:30:00,188,8.5,72,2455,1,0,2402.5,3,35.0,37.44,624.4,424.87,589.4,866.21,0.5804,502.78,273.35,315.66,363.43,-42.3,321.12,14.18,17.93,0.0,1.2,39.36,751.34,0.0,0.0,0.0,4.44,325.57,1.7758
2019-07-07 08:30:00,188,8.5,73,2485,1,0,2402.5,3,35.0,36.66,445.77,424.87,589.4,618.4,0.5797,358.47,273.35,315.66,259.93,-42.3,217.62,14.18,17.73,0.0,1.2,39.36,751.34,0.0,0.0,0.0,4.44,222.07,1.2113
2019-07-07 08:30:00,188,8.5,74,2485,1,0,2402.5,3,35.0,36.66,630.05,424.87,589.4,874.05,0.5797,506.67,273.35,315.66,367.38,-42.3,325.08,14.18,17.73,0.0,1.2,39.36,751.34,0.0,0.0,0.0,4.44,329.52,1.7974
2019-07-07 08:30:00,188,8.5,75,2485,1,0,2402.5,3,35.0,36.66,579.37,424.87,589.4,803.73,0.5797,465.91,273.35,315.66,337.83,-42.3,295.52,14.18,17.73,0.0,1.2,39.36,751.34,0.0,0.0,0.0,4.44,299.97,1.6362
2019-07-07 08:30:00,188,8.5,76,2466,1,0,2402.5,3,35.0,37.16,479.3,424.87,589.4,664.91,0.5802,385.75,273.35,315.66,279.16,-42.3,236.85,14.18,17.86,0.0,1.2,39.36,751.34,0.0,0.0,0.0,4.44,241.3,1.3162
2019-07-07 08:30:00,188,8.5,77,2445,1,0,2402.5,3,35.0,37.7,507.78,424.87,589.4,704.43,0.5807,409.06,273.35,315.66,295.37,-42.3,253.07,14.18,17.99,0.0,1.2,39.36,751.34,0.0,0.0,0.0,4.44,257.51,1.4046
2019-07-07 08:30:00,188,8.5,78,2478,1,0,2402.5,3,35.0,36.85,629.93,424.87,589.4,873.88,0.5799,506.72,273.35,315.66,367.15,-42.3,324.85,14.18,17.78,0.0,1.2,39.36,751.34,0.0,0.0,0.0,4.44,329.3,1.7962
2019-07-07 08:30:00,188,8.5,79,2478,1,0,2402.5,3,35.0,36.85,560.88,424.87,589.4,778.08,0.5799,451.18,273.35,315.66,326.91,-42.3,284.6,14.18,17.78,0.0,1.2,39.36,751.34,0.0,0.0,0.0,4.44,289.05,1.5766
2019-07-07 08:30:00,188,8.5,80,2449,1,0,2402.5,3,35.0,37.6,436.44,424.87,589.4,605.45,0.5806,351.52,273.35,315.66,253.93,-42.3,211.63,14.18,17.97,0.0,1.2,39.36,751.34,0.0,0.0,0.0,4.44,216.07,1.1786
2019-07-07 08:30:00,188,8.5,81,2412,1,0,2402.5,3,35.0,38.56,465.39,424.87,589.4,645.61,0.5815,375.44,273.35,315.66,270.17,-42.3,227.87,14.18,18.21,0.0,1.2,39.36,751.34,0.0,0.0,0.0,4.44,232.31,1.2672
2019-07-07 08:30:00,188,8.5,82,2443,1,0,2402.5,3,35.0,37.76,426.07,424.87,589.4,591.07,0.5807,343.26,273.35,315.66,247.81,-42.3,205.51,14.18,18.01,0.0,1.2,39.36,751.34,0.0,0.0,0.0,4.44,209.95,1.1452
2019-07-07 08:30:00,188,8.5,83,2474,1,0,2402.5,3,35.0,36.95,668.48,424.87,589.4,927.36,0.58,537.83,273.35,315.66,389.53,-42.3,347.23,14.18,17.8,0.0,1.2,39.36,751.34,0.0,0.0,0.0,4.44,351.67,1.9182
2019-07-07 08:30:00,188,8.5,84,2474,1,0,2402.5,3,35.0,36.95,580.99,424.87,589.4,805.98,0.58,467.44,273.35,315.66,338.55,-42.3,296.24,14.18,17.8,0.0,1.2,39.36,751.34,0.0,0.0,0.0,4.44,300.69,1.6401
2019-07-07 08:30:00,188,8.5,85,2436,1,0,2402.5,3,35.0,37.94,442.31,424.87,589.4,613.6,0.5809,356.45,273.35,315.66,257.14,-42.3,214.84,14.18,18.05,0.0,1.2,39.36,751.34,0.0,0.0,0.0,4.44,219.29,1.1961
2019-07-07 08:30:00,188,8.5,86,2397,0,0,2402.5,3,35.0,38.95,464.83,424.87,589.4,644.84,0.2445,157.64,273.35,315.66,487.2,-42.3,444.9,14.18,18.3,0.0,1.2,39.36,751.34,0.0,0.0,0.0,24.44,469.34,2.5218
2019-07-07 08:30:00,188,8.5,87,2415,1,0,2402.5,3,35.0,38.48,442.91,424.87,589.4,614.43,0.5815,357.26,273.35,315.66,257.17,-42.3,214.87,14.18,18.19,0.0,1.2,39.36,751.34,0.0,0.0,0.0,4.44,219.31,1.1962
2019-07-07 08:30:00,188,8.5,88,2476,1,0,2402.5,3,35.0,36.9,633.09,424.87,589.4,878.27,0.5799,509.31,273.35,315.66,368.95,-42.3,326.65,14.18,17.79,0.0,1.2,39.36,751.34,0.0,0.0,0.0,4.44,331.1,1.806
2019-07-07 08:30:00,188,8.5,89,2428,1,0,2402.5,3,35.0,38.15,448.92,424.87,589.4,622.77,0.5811,361.9,273.35,315.66,260.86,-42.3,218.56,14.18,18.1,0.0,1.2,39.36,751.34,0.0,0.0,0.0,4.44,223.0,1.2164
2019-07-07 08:30:00,188,8.5,90,2377,0,0,2402.5,3,35.0,39.47,464.61,424.87,589.4,644.54,0.245,157.89,273.35,315.66,486.65,-42.3,444.34,14.18,18.43,0.0,1.2,39.36,751.34,0.0,0.0,0.0,24.44,468.79,2.5189
2019-07-07 08:30:00,188,8.5,91,2378,0,0,2402.5,3,35.0,39.45,460.12,424.87,589.4,638.3,0.2449,156.35,273.35,315.66,481.95,-42.3,439.65,14.18,18.43,0.0,1.2,39.36,751.34,0.0,0.0,0.0,24.44,464.1,2.4937
2019-07-07 08:30:00,188,8.5,92,2496,1,0,2402.5,3,35.0,36.38,747.68,424.87,589.4,1037.23,0.5794,600.97,273.35,315.66,436.26,-42.3,393.96,14.18,17.66,0.0,1.2,39.36,751.34,0.0,0.0,0.0,4.44,398.4,2.1731
2019-07-07 08:30:00,188,8.5,93,2423,1,0,2402.5,3,35.0,38.28,384.65,424.87,589.4,533.61,0.5813,310.16,273.35,315.66,223.45,-42.3,181.14,14.18,18.14,0.0,1.2,39.36,751.34,0.0,0.0,0.0,4.44,185.59,1.0123
2019-07-07 08:30:00,188,8.5,95,2372,0,0,2402.5,3,35.0,39.6,503.03,424.87,589.4,697.83,0.2451,171.03,273.35,315.66,526.8,-42.3,484.5,14.18,18.47,0.0,1.2,39.36,751.34,0.0,0.0,0.0,24.44,508.94,2.7346
2019-07-07 08:30:00,188,8.5,97,2358,0,0,2402.5,3,35.0,39.97,551.46,424.87,589.4,765.02,0.2454,187.77,273.35,315.66,577.25,-42.3,534.95,14.18,18.56,0.0,1.2,39.36,751.34,0.0,0.0,0.0,24.44,559.39,3.0057
2019-07-07 08:30:00,188,8.5,98,2554,1,0,2402.5,3,35.0,34.87,716.71,424.87,589.4,994.26,0.5779,574.61,273.35,315.66,419.65,-42.3,377.35,14.18,17.28,0.0,1.2,39.36,751.34,0.0,0.0,0.0,4.44,381.79,2.0825
2019-07-07 08:30:00,188,8.5,99,2451,1,0,2402.5,3,35.0,37.55,435.84,424.87,589.4,604.62,0.5805,351.01,273.35,315.66,253.62,-42.3,211.31,14.18,17.95,0.0,1.2,39.36,751.34,0.0,0.0,0.0,4.44,215.76,1.1769
2019-07-07 08:30:00,188,8.5,100,2361,0,0,2402.5,3,35.0,39.89,473.19,424.87,589.4,656.44,0.2454,161.07,273.35,315.66,495.37,-42.3,453.07,14.18,18.54,0.0,1.2,39.36,751.34,0.0,0.0,0.0,24.44,477.51,2.5657
2019-07-07 09:00:00,188,9.0,94,2563,1,0,2402.5,3,35.0,34.64,266.02,499.86,658.4,350.39,0.5777,202.42,277.66,315.66,147.97,-38.0,109.97,16.82,17.23,0.0,2.07,32.9,751.41,0.0,0.0,0.0,4.44,114.41,0.6241
2019-07-07 09:00:00,188,9.0,96,2549,1,0,2402.5,3,35.0,35.0,499.86,499.86,658.4,658.4,0.5781,380.59,277.66,315.66,277.81,-38.0,239.81,16.82,17.32,0.0,2.07,32.9,751.41,0.0,0.0,0.0,4.44,244.25,1.3323
2019-07-07 09:00:00,188,9.0,1,2612,1,0,2402.5,3,35.0,33.36,325.17,499.86,658.4,428.3,0.5765,246.9,277.66,315.66,181.4,-38.0,143.4,16.82,16.91,0.0,2.07,32.9,751.41,0.0,0.0,0.0,4.44,147.84,0.8064
2019-07-07 09:00:00,188,9.0,2,2612,1,0,2402.5,3,35.0,33.36,356.73,499.86,658.4,469.87,0.5765,270.86,277.66,315.66,199.01,-38.0,161.01,16.82,16.91,0.0,2.07,32.9,751.41,0.0,0.0,0.0,4.44,165.45,0.9025
2019-07-07 09:00:00,188,9.0,3,2610,1,0,2402.5,3,35.0,33.41,338.44,499.86,658.4,445.78,0.5765,257.0,277.66,315.66,188.78,-38.0,150.78,16.82,16.92,0.0,2.07,32.9,751.41,0.0,0.0,0.0,4.44,155.23,0.8467
2019-07-07 09:00:00,188,9.0,4,2583,1,0,2402.5,3,35.0,34.12,426.18,499.86,658.4,561.35,0.5772,324.01,277.66,315.66,237.34,-38.0,199.34,16.82,17.1,0.0,2.07,32.9,751.41,0.0,0.0,0.0,4.44,203.79,1.1116
2019-07-07 09:00:00,188,9.0,5,2583,1,0,2402.5,3,35.0,34.12,432.24,499.86,658.4,569.34,0.5772,328.62,277.66,315.66,240.72,-38.0,202.72,16.82,17.1,0.0,2.07,32.9,751.41,0.0,0.0,0.0,4.44,207.16,1.13
2019-07-07 09:00:00,188,9.0,6,2546,1,0,2402.5,3,35.0,35.08,454.06,499.86,658.4,598.07,0.5781,345.77,277.66,315.66,252.31,-38.0,214.31,16.82,17.34,0.0,2.07,32.9,751.41,0.0,0.0,0.0,4.44,218.75,1.1932
2019-07-07 09:00:00,188,9.0,7,2546,1,0,2402.5,3,35.0,35.08,487.55,499.86,658.4,642.18,0.5781,371.26,277.66,315.66,270.91,-38.0,232.91,16.82,17.34,0.0,2.07,32.9,751.41,0.0,0.0,0.0,4.44,237.36,1.2947
2019-07-07 09:00:00,188,9.0,8,2639,1,0,2402.5,3,35.0,32.66,339.36,499.86,658.4,447.0,0.5758,257.37,277.66,315.66,189.63,-38.0,151.62,16.82,16.73,0.0,2.07,32.9,751.41,0.0,0.0,0.0,4.44,156.07,0.8513
2019-07-07 09:00:00,188,9.0,9,2610,1,0,2402.5,3,35.0,33.41,287.51,499.86,658.4,378.7,0.5765,218.32,277.66,315.66,160.38,-38.0,122.37,16.82,16.92,0.0,2.07,32.9,751.41,0.0,0.0,0.0,4.44,126.82,0.6917
2019-07-07 09:00:00,188,9.0,10,2579,1,0,2402.5,3,35.0,34.22,395.72,499.86,658.4,521.23,0.5773,300.91,277.66,315.66,220.33,-38.0,182.33,16.82,17.12,0.0,2.07,32.9,751.41,0.0,0.0,0.0,4.44,186.77,1.0187
2019-07-07 09:00:00,188,9.0,11,2579,1,0,2402.5,3,35.0,34.22,410.83,499.86,658.4,541.13,0.5773,312.39,277.66,315.66,228.74,-38.0,190.74,16.82,17.12,0.0,2.07,32.9,751.41,0.0,0.0,0.0,4.44,195.18,1.0646
2019-07-07 09:00:00,188,9.0,12,2546,1,0,2402.5,3,35.0,35.08,329.57,499.86,658.4,434.1,0.5781,250.97,277.66,315.66,183.13,-38.0,145.13,16.82,17.34,0.0,2.07,32.9,751.41,0.0,0.0,0.0,4.44,149.58,0.8159
2019-07-07 09:00:00,188,9.0,13,2530,1,0,2402.5,3,35.0,35.49,362.06,499.86,658.4,476.9,0.5785,275.9,277.66,315.66,200.99,-38.0,162.99,16.82,17.44,0.0,2.07,32.9,751.41,0.0,0.0,0.0,4.44,167.44,0.9133
2019-07-07 09:00:00,188,9.0,14,2530,1,0,2402.5,3,35.0,35.49,353.1,499.86,658.4,465.09,0.5785,269.07,277.66,315.66,196.02,-38.0,158.02,16.82,17.44,0.0,2.07,32.9,751.41,0.0,0.0,0.0,4.44,162.46,0.8861
2019-07-07 09:00:00,188,9.0,15,2494,1,0,2402.5,3,35.0,36.43,376.39,499.86,658.4,495.76,0.5795,287.27,277.66,315.66,208.49,-38.0,170.49,16.82,17.67,0.0,2.07,32.9,751.41,0.0,0.0,0.0,4.44,174.94,0.9542
2019-07-07 09:00:00,188,9.0,16,2494,1,0,2402.5,3,35.0,36.43,386.26,499.86,658.4,508.76,0.5795,294.8,277.66,315.66,213.96,-38.0,175.96,16.82,17.67,0.0,2.07,32.9,751.41,0.0,0.0,0.0,4.44,180.4,0.984
2019-07-07 09:00:00,188,9.0,17,2462,1,0,2402.5,3,35.0,37.26,395.1,499.86,658.4,520.42,0.5803,301.98,277.66,315.66,218.44,-38.0,180.44,16.82,17.88,0.0,2.07,32.9,751.41,0.0,0.0,0.0,4.44,184.88,1.0084
2019-07-07 09:00:00,188,9.0,18,2630,1,0,2402.5,3,35.0,32.89,449.21,499.86,658.4,591.68,0.576,340.81,277.66,315.66,250.87,-38.0,212.87,16.82,16.79,0.0,2.07,32.9,751.41,0.0,0.0,0.0,4.44,217.31,1.1853
2019-07-07 09:00:00,188,9.0,19,2630,1,0,2402.5,3,35.0,32.89,374.9,499.86,658.4,493.8,0.576,284.43,277.66,315.66,209.37,-38.0,171.37,16.82,16.79,0.0,2.07,32.9,751.41,0.0,0.0,0.0,4.44,175.81,0.959
2019-07-07 09:00:00,188,9.0,20,2604,1,0,2402.5,3,35.0,33.57,258.75,499.86,658.4,340.81,0.5767,196.53,277.66,315.66,144.28,-38.0,106.28,16.82,16.96,0.0,2.07,32.9,751.41,0.0,0.0,0.0,4.44,110.72,0.6039
2019-07-07 09:00:00,188,9.0,21,2563,1,0,2402.5,3,35.0,34.64,266.02,499.86,658.4,350.39,0.5777,202.42,277.66,315.66,147.97,-38.0,109.97,16.82,17.23,0.0,2.07,32.9,751.41,0.0,0.0,0.0,4.44,114.41,0.6241
2019-07-07 09:00:00,188,9.0,22,2556,1,0,2402.5,3,35.0,34.82,381.29,499.86,658.4,502.22,0.5779,290.22,277.66,315.66,212.0,-38.0,174.0,16.82,17.27,0.0,2.07,32.9,751.41,0.0,0.0,0.0,4.44,178.44,0.9733
2019-07-07 09:00:00,188,9.0,23,2549,1,0,2402.5,3,35.0,35.0,499.86,499.86,658.4,658.4,0.5781,380.59,277.66,315.66,277.81,-38.0,239.81,16.82,17.32,0.0,2.07,32.9,751.41,0.0,0.0,0.0,4.44,244.25,1.3323
2019-07-07 09:00:00,188,9.0,24,2549,1,0,2402.5,3,35.0,35.0,518.24,499.86,658.4,682.61,0.5781,394.59,277.66,315.66,288.02,-38.0,250.02,16.82,17.32,0.0,2.07,32.9,751.41,0.0,0.0,0.0,4.44,254.47,1.388
2019-07-07 09:00:00,188,9.0,25,2524,1,0,2402.5,3,35.0,35.65,484.28,499.86,658.4,637.88,0.5787,369.13,277.66,315.66,268.74,-38.0,230.74,16.82,17.48,0.0,2.07,32.9,751.41,0.0,0.0,0.0,4.44,235.19,1.2828
2019-07-07 09:00:00,188,9.0,26,2502,1,0,2402.5,3,35.0,36.22,531.43,499.86,658.4,699.99,0.5792,405.47,277.66,315.66,294.52,-38.0,256.52,16.82,17.62,0.0,2.07,32.9,751.41,0.0,0.0,0.0,4.44,260.96,1.4234
2019-07-07 09:00:00,188,9.0,27,2502,1,0,2402.5,3,35.0,36.22,521.01,499.86,658.4,686.26,0.5792,397.51,277.66,315.66,288.74,-38.0,250.74,16.82,17.62,0.0,2.07,32.9,751.41,0.0,0.0,0.0,4.44,255.19,1.3919
2019-07-07 09:00:00,188,9.0,28,2477,1,0,2402.5,3,35.0,36.87,547.43,499.86,658.4,721.05,0.5799,418.12,277.66,315.66,302.93,-38.0,264.92,16.82,17.79,0.0,2.07,32.9,751.41,0.0,0.0,0.0,4.44,269.37,1.4693
2019-07-07 09:00:00,188,9.0,29,2477,1,0,2402.5,3,35.0,36.87,566.41,499.86,658.4,746.06,0.5799,432.63,277.66,315.66,313.43,-38.0,275.43,16.82,17.79,0.0,2.07,32.9,751.41,0.0,0.0,0.0,4.44,279.88,1.5266
2019-07-07 09:00:00,188,9.0,30,2440,1,0,2402.5,3,35.0,37.83,617.04,499.86,658.4,812.75,0.5808,472.06,277.66,315.66,340.69,-38.0,302.69,16.82,18.03,0.0,2.07,32.9,751.41,0.0,0.0,0.0,4.44,307.13,1.6753
2019-07-07 09:00:00,188,9.0,31,2620,1,0,2402.5,3,35.0,33.15,633.65,499.86,658.4,834.62,0.5763,480.96,277.66,315.66,353.66,-38.0,315.66,16.82,16.86,0.0,2.07,32.9,751.41,0.0,0.0,0.0,4.44,320.11,1.746
2019-07-07 09:00:00,188,9.0,32,2576,1,0,2402.5,3,35.0,34.3,362.53,499.86,658.4,477.51,0.5774,275.7,277.66,315.66,201.81,-38.0,163.81,16.82,17.14,0.0,2.07,32.9,751.41,0.0,0.0,0.0,4.44,168.25,0.9177
2019-07-07 09:00:00,188,9.0,33,2576,1,0,2402.5,3,35.0,34.3,429.57,499.86,658.4,565.82,0.5774,326.69,277.66,315.66,239.13,-38.0,201.13,16.82,17.14,0.0,2.07,32.9,751.41,0.0,0.0,0.0,4.44,205.57,1.1213
2019-07-07 09:00:00,188,9.0,34,2576,1,0,2402.5,3,35.0,34.3,387.55,499.86,658.4,510.46,0.5774,294.73,277.66,315.66,215.74,-38.0,177.73,16.82,17.14,0.0,2.07,32.9,751.41,0.0,0.0,0.0,4.44,182.18,0.9937
2019-07-07 09:00:00,188,9.0,35,2556,1,0,2402.5,3,35.0,34.82,355.9,499.86,658.4,468.78,0.5779,270.9,277.66,315.66,197.88,-38.0,159.88,16.82,17.27,0.0,2.07,32.9,751.41,0.0,0.0,0.0,4.44,164.33,0.8963
2019-07-07 09:00:00,188,9.0,36,2533,1,0,2402.5,3,35.0,35.42,467.27,499.86,658.4,615.47,0.5785,356.03,277.66,315.66,259.44,-38.0,221.44,16.82,17.42,0.0,2.07,32.9,751.41,0.0,0.0,0.0,4.44,225.89,1.2321
2019-07-07 09:00:00,188,9.0,37,2532,1,0,2402.5,3,35.0,35.44,607.98,499.86,658.4,800.8,0.5785,463.25,277.66,315.66,337.55,-38.0,299.55,16.82,17.43,0.0,2.07,32.9,751.41,0.0,0.0,0.0,4.44,303.99,1.6581
2019-07-07 09:00:00,188,9.0,38,2534,1,0,2402.5,3,35.0,35.39,666.06,499.86,658.4,877.31,0.5784,507.47,277.66,315.66,369.84,-38.0,331.84,16.82,17.41,0.0,2.07,32.9,751.41,0.0,0.0,0.0,4.44,336.28,1.8343
2019-07-07 09:00:00,188,9.0,39,2534,1,0,2402.5,3,35.0,35.39,670.09,499.86,658.4,882.62,0.5784,510.54,277.66,315.66,372.08,-38.0,334.08,16.82,17.41,0.0,2.07,32.9,751.41,0.0,0.0,0.0,4.44,338.52,1.8465
2019-07-07 09:00:00,188,9.0,40,2515,1,0,2402.5,3,35.0,35.88,641.15,499.86,658.4,844.5,0.5789,488.89,277.66,315.66,355.6,-38.0,317.6,16.82,17.54,0.0,2.07,32.9,751.41,0.0,0.0,0.0,4.44,322.04,1.7566
2019-07-07 09:00:00,188,9.0,41,2487,1,0,2402.5,3,35.0,36.61,687.5,499.86,658.4,905.55,0.5796,524.88,277.66,315.66,380.67,-38.0,342.67,16.82,17.72,0.0,2.07,32.9,751.41,0.0,0.0,0.0,4.44,347.11,1.8933
2019-07-07 09:00:00,188,9.0,42,2487,1,0,2402.5,3,35.0,36.61,665.59,499.86,658.4,876.7,0.5796,508.16,277.66,315.66,368.54,-38.0,330.54,16.82,17.72,0.0,2.07,32.9,751.41,0.0,0.0,0.0,4.44,334.98,1.8272
2019-07-07 09:00:00,188,9.0,43,2464,1,0,2402.5,3,35.0,37.21,638.17,499.86,658.4,840.57,0.5802,487.71,277.66,315.66,352.86,-38.0,314.86,16.82,17.87,0.0,2.07,32.9,751.41,0.0,0.0,0.0,4.44,319.31,1.7417
2019-07-07 09:00:00,188,9.0,44,2555,1,0,2402.5,3,35.0,34.84,461.16,499.86,658.4,607.42,0.5779,351.03,277.66,315.66,256.39,-38.0,218.39,16.82,17.28,0.0,2.07,32.9,751.41,0.0,0.0,0.0,4.44,222.83,1.2154
2019-07-07 09:00:00,188,9.0,45,2555,1,0,2402.5,3,35.0,34.84,555.93,499.86,658.4,732.24,0.5779,423.17,277.66,315.66,309.08,-38.0,271.08,16.82,17.28,0.0,2.07,32.9,751.41,0.0,0.0,0.0,4.44,275.52,1.5028
2019-07-07 09:00:00,188,9.0,46,2555,1,0,2402.5,3,35.0,34.84,503.97,499.86,658.4,663.81,0.5779,383.62,277.66,315.66,280.19,-38.0,242.19,16.82,17.28,0.0,2.07,32.9,751.41,0.0,0.0,0.0,4.44,246.63,1.3453
2019-07-07 09:00:00,188,9.0,47,2530,1,0,2402.5,3,35.0,35.49,463.8,499.86,658.4,610.91,0.5785,353.43,277.66,315.66,257.47,-38.0,219.47,16.82,17.44,0.0,2.07,32.9,751.41,0.0,0.0,0.0,4.44,223.92,1.2214
2019-07-07 09:00:00,188,9.0,48,2510,1,0,2402.5,3,35.0,36.01,590.12,499.86,658.4,777.29,0.579,450.08,277.66,315.66,327.2,-38.0,289.2,16.82,17.57,0.0,2.07,32.9,751.41,0.0,0.0,0.0,4.44,293.65,1.6017
2019-07-07 09:00:00,188,9.0,49,2534,1,0,2402.5,3,35.0,35.39,737.76,499.86,658.4,971.75,0.5784,562.1,277.66,315.66,409.66,-38.0,371.65,16.82,17.41,0.0,2.07,32.9,751.41,0.0,0.0,0.0,4.44,376.1,2.0514
2019-07-07 09:00:00,188,9.0,50,2531,1,0,2402.5,3,35.0,35.47,504.72,499.86,658.4,664.8,0.5785,384.6,277.66,315.66,280.21,-38.0,242.2,16.82,17.43,0.0,2.07,32.9,751.41,0.0,0.0,0.0,4.44,246.65,1.3454
2019-07-07 09:00:00,188,9.0,51,2531,1,0,2402.5,3,35.0,35.47,644.14,499.86,658.4,848.44,0.5785,490.83,277.66,315.66,357.61,-38.0,319.61,16.82,17.43,0.0,2.07,32.9,751.41,0.0,0.0,0.0,4.44,324.05,1.7675
2019-07-07 09:00:00,188,9.0,52,2531,1,0,2402.5,3,35.0,35.47,593.89,499.86,658.4,782.26,0.5785,452.55,277.66,315.66,329.71,-38.0,291.71,16.82,17.43,0.0,2.07,32.9,751.41,0.0,0.0,0.0,4.44,296.15,1.6154
2019-07-07 09:00:00,188,9.0,53,2507,1,0,2402.5,3,35.0,36.09,568.04,499.86,658.4,748.2,0.5791,433.3,277.66,315.66,314.9,-38.0,276.9,16.82,17.59,0.0,2.07,32.9,751.41,0.0,0.0,0.0,4.44,281.35,1.5346
2019-07-07 09:00:00,188,9.0,54,2494,1,0,2402.5,3,35.0,36.43,705.01,499.86,658.4,928.61,0.5795,538.08,277.66,315.66,390.53,-38.0,352.52,16.82,17.67,0.0,2.07,32.9,751.41,0.0,0.0,0.0,4.44,356.97,1.9471
2019-07-07 09:00:00,188,9.0,55,2531,1,0,2402.5,3,35.0,35.47,640.0,499.86,658.4,842.98,0.5785,487.68,277.66,315.66,355.31,-38.0,317.3,16.82,17.43,0.0,2.07,32.9,751.41,0.0,0.0,0.0,4.44,321.75,1.755
2019-07-07 09:00:00,188,9.0,56,2531,1,0,2402.5,3,35.0,35.47,594.12,499.86,658.4,782.56,0.5785,452.72,277.66,315.66,329.84,-38.0,291.84,16.82,17.43,0.0,2.07,32.9,751.41,0.0,0.0,0.0,4.44,296.28,1.6161
2019-07-07 09:00:00,188,9.0,57,2507,1,0,2402.5,3,35.0,36.09,564.87,499.86,658.4,744.03,0.5791,430.88,277.66,315.66,313.15,-38.0,275.15,16.82,17.59,0.0,2.07,32.9,751.41,0.0,0.0,0.0,4.44,279.59,1.525
2019-07-07 09:00:00,188,9.0,58,2494,1,0,2402.5,3,35.0,36.43,686.03,499.86,658.4,903.62,0.5795,523.6,277.66,315.66,380.02,-38.0,342.01,16.82,17.67,0.0,2.07,32.9,751.41,0.0,0.0,0.0,4.44,346.46,1.8898
2019-07-07 09:00:00,188,9.0,59,2506,1,0,2402.5,3,35.0,36.12,639.57,499.86,658.4,842.42,0.5791,487.88,277.66,315.66,354.53,-38.0,316.53,16.82,17.6,0.0,2.07,32.9,751.41,0.0,0.0,0.0,4.44,320.98,1.7508
2019-07-07 09:00:00,188,9.0,60,2506,1,0,2402.5,3,35.0,36.12,597.1,499.86,658.4,786.48,0.5791,455.49,277.66,315.66,330.99,-38.0,292.99,16.82,17.6,0.0,2.07,32.9,751.41,0.0,0.0,0.0,4.44,297.43,1.6224
2019-07-07 09:00:00,188,9.0,61,2485,1,0,2402.5,3,35.0,36.66,542.25,499.86,658.4,714.23,0.5797,414.02,277.66,315.66,300.21,-38.0,262.2,16.82,17.73,0.0,2.07,32.9,751.41,0.0,0.0,0.0,4.44,266.65,1.4544
2019-07-07 09:00:00,188,9.0,62,2469,1,0,2402.5,3,35.0,37.08,626.48,499.86,658.4,825.18,0.5801,478.68,277.66,315.66,346.51,-38.0,308.51,16.82,17.84,0.0,2.07,32.9,751.41,0.0,0.0,0.0,4.44,312.95,1.707
2019-07-07 09:00:00,188,9.0,63,2506,1,0,2402.5,3,35.0,36.12,480.43,499.86,658.4,632.8,0.5791,366.49,277.66,315.66,266.32,-38.0,228.32,16.82,17.6,0.0,2.07,32.9,751.41,0.0,0.0,0.0,4.44,232.76,1.2696
2019-07-07 09:00:00,188,9.0,64,2506,1,0,2402.5,3,35.0,36.12,672.47,499.86,658.4,885.76,0.5791,512.98,277.66,315.66,372.77,-38.0,334.77,16.82,17.6,0.0,2.07,32.9,751.41,0.0,0.0,0.0,4.44,339.22,1.8503
2019-07-07 09:00:00,188,9.0,65,2506,1,0,2402.5,3,35.0,36.12,642.23,499.86,658.4,845.92,0.5791,489.91,277.66,315.66,356.01,-38.0,318.01,16.82,17.6,0.0,2.07,32.9,751.41,0.0,0.0,0.0,4.44,322.45,1.7588
2019-07-07 09:00:00,188,9.0,66,2485,1,0,2402.5,3,35.0,36.66,595.42,499.86,658.4,784.26,0.5797,454.62,277.66,315.66,329.64,-38.0,291.64,16.82,17.73,0.0,2.07,32.9,751.41,0.0,0.0,0.0,4.44,296.08,1.615
2019-07-07 09:00:00,188,9.0,67,2455,1,0,2402.5,3,35.0,37.44,692.28,499.86,658.4,911.85,0.5804,529.27,277.66,315.66,382.57,-38.0,344.57,16.82,17.93,0.0,2.07,32.9,751.41,0.0,0.0,0.0,4.44,349.02,1.9037
2019-07-07 09:00:00,188,9.0,68,2489,1,0,2402.5,3,35.0,36.56,455.53,499.86,658.4,600.0,0.5796,347.75,277.66,315.66,252.25,-38.0,214.25,16.82,17.71,0.0,2.07,32.9,751.41,0.0,0.0,0.0,4.44,218.7,1.1929
2019-07-07 09:00:00,188,9.0,69,2489,1,0,2402.5,3,35.0,36.56,655.81,499.86,658.4,863.81,0.5796,500.65,277.66,315.66,363.17,-38.0,325.16,16.82,17.71,0.0,2.07,32.9,751.41,0.0,0.0,0.0,4.44,329.61,1.7979
2019-07-07 09:00:00,188,9.0,70,2489,1,0,2402.5,3,35.0,36.56,624.82,499.86,658.4,822.98,0.5796,476.98,277.66,315.66,346.0,-38.0,308.0,16.82,17.71,0.0,2.07,32.9,751.41,0.0,0.0,0.0,4.44,312.44,1.7042
2019-07-07 09:00:00,188,9.0,71,2477,1,0,2402.5,3,35.0,36.87,582.56,499.86,658.4,767.33,0.5799,444.96,277.66,315.66,322.37,-38.0,284.37,16.82,17.79,0.0,2.07,32.9,751.41,0.0,0.0,0.0,4.44,288.81,1.5753
2019-07-07 09:00:00,188,9.0,72,2455,1,0,2402.5,3,35.0,37.44,693.33,499.86,658.4,913.22,0.5804,530.07,277.66,315.66,383.15,-38.0,345.15,16.82,17.93,0.0,2.07,32.9,751.41,0.0,0.0,0.0,4.44,349.6,1.9069
2019-07-07 09:00:00,188,9.0,73,2485,1,0,2402.5,3,35.0,36.66,459.32,499.86,658.4,605.0,0.5797,350.7,277.66,315.66,254.29,-38.0,216.29,16.82,17.73,0.0,2.07,32.9,751.41,0.0,0.0,0.0,4.44,220.74,1.204
2019-07-07 09:00:00,188,9.0,74,2485,1,0,2402.5,3,35.0,36.66,696.24,499.86,658.4,917.07,0.5797,531.61,277.66,315.66,385.46,-38.0,347.46,16.82,17.73,0.0,2.07,32.9,751.41,0.0,0.0,0.0,4.44,351.91,1.9195
2019-07-07 09:00:00,188,9.0,75,2485,1,0,2402.5,3,35.0,36.66,637.64,499.86,658.4,839.87,0.5797,486.86,277.66,315.66,353.02,-38.0,315.01,16.82,17.73,0.0,2.07,32.9,751.41,0.0,0.0,0.0,4.44,319.46,1.7425
2019-07-07 09:00:00,188,9.0,76,2466,1,0,2402.5,3,35.0,37.16,529.26,499.86,658.4,697.12,0.5802,404.44,277.66,315.66,292.68,-38.0,254.68,16.82,17.86,0.0,2.07,32.9,751.41,0.0,0.0,0.0,4.44,259.12,1.4134
2019-07-07 09:00:00,188,9.0,77,2445,1,0,2402.5,3,35.0,37.7,584.17,499.86,658.4,769.44,0.5807,446.81,277.66,315.66,322.63,-38.0,284.63,16.82,17.99,0.0,2.07,32.9,751.41,0.0,0.0,0.0,4.44,289.08,1.5768
2019-07-07 09:00:00,188,9.0,78,2478,1,0,2402.5,3,35.0,36.85,696.12,499.86,658.4,916.9,0.5799,531.67,277.66,315.66,385.23,-38.0,347.23,16.82,17.78,0.0,2.07,32.9,751.41,0.0,0.0,0.0,4.44,351.67,1.9182
2019-07-07 09:00:00,188,9.0,79,2478,1,0,2402.5,3,35.0,36.85,614.85,499.86,658.4,809.86,0.5799,469.6,277.66,315.66,340.26,-38.0,302.26,16.82,17.78,0.0,2.07,32.9,751.41,0.0,0.0,0.0,4.44,306.7,1.6729
2019-07-07 09:00:00,188,9.0,80,2449,1,0,2402.5,3,35.0,37.6,478.53,499.86,658.4,630.3,0.5806,365.95,277.66,315.66,264.35,-38.0,226.35,16.82,17.97,0.0,2.07,32.9,751.41,0.0,0.0,0.0,4.44,230.79,1.2589
2019-07-07 09:00:00,188,9.0,81,2412,1,0,2402.5,3,35.0,38.56,539.33,499.86,658.4,710.39,0.5815,413.11,277.66,315.66,297.28,-38.0,259.27,16.82,18.21,0.0,2.07,32.9,751.41,0.0,0.0,0.0,4.44,263.72,1.4385
2019-07-07 09:00:00,188,9.0,82,2443,1,0,2402.5,3,35.0,37.76,525.11,499.86,658.4,691.66,0.5807,401.68,277.66,315.66,289.98,-38.0,251.98,16.82,18.01,0.0,2.07,32.9,751.41,0.0,0.0,0.0,4.44,256.42,1.3987
2019-07-07 09:00:00,188,9.0,83,2474,1,0,2402.5,3,35.0,36.95,731.23,499.86,658.4,963.14,0.58,558.58,277.66,315.66,404.56,-38.0,366.56,16.82,17.8,0.0,2.07,32.9,751.41,0.0,0.0,0.0,4.44,371.0,2.0237
2019-07-07 09:00:00,188,9.0,84,2474,1,0,2402.5,3,35.0,36.95,626.86,499.86,658.4,825.68,0.58,478.86,277.66,315.66,346.82,-38.0,308.82,16.82,17.8,0.0,2.07,32.9,751.41,0.0,0.0,0.0,4.44,313.26,1.7087
2019-07-07 09:00:00,188,9.0,85,2436,1,0,2402.5,3,35.0,37.94,472.47,499.86,658.4,622.32,0.5809,361.52,277.66,315.66,260.8,-38.0,222.8,16.82,18.05,0.0,2.07,32.9,751.41,0.0,0.0,0.0,4.44,227.24,1.2395
2019-07-07 09:00:00,188,9.0,86,2397,0,0,2402.5,3,35.0,38.95,528.76,499.86,658.4,696.47,0.2445,170.26,277.66,315.66,526.21,-38.0,488.21,16.82,18.3,0.0,2.07,32.9,751.41,0.0,0.0,0.0,24.44,512.65,2.7546
2019-07-07 09:00:00,188,9.0,87,2415,1,0,2402.5,3,35.0,38.48,530.9,499.86,658.4,699.28,0.5815,406.6,277.66,315.66,292.68,-38.0,254.68,16.82,18.19,0.0,2.07,32.9,751.41,0.0,0.0,0.0,4.44,259.13,1.4134
2019-07-07 09:00:00,188,9.0,88,2476,1,0,2402.5,3,35.0,36.9,664.61,499.86,658.4,875.4,0.5799,507.65,277.66,315.66,367.75,-38.0,329.75,16.82,17.79,0.0,2.07,32.9,751.41,0.0,0.0,0.0,4.44,334.19,1.8229
2019-07-07 09:00:00,188,9.0,89,2428,1,0,2402.5,3,35.0,38.15,465.7,499.86,658.4,613.4,0.5811,356.46,277.66,315.66,256.94,-38.0,218.94,16.82,18.1,0.0,2.07,32.9,751.41,0.0,0.0,0.0,4.44,223.38,1.2184
2019-07-07 09:00:00,188,9.0,90,2377,0,0,2402.5,3,35.0,39.47,514.6,499.86,658.4,677.81,0.245,166.04,277.66,315.66,511.77,-38.0,473.76,16.82,18.43,0.0,2.07,32.9,751.41,0.0,0.0,0.0,24.44,498.21,2.6769
2019-07-07 09:00:00,188,9.0,91,2378,0,0,2402.5,3,35.0,39.45,539.24,499.86,658.4,710.27,0.2449,173.97,277.66,315.66,536.3,-38.0,498.3,16.82,18.43,0.0,2.07,32.9,751.41,0.0,0.0,0.0,24.44,522.74,2.8087
2019-07-07 09:00:00,188,9.0,92,2496,1,0,2402.5,3,35.0,36.38,750.18,499.86,658.4,988.11,0.5794,572.51,277.66,315.66,415.6,-38.0,377.6,16.82,17.66,0.0,2.07,32.9,751.41,0.0,0.0,0.0,4.44,382.04,2.0839
2019-07-07 09:00:00,188,9.0,93,2423,1,0,2402.5,3,35.0,38.28,406.99,499.86,658.4,536.08,0.5813,311.6,277.66,315.66,224.48,-38.0,186.48,16.82,18.14,0.0,2.07,32.9,751.41,0.0,0.0,0.0,4.44,190.92,1.0414
2019-07-07 09:00:00,188,9.0,95,2372,0,0,2402.5,3,35.0,39.6,534.0,499.86,658.4,703.37,0.2451,172.39,277.66,315.66,530.98,-38.0,492.97,16.82,18.47,0.0,2.07,32.9,751.41,0.0,0.0,0.0,24.44,517.42,2.7802
2019-07-07 09:00:00,188,9.0,97,2358,0,0,2402.5,3,35.0,39.97,618.03,499.86,658.4,814.04,0.2454,199.81,277.66,315.66,614.24,-38.0,576.24,16.82,18.56,0.0,2.07,32.9,751.41,0.0,0.0,0.0,24.44,600.68,3.2275
2019-07-07 09:00:00,188,9.0,98,2554,1,0,2402.5,3,35.0,34.87,709.34,499.86,658.4,934.32,0.5779,539.97,277.66,315.66,394.35,-38.0,356.35,16.82,17.28,0.0,2.07,32.9,751.41,0.0,0.0,0.0,4.44,360.79,1.968
2019-07-07 09:00:00,188,9.0,99,2451,1,0,2402.5,3,35.0,37.55,476.46,499.86,658.4,627.58,0.5805,364.34,277.66,315.66,263.24,-38.0,225.24,16.82,17.95,0.0,2.07,32.9,751.41,0.0,0.0,0.0,4.44,229.69,1.2528
2019-07-07 09:00:00,188,9.0,100,2361,0,0,2402.5,3,35.0,39.89,487.19,499.86,658.4,641.7,0.2454,157.46,277.66,315.66,484.25,-38.0,446.25,16.82,18.54,0.0,2.07,32.9,751.41,0.0,0.0,0.0,24.44,470.69,2.5291
2019-07-07 09:30:00,188,9.5,94,2563,1,0,2402.5,3,35.0,34.64,339.8,572.78,711.0,421.8,0.5777,243.68,277.29,315.66,178.13,-38.37,139.76,15.75,17.23,0.0,1.77,36.27,751.26,0.0,0.0,0.0,4.44,144.2,0.7865
2019-07-07 09:30:00,188,9.5,96,2549,1,0,2402.5,3,35.0,35.0,572.78,572.78,711.0,711.0,0.5781,411.0,277.29,315.66,300.0,-38.37,261.63,15.75,17.32,0.0,1.77,36.27,751.26,0.0,0.0,0.0,4.44,266.08,1.4513
2019-07-07 09:30:00,188,9.5,1,2612,1,0,2402.5,3,35.0,33.36,398.88,572.78,711.0,495.14,0.5765,285.43,277.29,315.66,209.71,-38.37,171.34,15.75,16.91,0.0,1.77,36.27,751.26,0.0,0.0,0.0,4.44,175.79,0.9588
2019-07-07 09:30:00,188,9.5,2,2612,1,0,2402.5,3,35.0,33.36,436.27,572.78,711.0,541.56,0.5765,312.18,277.29,315.66,229.37,-38.37,191.0,15.75,16.91,0.0,1.77,36.27,751.26,0.0,0.0,0.0,4.44,195.44,1.0661
2019-07-07 09:30:00,188,9.5,3,2610,1,0,2402.5,3,35.0,33.41,403.77,572.78,711.0,501.21,0.5765,288.95,277.29,315.66,212.26,-38.37,173.89,15.75,16.92,0.0,1.77,36.27,751.26,0.0,0.0,0.0,4.44,178.33,0.9727
2019-07-07 09:30:00,188,9.5,4,2583,1,0,2402.5,3,35.0,34.12,495.85,572.78,711.0,615.5,0.5772,355.26,277.29,315.66,260.24,-38.37,221.87,15.75,17.1,0.0,1.77,36.27,751.26,0.0,0.0,0.0,4.44,226.31,1.2344
2019-07-07 09:30:00,188,9.5,5,2583,1,0,2402.5,3,35.0,34.12,493.47,572.78,711.0,612.55,0.5772,353.56,277.29,315.66,258.99,-38.37,220.62,15.75,17.1,0.0,1.77,36.27,751.26,0.0,0.0,0.0,4.44,225.06,1.2276
2019-07-07 09:30:00,188,9.5,6,2546,1,0,2402.5,3,35.0,35.08,513.14,572.78,711.0,636.97,0.5781,368.25,277.29,315.66,268.72,-38.37,230.35,15.75,17.34,0.0,1.77,36.27,751.26,0.0,0.0,0.0,4.44,234.79,1.2807
2019-07-07 09:30:00,188,9.5,7,2546,1,0,2402.5,3,35.0,35.08,542.14,572.78,711.0,672.97,0.5781,389.07,277.29,315.66,283.91,-38.37,245.53,15.75,17.34,0.0,1.77,36.27,751.26,0.0,0.0,0.0,4.44,249.98,1.3635
2019-07-07 09:30:00,188,9.5,8,2639,1,0,2402.5,3,35.0,32.66,413.65,572.78,711.0,513.47,0.5758,295.64,277.29,315.66,217.83,-38.37,179.46,15.75,16.73,0.0,1.77,36.27,751.26,0.0,0.0,0.0,4.44,183.9,1.0031
2019-07-07 09:30:00,188,9.5,9,2610,1,0,2402.5,3,35.0,33.41,356.44,572.78,711.0,442.46,0.5765,255.08,277.29,315.66,187.38,-38.37,149.01,15.75,16.92,0.0,1.77,36.27,751.26,0.0,0.0,0.0,4.44,153.45,0.837
2019-07-07 09:30:00,188,9.5,10,2579,1,0,2402.5,3,35.0,34.22,467.91,572.78,711.0,580.82,0.5773,335.31,277.29,315.66,245.52,-38.37,207.15,15.75,17.12,0.0,1.77,36.27,751.26,0.0,0.0,0.0,4.44,211.59,1.1541
2019-07-07 09:30:00,188,9.5,11,2579,1,0,2402.5,3,35.0,34.22,483.87,572.78,711.0,600.63,0.5773,346.74,277.29,315.66,253.89,-38.37,215.52,15.75,17.12,0.0,1.77,36.27,751.26,0.0,0.0,0.0,4.44,219.96,1.1998
2019-07-07 09:30:00,188,9.5,12,2546,1,0,2402.5,3,35.0,35.08,397.03,572.78,711.0,492.84,0.5781,284.93,277.29,315.66,207.91,-38.37,169.54,15.75,17.34,0.0,1.77,36.27,751.26,0.0,0.0,0.0,4.44,173.99,0.949
2019-07-07 09:30:00,188,9.5,13,2530,1,0,2402.5,3,35.0,35.49,440.45,572.78,711.0,546.74,0.5785,316.31,277.29,315.66,230.43,-38.37,192.06,15.75,17.44,0.0,1.77,36.27,751.26,0.0,0.0,0.0,4.44,196.51,1.0718
2019-07-07 09:30:00,188,9.5,14,2530,1,0,2402.5,3,35.0,35.49,424.58,572.78,711.0,527.04,0.5785,304.92,277.29,315.66,222.13,-38.37,183.76,15.75,17.44,0.0,1.77,36.27,751.26,0.0,0.0,0.0,4.44,188.2,1.0266
2019-07-07 09:30:00,188,9.5,15,2494,1,0,2402.5,3,35.0,36.43,445.9,572.78,711.0,553.5,0.5795,320.72,277.29,315.66,232.77,-38.37,194.4,15.75,17.67,0.0,1.77,36.27,751.26,0.0,0.0,0.0,4.44,198.85,1.0846
2019-07-07 09:30:00,188,9.5,16,2494,1,0,2402.5,3,35.0,36.43,454.34,572.78,711.0,563.97,0.5795,326.8,277.29,315.66,237.18,-38.37,198.81,15.75,17.67,0.0,1.77,36.27,751.26,0.0,0.0,0.0,4.44,203.25,1.1087
2019-07-07 09:30:00,188,9.5,17,2462,1,0,2402.5,3,35.0,37.26,465.1,572.78,711.0,577.33,0.5803,335.0,277.29,315.66,242.33,-38.37,203.96,15.75,17.88,0.0,1.77,36.27,751.26,0.0,0.0,0.0,4.44,208.4,1.1367
2019-07-07 09:30:00,188,9.5,18,2630,1,0,2402.5,3,35.0,32.89,533.73,572.78,711.0,662.53,0.576,381.62,277.29,315.66,280.91,-38.37,242.54,15.75,16.79,0.0,1.77,36.27,751.26,0.0,0.0,0.0,4.44,246.99,1.3472
2019-07-07 09:30:00,188,9.5,19,2630,1,0,2402.5,3,35.0,32.89,455.23,572.78,711.0,565.09,0.576,325.49,277.29,315.66,239.6,-38.37,201.22,15.75,16.79,0.0,1.77,36.27,751.26,0.0,0.0,0.0,4.44,205.67,1.1218
2019-07-07 09:30:00,188,9.5,20,2604,1,0,2402.5,3,35.0,33.57,329.2,572.78,711.0,408.65,0.5767,235.65,277.29,315.66,173.0,-38.37,134.63,15.75,16.96,0.0,1.77,36.27,751.26,0.0,0.0,0.0,4.44,139.07,0.7586
2019-07-07 09:30:00,188,9.5,21,2563,1,0,2402.5,3,35.0,34.64,339.8,572.78,711.0,421.8,0.5777,243.68,277.29,315.66,178.13,-38.37,139.76,15.75,17.23,0.0,1.77,36.27,751.26,0.0,0.0,0.0,4.44,144.2,0.7865
2019-07-07 09:30:00,188,9.5,22,2556,1,0,2402.5,3,35.0,34.82,457.47,572.78,711.0,567.86,0.5779,328.15,277.29,315.66,239.71,-38.37,201.34,15.75,17.27,0.0,1.77,36.27,751.26,0.0,0.0,0.0,4.44,205.78,1.1224
2019-07-07 09:30:00,188,9.5,23,2549,1,0,2402.5,3,35.0,35.0,572.78,572.78,711.0,711.0,0.5781,411.0,277.29,315.66,300.0,-38.37,261.63,15.75,17.32,0.0,1.77,36.27,751.26,0.0,0.0,0.0,4.44,266.08,1.4513
2019-07-07 09:30:00,188,9.5,24,2549,1,0,2402.5,3,35.0,35.0,580.24,572.78,711.0,720.26,0.5781,416.35,277.29,315.66,303.91,-38.37,265.54,15.75,17.32,0.0,1.77,36.27,751.26,0.0,0.0,0.0,4.44,269.98,1.4726
2019-07-07 09:30:00,188,9.5,25,2524,1,0,2402.5,3,35.0,35.65,534.66,572.78,711.0,663.69,0.5787,384.07,277.29,315.66,279.62,-38.37,241.25,15.75,17.48,0.0,1.77,36.27,751.26,0.0,0.0,0.0,4.44,245.69,1.3401
2019-07-07 09:30:00,188,9.5,26,2502,1,0,2402.5,3,35.0,36.22,594.31,572.78,711.0,737.72,0.5792,427.32,277.29,315.66,310.4,-38.37,272.03,15.75,17.62,0.0,1.77,36.27,751.26,0.0,0.0,0.0,4.44,276.47,1.508
2019-07-07 09:30:00,188,9.5,27,2502,1,0,2402.5,3,35.0,36.22,581.45,572.78,711.0,721.77,0.5792,418.08,277.29,315.66,303.68,-38.37,265.31,15.75,17.62,0.0,1.77,36.27,751.26,0.0,0.0,0.0,4.44,269.76,1.4714
2019-07-07 09:30:00,188,9.5,28,2477,1,0,2402.5,3,35.0,36.87,605.14,572.78,711.0,751.17,0.5799,435.59,277.29,315.66,315.58,-38.37,277.21,15.75,17.79,0.0,1.77,36.27,751.26,0.0,0.0,0.0,4.44,281.65,1.5363
2019-07-07 09:30:00,188,9.5,29,2477,1,0,2402.5,3,35.0,36.87,619.54,572.78,711.0,769.04,0.5799,445.95,277.29,315.66,323.09,-38.37,284.72,15.75,17.79,0.0,1.77,36.27,751.26,0.0,0.0,0.0,4.44,289.16,1.5772
2019-07-07 09:30:00,188,9.5,30,2440,1,0,2402.5,3,35.0,37.83,669.02,572.78,711.0,830.47,0.5808,482.35,277.29,315.66,348.12,-38.37,309.75,15.75,18.03,0.0,1.77,36.27,751.26,0.0,0.0,0.0,4.44,314.19,1.7138
2019-07-07 09:30:00,188,9.5,31,2620,1,0,2402.5,3,35.0,33.15,653.24,572.78,711.0,810.88,0.5763,467.28,277.29,315.66,343.61,-38.37,305.23,15.75,16.86,0.0,1.77,36.27,751.26,0.0,0.0,0.0,4.44,309.68,1.6892
2019-07-07 09:30:00,188,9.5,32,2576,1,0,2402.5,3,35.0,34.3,426.64,572.78,711.0,529.6,0.5774,305.78,277.29,315.66,223.82,-38.37,185.45,15.75,17.14,0.0,1.77,36.27,751.26,0.0,0.0,0.0,4.44,189.9,1.0358
2019-07-07 09:30:00,188,9.5,33,2576,1,0,2402.5,3,35.0,34.3,514.07,572.78,711.0,638.13,0.5774,368.44,277.29,315.66,269.69,-38.37,231.32,15.75,17.14,0.0,1.77,36.27,751.26,0.0,0.0,0.0,4.44,235.76,1.286
2019-07-07 09:30:00,188,9.5,34,2576,1,0,2402.5,3,35.0,34.3,462.72,572.78,711.0,574.38,0.5774,331.63,277.29,315.66,242.75,-38.37,204.38,15.75,17.14,0.0,1.77,36.27,751.26,0.0,0.0,0.0,4.44,208.82,1.139
2019-07-07 09:30:00,188,9.5,35,2556,1,0,2402.5,3,35.0,34.82,417.41,572.78,711.0,518.14,0.5779,299.42,277.29,315.66,218.72,-38.37,180.35,15.75,17.27,0.0,1.77,36.27,751.26,0.0,0.0,0.0,4.44,184.79,1.008
2019-07-07 09:30:00,188,9.5,36,2533,1,0,2402.5,3,35.0,35.42,533.68,572.78,711.0,662.46,0.5785,383.21,277.29,315.66,279.25,-38.37,240.88,15.75,17.42,0.0,1.77,36.27,751.26,0.0,0.0,0.0,4.44,245.33,1.3381
2019-07-07 09:30:00,188,9.5,37,2532,1,0,2402.5,3,35.0,35.44,679.05,572.78,711.0,842.91,0.5785,487.61,277.29,315.66,355.3,-38.37,316.93,15.75,17.43,0.0,1.77,36.27,751.26,0.0,0.0,0.0,4.44,321.37,1.7529
2019-07-07 09:30:00,188,9.5,38,2534,1,0,2402.5,3,35.0,35.39,730.68,572.78,711.0,907.0,0.5784,524.64,277.29,315.66,382.36,-38.37,343.99,15.75,17.41,0.0,1.77,36.27,751.26,0.0,0.0,0.0,4.44,348.43,1.9005
2019-07-07 09:30:00,188,9.5,39,2534,1,0,2402.5,3,35.0,35.39,721.97,572.78,711.0,896.19,0.5784,518.39,277.29,315.66,377.8,-38.37,339.43,15.75,17.41,0.0,1.77,36.27,751.26,0.0,0.0,0.0,4.44,343.88,1.8757
2019-07-07 09:30:00,188,9.5,40,2515,1,0,2402.5,3,35.0,35.88,676.5,572.78,711.0,839.76,0.5789,486.15,277.29,315.66,353.61,-38.37,315.24,15.75,17.54,0.0,1.77,36.27,751.26,0.0,0.0,0.0,4.44,319.68,1.7437
2019-07-07 09:30:00,188,9.5,41,2487,1,0,2402.5,3,35.0,36.61,729.22,572.78,711.0,905.19,0.5796,524.67,277.29,315.66,380.52,-38.37,342.15,15.75,17.72,0.0,1.77,36.27,751.26,0.0,0.0,0.0,4.44,346.59,1.8905
2019-07-07 09:30:00,188,9.5,42,2487,1,0,2402.5,3,35.0,36.61,709.73,572.78,711.0,881.0,0.5796,510.66,277.29,315.66,370.35,-38.37,331.98,15.75,17.72,0.0,1.77,36.27,751.26,0.0,0.0,0.0,4.44,336.42,1.835
2019-07-07 09:30:00,188,9.5,43,2464,1,0,2402.5,3,35.0,37.21,685.6,572.78,711.0,851.05,0.5802,493.79,277.29,315.66,357.26,-38.37,318.89,15.75,17.87,0.0,1.77,36.27,751.26,0.0,0.0,0.0,4.44,323.33,1.7636
2019-07-07 09:30:00,188,9.5,44,2555,1,0,2402.5,3,35.0,34.84,507.91,572.78,711.0,630.47,0.5779,364.35,277.29,315.66,266.12,-38.37,227.75,15.75,17.28,0.0,1.77,36.27,751.26,0.0,0.0,0.0,4.44,232.19,1.2665
2019-07-07 09:30:00,188,9.5,45,2555,1,0,2402.5,3,35.0,34.84,630.2,572.78,711.0,782.28,0.5779,452.08,277.29,315.66,330.2,-38.37,291.83,15.75,17.28,0.0,1.77,36.27,751.26,0.0,0.0,0.0,4.44,296.27,1.616
2019-07-07 09:30:00,188,9.5,46,2555,1,0,2402.5,3,35.0,34.84,568.64,572.78,711.0,705.87,0.5779,407.92,277.29,315.66,297.94,-38.37,259.57,15.75,17.28,0.0,1.77,36.27,751.26,0.0,0.0,0.0,4.44,264.02,1.4401
2019-07-07 09:30:00,188,9.5,47,2530,1,0,2402.5,3,35.0,35.49,519.73,572.78,711.0,645.15,0.5785,373.24,277.29,315.66,271.9,-38.37,233.53,15.75,17.44,0.0,1.77,36.27,751.26,0.0,0.0,0.0,4.44,237.98,1.2981
2019-07-07 09:30:00,188,9.5,48,2510,1,0,2402.5,3,35.0,36.01,657.45,572.78,711.0,816.1,0.579,472.56,277.29,315.66,343.54,-38.37,305.17,15.75,17.57,0.0,1.77,36.27,751.26,0.0,0.0,0.0,4.44,309.62,1.6888
2019-07-07 09:30:00,188,9.5,49,2534,1,0,2402.5,3,35.0,35.39,786.6,572.78,711.0,976.42,0.5784,564.8,277.29,315.66,411.62,-38.37,373.25,15.75,17.41,0.0,1.77,36.27,751.26,0.0,0.0,0.0,4.44,377.7,2.0602
2019-07-07 09:30:00,188,9.5,50,2531,1,0,2402.5,3,35.0,35.47,538.82,572.78,711.0,668.85,0.5785,386.94,277.29,315.66,281.91,-38.37,243.54,15.75,17.43,0.0,1.77,36.27,751.26,0.0,0.0,0.0,4.44,247.98,1.3526
2019-07-07 09:30:00,188,9.5,51,2531,1,0,2402.5,3,35.0,35.47,709.72,572.78,711.0,880.99,0.5785,509.66,277.29,315.66,371.33,-38.37,332.95,15.75,17.43,0.0,1.77,36.27,751.26,0.0,0.0,0.0,4.44,337.4,1.8404
2019-07-07 09:30:00,188,9.5,52,2531,1,0,2402.5,3,35.0,35.47,648.89,572.78,711.0,805.48,0.5785,465.98,277.29,315.66,339.5,-38.37,301.13,15.75,17.43,0.0,1.77,36.27,751.26,0.0,0.0,0.0,4.44,305.57,1.6668
2019-07-07 09:30:00,188,9.5,53,2507,1,0,2402.5,3,35.0,36.09,615.37,572.78,711.0,763.87,0.5791,442.37,277.29,315.66,321.5,-38.37,283.12,15.75,17.59,0.0,1.77,36.27,751.26,0.0,0.0,0.0,4.44,287.57,1.5686
2019-07-07 09:30:00,188,9.5,54,2494,1,0,2402.5,3,35.0,36.43,769.86,572.78,711.0,955.65,0.5795,553.75,277.29,315.66,401.9,-38.37,363.53,15.75,17.67,0.0,1.77,36.27,751.26,0.0,0.0,0.0,4.44,367.97,2.0071
2019-07-07 09:30:00,188,9.5,55,2531,1,0,2402.5,3,35.0,35.47,706.01,572.78,711.0,876.39,0.5785,507.0,277.29,315.66,369.39,-38.37,331.02,15.75,17.43,0.0,1.77,36.27,751.26,0.0,0.0,0.0,4.44,335.46,1.8298
2019-07-07 09:30:00,188,9.5,56,2531,1,0,2402.5,3,35.0,35.47,649.79,572.78,711.0,806.59,0.5785,466.62,277.29,315.66,339.97,-38.37,301.6,15.75,17.43,0.0,1.77,36.27,751.26,0.0,0.0,0.0,4.44,306.04,1.6693
2019-07-07 09:30:00,188,9.5,57,2507,1,0,2402.5,3,35.0,36.09,614.0,572.78,711.0,762.17,0.5791,441.39,277.29,315.66,320.78,-38.37,282.41,15.75,17.59,0.0,1.77,36.27,751.26,0.0,0.0,0.0,4.44,286.85,1.5647
2019-07-07 09:30:00,188,9.5,58,2494,1,0,2402.5,3,35.0,36.43,757.58,572.78,711.0,940.4,0.5795,544.92,277.29,315.66,395.49,-38.37,357.11,15.75,17.67,0.0,1.77,36.27,751.26,0.0,0.0,0.0,4.44,361.56,1.9721
2019-07-07 09:30:00,188,9.5,59,2506,1,0,2402.5,3,35.0,36.12,705.56,572.78,711.0,875.82,0.5791,507.23,277.29,315.66,368.59,-38.37,330.22,15.75,17.6,0.0,1.77,36.27,751.26,0.0,0.0,0.0,4.44,334.66,1.8254
2019-07-07 09:30:00,188,9.5,60,2506,1,0,2402.5,3,35.0,36.12,653.4,572.78,711.0,811.08,0.5791,469.73,277.29,315.66,341.35,-38.37,302.98,15.75,17.6,0.0,1.77,36.27,751.26,0.0,0.0,0.0,4.44,307.42,1.6768
2019-07-07 09:30:00,188,9.5,61,2485,1,0,2402.5,3,35.0,36.66,591.31,572.78,711.0,734.0,0.5797,425.49,277.29,315.66,308.52,-38.37,270.15,15.75,17.73,0.0,1.77,36.27,751.26,0.0,0.0,0.0,4.44,274.59,1.4978
2019-07-07 09:30:00,188,9.5,62,2469,1,0,2402.5,3,35.0,37.08,702.74,572.78,711.0,872.32,0.5801,506.02,277.29,315.66,366.3,-38.37,327.93,15.75,17.84,0.0,1.77,36.27,751.26,0.0,0.0,0.0,4.44,332.37,1.813
2019-07-07 09:30:00,188,9.5,63,2506,1,0,2402.5,3,35.0,36.12,504.38,572.78,711.0,626.1,0.5791,362.6,277.29,315.66,263.5,-38.37,225.13,15.75,17.6,0.0,1.77,36.27,751.26,0.0,0.0,0.0,4.44,229.57,1.2522
2019-07-07 09:30:00,188,9.5,64,2506,1,0,2402.5,3,35.0,36.12,734.89,572.78,711.0,912.23,0.5791,528.31,277.29,315.66,383.92,-38.37,345.54,15.75,17.6,0.0,1.77,36.27,751.26,0.0,0.0,0.0,4.44,349.99,1.909
2019-07-07 09:30:00,188,9.5,65,2506,1,0,2402.5,3,35.0,36.12,695.56,572.78,711.0,863.41,0.5791,500.04,277.29,315.66,363.37,-38.37,325.0,15.75,17.6,0.0,1.77,36.27,751.26,0.0,0.0,0.0,4.44,329.44,1.797
2019-07-07 09:30:00,188,9.5,66,2485,1,0,2402.5,3,35.0,36.66,636.38,572.78,711.0,789.96,0.5797,457.92,277.29,315.66,332.03,-38.37,293.66,15.75,17.73,0.0,1.77,36.27,751.26,0.0,0.0,0.0,4.44,298.11,1.626
2019-07-07 09:30:00,188,9.5,67,2455,1,0,2402.5,3,35.0,37.44,756.8,572.78,711.0,939.43,0.5804,545.28,277.29,315.66,394.15,-38.37,355.78,15.75,17.93,0.0,1.77,36.27,751.26,0.0,0.0,0.0,4.44,360.22,1.9648
2019-07-07 09:30:00,188,9.5,68,2489,1,0,2402.5,3,35.0,36.56,476.21,572.78,711.0,591.13,0.5796,342.6,277.29,315.66,248.52,-38.37,210.15,15.75,17.71,0.0,1.77,36.27,751.26,0.0,0.0,0.0,4.44,214.6,1.1705
2019-07-07 09:30:00,188,9.5,69,2489,1,0,2402.5,3,35.0,36.56,720.01,572.78,711.0,893.76,0.5796,518.01,277.29,315.66,375.76,-38.37,337.39,15.75,17.71,0.0,1.77,36.27,751.26,0.0,0.0,0.0,4.44,341.83,1.8645
2019-07-07 09:30:00,188,9.5,70,2489,1,0,2402.5,3,35.0,36.56,681.96,572.78,711.0,846.53,0.5796,490.63,277.29,315.66,355.9,-38.37,317.53,15.75,17.71,0.0,1.77,36.27,751.26,0.0,0.0,0.0,4.44,321.98,1.7562
2019-07-07 09:30:00,188,9.5,71,2477,1,0,2402.5,3,35.0,36.87,627.62,572.78,711.0,779.07,0.5799,451.77,277.29,315.66,327.3,-38.37,288.93,15.75,17.79,0.0,1.77,36.27,751.26,0.0,0.0,0.0,4.44,293.38,1.6002
2019-07-07 09:30:00,188,9.5,72,2455,1,0,2402.5,3,35.0,37.44,755.73,572.78,711.0,938.1,0.5804,544.51,277.29,315.66,393.59,-38.37,355.22,15.75,17.93,0.0,1.77,36.27,751.26,0.0,0.0,0.0,4.44,359.66,1.9618
2019-07-07 09:30:00,188,9.5,73,2485,1,0,2402.5,3,35.0,36.66,471.09,572.78,711.0,584.78,0.5797,338.98,277.29,315.66,245.79,-38.37,207.42,15.75,17.73,0.0,1.77,36.27,751.26,0.0,0.0,0.0,4.44,211.87,1.1556
2019-07-07 09:30:00,188,9.5,74,2485,1,0,2402.5,3,35.0,36.66,755.87,572.78,711.0,938.27,0.5797,543.9,277.29,315.66,394.38,-38.37,356.0,15.75,17.73,0.0,1.77,36.27,751.26,0.0,0.0,0.0,4.44,360.45,1.9661
2019-07-07 09:30:00,188,9.5,75,2485,1,0,2402.5,3,35.0,36.66,690.74,572.78,711.0,857.43,0.5797,497.03,277.29,315.66,360.4,-38.37,322.03,15.75,17.73,0.0,1.77,36.27,751.26,0.0,0.0,0.0,4.44,326.47,1.7807
2019-07-07 09:30:00,188,9.5,76,2466,1,0,2402.5,3,35.0,37.16,576.49,572.78,711.0,715.6,0.5802,415.16,277.29,315.66,300.44,-38.37,262.07,15.75,17.86,0.0,1.77,36.27,751.26,0.0,0.0,0.0,4.44,266.51,1.4537
2019-07-07 09:30:00,188,9.5,77,2445,1,0,2402.5,3,35.0,37.7,656.54,572.78,711.0,814.97,0.5807,473.25,277.29,315.66,341.72,-38.37,303.35,15.75,17.99,0.0,1.77,36.27,751.26,0.0,0.0,0.0,4.44,307.8,1.6789
2019-07-07 09:30:00,188,9.5,78,2478,1,0,2402.5,3,35.0,36.85,755.73,572.78,711.0,938.1,0.5799,543.97,277.29,315.66,394.14,-38.37,355.77,15.75,17.78,0.0,1.77,36.27,751.26,0.0,0.0,0.0,4.44,360.21,1.9648
2019-07-07 09:30:00,188,9.5,79,2478,1,0,2402.5,3,35.0,36.85,664.18,572.78,711.0,824.46,0.5799,478.07,277.29,315.66,346.39,-38.37,308.02,15.75,17.78,0.0,1.77,36.27,751.26,0.0,0.0,0.0,4.44,312.46,1.7044
2019-07-07 09:30:00,188,9.5,80,2449,1,0,2402.5,3,35.0,37.6,518.92,572.78,711.0,644.14,0.5806,373.98,277.29,315.66,270.16,-38.37,231.79,15.75,17.97,0.0,1.77,36.27,751.26,0.0,0.0,0.0,4.44,236.23,1.2885
2019-07-07 09:30:00,188,9.5,81,2412,1,0,2402.5,3,35.0,38.56,610.3,572.78,711.0,757.58,0.5815,440.55,277.29,315.66,317.02,-38.37,278.65,15.75,18.21,0.0,1.77,36.27,751.26,0.0,0.0,0.0,4.44,283.1,1.5442
2019-07-07 09:30:00,188,9.5,82,2443,1,0,2402.5,3,35.0,37.76,621.0,572.78,711.0,770.86,0.5807,447.67,277.29,315.66,323.19,-38.37,284.82,15.75,18.01,0.0,1.77,36.27,751.26,0.0,0.0,0.0,4.44,289.26,1.5778
2019-07-07 09:30:00,188,9.5,83,2474,1,0,2402.5,3,35.0,36.95,786.55,572.78,711.0,976.36,0.58,566.25,277.29,315.66,410.11,-38.37,371.74,15.75,17.8,0.0,1.77,36.27,751.26,0.0,0.0,0.0,4.44,376.19,2.0519
2019-07-07 09:30:00,188,9.5,84,2474,1,0,2402.5,3,35.0,36.95,667.74,572.78,711.0,828.88,0.58,480.72,277.29,315.66,348.17,-38.37,309.8,15.75,17.8,0.0,1.77,36.27,751.26,0.0,0.0,0.0,4.44,314.24,1.714
2019-07-07 09:30:00,188,9.5,85,2436,1,0,2402.5,3,35.0,37.94,500.89,572.78,711.0,621.77,0.5809,361.2,277.29,315.66,260.57,-38.37,222.2,15.75,18.05,0.0,1.77,36.27,751.26,0.0,0.0,0.0,4.44,226.64,1.2362
2019-07-07 09:30:00,188,9.5,86,2397,0,0,2402.5,3,35.0,38.95,590.0,572.78,711.0,732.38,0.2445,179.04,277.29,315.66,553.34,-38.37,514.97,15.75,18.3,0.0,1.77,36.27,751.26,0.0,0.0,0.0,24.44,539.41,2.8983
2019-07-07 09:30:00,188,9.5,87,2415,1,0,2402.5,3,35.0,38.48,615.91,572.78,711.0,764.54,0.5815,444.54,277.29,315.66,320.0,-38.37,281.62,15.75,18.19,0.0,1.77,36.27,751.26,0.0,0.0,0.0,4.44,286.07,1.5604
2019-07-07 09:30:00,188,9.5,88,2476,1,0,2402.5,3,35.0,36.9,690.07,572.78,711.0,856.6,0.5799,496.75,277.29,315.66,359.85,-38.37,321.48,15.75,17.79,0.0,1.77,36.27,751.26,0.0,0.0,0.0,4.44,325.93,1.7778
2019-07-07 09:30:00,188,9.5,89,2428,1,0,2402.5,3,35.0,38.15,480.62,572.78,711.0,596.61,0.5811,346.7,277.29,315.66,249.9,-38.37,211.53,15.75,18.1,0.0,1.77,36.27,751.26,0.0,0.0,0.0,4.44,215.98,1.1781
2019-07-07 09:30:00,188,9.5,90,2377,0,0,2402.5,3,35.0,39.47,562.14,572.78,711.0,697.8,0.245,170.94,277.29,315.66,526.86,-38.37,488.49,15.75,18.43,0.0,1.77,36.27,751.26,0.0,0.0,0.0,24.44,512.94,2.7561
2019-07-07 09:30:00,188,9.5,91,2378,0,0,2402.5,3,35.0,39.45,615.34,572.78,711.0,763.83,0.2449,187.09,277.29,315.66,576.74,-38.37,538.37,15.75,18.43,0.0,1.77,36.27,751.26,0.0,0.0,0.0,24.44,562.81,3.0241
2019-07-07 09:30:00,188,9.5,92,2496,1,0,2402.5,3,35.0,36.38,743.87,572.78,711.0,923.38,0.5794,535.01,277.29,315.66,388.37,-38.37,350.0,15.75,17.66,0.0,1.77,36.27,751.26,0.0,0.0,0.0,4.44,354.45,1.9334
2019-07-07 09:30:00,188,9.5,93,2423,1,0,2402.5,3,35.0,38.28,428.92,572.78,711.0,532.43,0.5813,309.47,277.29,315.66,222.95,-38.37,184.58,15.75,18.14,0.0,1.77,36.27,751.26,0.0,0.0,0.0,4.44,189.03,1.0311
2019-07-07 09:30:00,188,9.5,95,2372,0,0,2402.5,3,35.0,39.6,561.87,572.78,711.0,697.46,0.2451,170.94,277.29,315.66,526.52,-38.37,488.15,15.75,18.47,0.0,1.77,36.27,751.26,0.0,0.0,0.0,24.44,512.59,2.7542
2019-07-07 09:30:00,188,9.5,97,2358,0,0,2402.5,3,35.0,39.97,679.84,572.78,711.0,843.9,0.2454,207.13,277.29,315.66,636.77,-38.37,598.4,15.75,18.56,0.0,1.77,36.27,751.26,0.0,0.0,0.0,24.44,622.84,3.3466
2019-07-07 09:30:00,188,9.5,98,2554,1,0,2402.5,3,35.0,34.87,693.87,572.78,711.0,861.32,0.5779,497.78,277.29,315.66,363.54,-38.37,325.17,15.75,17.28,0.0,1.77,36.27,751.26,0.0,0.0,0.0,4.44,329.61,1.7979
2019-07-07 09:30:00,188,9.5,99,2451,1,0,2402.5,3,35.0,37.55,515.6,572.78,711.0,640.02,0.5805,371.56,277.29,315.66,268.46,-38.37,230.09,15.75,17.95,0.0,1.77,36.27,751.26,0.0,0.0,0.0,4.44,234.54,1.2793
2019-07-07 09:30:00,188,9.5,100,2361,0,0,2402.5,3,35.0,39.89,498.77,572.78,711.0,619.13,0.2454,151.92,277.29,315.66,467.21,-38.37,428.84,15.75,18.54,0.0,1.77,36.27,751.26,0.0,0.0,0.0,24.44,453.28,2.4356
2019-07-07 10:00:00,188,10.0,94,2563,1,0,2402.5,3,35.0,34.64,414.82,642.07,783.5,506.19,0.5777,292.43,280.74,315.66,213.76,-34.92,178.85,16.0,17.23,0.0,1.92,35.5,751.57,0.0,0.0,0.0,4.44,183.29,0.9998
2019-07-07 10:00:00,188,10.0,96,2549,1,0,2402.5,3,35.0,35.0,642.07,642.07,783.5,783.5,0.5781,452.91,280.74,315.66,330.59,-34.92,295.68,16.0,17.32,0.0,1.92,35.5,751.57,0.0,0.0,0.0,4.44,300.12,1.637
2019-07-07 10:00:00,188,10.0,1,2612,1,0,2402.5,3,35.0,33.36,472.65,642.07,783.5,576.77,0.5765,332.48,280.74,315.66,244.28,-34.92,209.37,16.0,16.91,0.0,1.92,35.5,751.57,0.0,0.0,0.0,4.44,213.81,1.1663
2019-07-07 10:00:00,188,10.0,2,2612,1,0,2402.5,3,35.0,33.36,515.01,642.07,783.5,628.45,0.5765,362.28,280.74,315.66,266.17,-34.92,231.26,16.0,16.91,0.0,1.92,35.5,751.57,0.0,0.0,0.0,4.44,235.7,1.2857
2019-07-07 10:00:00,188,10.0,3,2610,1,0,2402.5,3,35.0,33.41,469.14,642.07,783.5,572.49,0.5765,330.04,280.74,315.66,242.44,-34.92,207.53,16.0,16.92,0.0,1.92,35.5,751.57,0.0,0.0,0.0,4.44,211.97,1.1562
2019-07-07 10:00:00,188,10.0,4,2583,1,0,2402.5,3,35.0,34.12,563.59,642.07,783.5,687.74,0.5772,396.96,280.74,315.66,290.78,-34.92,255.86,16.0,17.1,0.0,1.92,35.5,751.57,0.0,0.0,0.0,4.44,260.31,1.4199
2019-07-07 10:00:00,188,10.0,5,2583,1,0,2402.5,3,35.0,34.12,552.89,642.07,783.5,674.68,0.5772,389.42,280.74,315.66,285.26,-34.92,250.34,16.0,17.1,0.0,1.92,35.5,751.57,0.0,0.0,0.0,4.44,254.79,1.3898
2019-07-07 10:00:00,188,10.0,6,2546,1,0,2402.5,3,35.0,35.08,570.01,642.07,783.5,695.57,0.5781,402.13,280.74,315.66,293.44,-34.92,258.52,16.0,17.34,0.0,1.92,35.5,751.57,0.0,0.0,0.0,4.44,262.97,1.4344
2019-07-07 10:00:00,188,10.0,7,2546,1,0,2402.5,3,35.0,35.08,593.93,642.07,783.5,724.77,0.5781,419.01,280.74,315.66,305.76,-34.92,270.84,16.0,17.34,0.0,1.92,35.5,751.57,0.0,0.0,0.0,4.44,275.28,1.5016
2019-07-07 10:00:00,188,10.0,8,2639,1,0,2402.5,3,35.0,32.66,487.68,642.07,783.5,595.1,0.5758,342.64,280.74,315.66,252.46,-34.92,217.54,16.0,16.73,0.0,1.92,35.5,751.57,0.0,0.0,0.0,4.44,221.99,1.2108
2019-07-07 10:00:00,188,10.0,9,2610,1,0,2402.5,3,35.0,33.41,426.34,642.07,783.5,520.25,0.5765,299.93,280.74,315.66,220.32,-34.92,185.41,16.0,16.92,0.0,1.92,35.5,751.57,0.0,0.0,0.0,4.44,189.85,1.0355
2019-07-07 10:00:00,188,10.0,10,2579,1,0,2402.5,3,35.0,34.22,538.73,642.07,783.5,657.4,0.5773,379.52,280.74,315.66,277.89,-34.92,242.97,16.0,17.12,0.0,1.92,35.5,751.57,0.0,0.0,0.0,4.44,247.42,1.3495
2019-07-07 10:00:00,188,10.0,11,2579,1,0,2402.5,3,35.0,34.22,555.19,642.07,783.5,677.49,0.5773,391.11,280.74,315.66,286.38,-34.92,251.46,16.0,17.12,0.0,1.92,35.5,751.57,0.0,0.0,0.0,4.44,255.91,1.3959
2019-07-07 10:00:00,188,10.0,12,2546,1,0,2402.5,3,35.0,35.08,464.63,642.07,783.5,566.98,0.5781,327.79,280.74,315.66,239.19,-34.92,204.27,16.0,17.34,0.0,1.92,35.5,751.57,0.0,0.0,0.0,4.44,208.72,1.1385
2019-07-07 10:00:00,188,10.0,13,2530,1,0,2402.5,3,35.0,35.49,517.95,642.07,783.5,632.05,0.5785,365.66,280.74,315.66,266.38,-34.92,231.47,16.0,17.44,0.0,1.92,35.5,751.57,0.0,0.0,0.0,4.44,235.91,1.2868
2019-07-07 10:00:00,188,10.0,14,2530,1,0,2402.5,3,35.0,35.49,495.61,642.07,783.5,604.78,0.5785,349.89,280.74,315.66,254.89,-34.92,219.98,16.0,17.44,0.0,1.92,35.5,751.57,0.0,0.0,0.0,4.44,224.42,1.2241
2019-07-07 10:00:00,188,10.0,15,2494,1,0,2402.5,3,35.0,36.43,514.52,642.07,783.5,627.86,0.5795,363.81,280.74,315.66,264.04,-34.92,229.13,16.0,17.67,0.0,1.92,35.5,751.57,0.0,0.0,0.0,4.44,233.57,1.274
2019-07-07 10:00:00,188,10.0,16,2494,1,0,2402.5,3,35.0,36.43,521.37,642.07,783.5,636.21,0.5795,368.65,280.74,315.66,267.56,-34.92,232.64,16.0,17.67,0.0,1.92,35.5,751.57,0.0,0.0,0.0,4.44,237.09,1.2932
2019-07-07 10:00:00,188,10.0,17,2462,1,0,2402.5,3,35.0,37.26,533.79,642.07,783.5,651.38,0.5803,377.97,280.74,315.66,273.41,-34.92,238.49,16.0,17.88,0.0,1.92,35.5,751.57,0.0,0.0,0.0,4.44,242.94,1.3251
2019-07-07 10:00:00,188,10.0,18,2630,1,0,2402.5,3,35.0,32.89,615.28,642.07,783.5,750.81,0.576,432.47,280.74,315.66,318.34,-34.92,283.43,16.0,16.79,0.0,1.92,35.5,751.57,0.0,0.0,0.0,4.44,287.87,1.5702
2019-07-07 10:00:00,188,10.0,19,2630,1,0,2402.5,3,35.0,32.89,534.35,642.07,783.5,652.06,0.576,375.59,280.74,315.66,276.47,-34.92,241.56,16.0,16.79,0.0,1.92,35.5,751.57,0.0,0.0,0.0,4.44,246.0,1.3418
2019-07-07 10:00:00,188,10.0,20,2604,1,0,2402.5,3,35.0,33.57,401.15,642.07,783.5,489.51,0.5767,282.28,280.74,315.66,207.23,-34.92,172.31,16.0,16.96,0.0,1.92,35.5,751.57,0.0,0.0,0.0,4.44,176.76,0.9641
2019-07-07 10:00:00,188,10.0,21,2563,1,0,2402.5,3,35.0,34.64,414.82,642.07,783.5,506.19,0.5777,292.43,280.74,315.66,213.76,-34.92,178.85,16.0,17.23,0.0,1.92,35.5,751.57,0.0,0.0,0.0,4.44,183.29,0.9998
2019-07-07 10:00:00,188,10.0,22,2556,1,0,2402.5,3,35.0,34.82,532.44,642.07,783.5,649.72,0.5779,375.46,280.74,315.66,274.26,-34.92,239.35,16.0,17.27,0.0,1.92,35.5,751.57,0.0,0.0,0.0,4.44,243.79,1.3298
2019-07-07 10:00:00,188,10.0,23,2549,1,0,2402.5,3,35.0,35.0,642.07,642.07,783.5,783.5,0.5781,452.91,280.74,315.66,330.59,-34.92,295.68,16.0,17.32,0.0,1.92,35.5,751.57,0.0,0.0,0.0,4.44,300.12,1.637
2019-07-07 10:00:00,188,10.0,24,2549,1,0,2402.5,3,35.0,35.0,638.55,642.07,783.5,779.22,0.5781,450.43,280.74,315.66,328.78,-34.92,293.87,16.0,17.32,0.0,1.92,35.5,751.57,0.0,0.0,0.0,4.44,298.31,1.6272
2019-07-07 10:00:00,188,10.0,25,2524,1,0,2402.5,3,35.0,35.65,582.4,642.07,783.5,710.69,0.5787,411.27,280.74,315.66,299.42,-34.92,264.51,16.0,17.48,0.0,1.92,35.5,751.57,0.0,0.0,0.0,4.44,268.95,1.467
2019-07-07 10:00:00,188,10.0,26,2502,1,0,2402.5,3,35.0,36.22,653.18,642.07,783.5,797.06,0.5792,461.7,280.74,315.66,335.37,-34.92,300.45,16.0,17.62,0.0,1.92,35.5,751.57,0.0,0.0,0.0,4.44,304.89,1.6631
2019-07-07 10:00:00,188,10.0,27,2502,1,0,2402.5,3,35.0,36.22,638.19,642.07,783.5,778.77,0.5792,451.1,280.74,315.66,327.67,-34.92,292.76,16.0,17.62,0.0,1.92,35.5,751.57,0.0,0.0,0.0,4.44,297.2,1.6211
2019-07-07 10:00:00,188,10.0,28,2477,1,0,2402.5,3,35.0,36.87,658.64,642.07,783.5,803.72,0.5799,466.06,280.74,315.66,337.66,-34.92,302.74,16.0,17.79,0.0,1.92,35.5,751.57,0.0,0.0,0.0,4.44,307.19,1.6756
2019-07-07 10:00:00,188,10.0,29,2477,1,0,2402.5,3,35.0,36.87,668.14,642.07,783.5,815.32,0.5799,472.79,280.74,315.66,342.53,-34.92,307.62,16.0,17.79,0.0,1.92,35.5,751.57,0.0,0.0,0.0,4.44,312.06,1.7021
2019-07-07 10:00:00,188,10.0,30,2440,1,0,2402.5,3,35.0,37.83,715.36,642.07,783.5,872.94,0.5808,507.02,280.74,315.66,365.92,-34.92,331.0,16.0,18.03,0.0,1.92,35.5,751.57,0.0,0.0,0.0,4.44,335.45,1.8297
2019-07-07 10:00:00,188,10.0,31,2620,1,0,2402.5,3,35.0,33.15,667.62,642.07,783.5,814.68,0.5763,469.47,280.74,315.66,345.22,-34.92,310.3,16.0,16.86,0.0,1.92,35.5,751.57,0.0,0.0,0.0,4.44,314.75,1.7168
2019-07-07 10:00:00,188,10.0,32,2576,1,0,2402.5,3,35.0,34.3,490.34,642.07,783.5,598.35,0.5774,345.47,280.74,315.66,252.88,-34.92,217.96,16.0,17.14,0.0,1.92,35.5,751.57,0.0,0.0,0.0,4.44,222.41,1.2131
2019-07-07 10:00:00,188,10.0,33,2576,1,0,2402.5,3,35.0,34.3,596.01,642.07,783.5,727.3,0.5774,419.92,280.74,315.66,307.38,-34.92,272.46,16.0,17.14,0.0,1.92,35.5,751.57,0.0,0.0,0.0,4.44,276.91,1.5104
2019-07-07 10:00:00,188,10.0,34,2576,1,0,2402.5,3,35.0,34.3,536.6,642.07,783.5,654.8,0.5774,378.06,280.74,315.66,276.74,-34.92,241.82,16.0,17.14,0.0,1.92,35.5,751.57,0.0,0.0,0.0,4.44,246.27,1.3433
2019-07-07 10:00:00,188,10.0,35,2556,1,0,2402.5,3,35.0,34.82,478.7,642.07,783.5,584.15,0.5779,337.57,280.74,315.66,246.58,-34.92,211.67,16.0,17.27,0.0,1.92,35.5,751.57,0.0,0.0,0.0,4.44,216.11,1.1788
2019-07-07 10:00:00,188,10.0,36,2533,1,0,2402.5,3,35.0,35.42,597.38,642.07,783.5,728.98,0.5785,421.68,280.74,315.66,307.29,-34.92,272.38,16.0,17.42,0.0,1.92,35.5,751.57,0.0,0.0,0.0,4.44,276.82,1.5099
2019-07-07 10:00:00,188,10.0,37,2532,1,0,2402.5,3,35.0,35.44,744.11,642.07,783.5,908.02,0.5785,525.28,280.74,315.66,382.74,-34.92,347.83,16.0,17.43,0.0,1.92,35.5,751.57,0.0,0.0,0.0,4.44,352.27,1.9215
2019-07-07 10:00:00,188,10.0,38,2534,1,0,2402.5,3,35.0,35.39,788.16,642.07,783.5,961.77,0.5784,556.32,280.74,315.66,405.45,-34.92,370.53,16.0,17.41,0.0,1.92,35.5,751.57,0.0,0.0,0.0,4.44,374.98,2.0453
2019-07-07 10:00:00,188,10.0,39,2534,1,0,2402.5,3,35.0,35.39,767.01,642.07,783.5,935.97,0.5784,541.4,280.74,315.66,394.57,-34.92,359.65,16.0,17.41,0.0,1.92,35.5,751.57,0.0,0.0,0.0,4.44,364.1,1.986
2019-07-07 10:00:00,188,10.0,40,2515,1,0,2402.5,3,35.0,35.88,706.04,642.07,783.5,861.56,0.5789,498.77,280.74,315.66,362.79,-34.92,327.87,16.0,17.54,0.0,1.92,35.5,751.57,0.0,0.0,0.0,4.44,332.32,1.8126
2019-07-07 10:00:00,188,10.0,41,2487,1,0,2402.5,3,35.0,36.61,763.91,642.07,783.5,932.18,0.5796,540.32,280.74,315.66,391.86,-34.92,356.95,16.0,17.72,0.0,1.92,35.5,751.57,0.0,0.0,0.0,4.44,361.39,1.9712
2019-07-07 10:00:00,188,10.0,42,2487,1,0,2402.5,3,35.0,36.61,747.31,642.07,783.5,911.93,0.5796,528.58,280.74,315.66,383.35,-34.92,348.43,16.0,17.72,0.0,1.92,35.5,751.57,0.0,0.0,0.0,4.44,352.88,1.9248
2019-07-07 10:00:00,188,10.0,43,2464,1,0,2402.5,3,35.0,37.21,727.02,642.07,783.5,887.17,0.5802,514.75,280.74,315.66,372.43,-34.92,337.51,16.0,17.87,0.0,1.92,35.5,751.57,0.0,0.0,0.0,4.44,341.95,1.8652
2019-07-07 10:00:00,188,10.0,44,2555,1,0,2402.5,3,35.0,34.84,552.58,642.07,783.5,674.31,0.5779,389.69,280.74,315.66,284.62,-34.92,249.71,16.0,17.28,0.0,1.92,35.5,751.57,0.0,0.0,0.0,4.44,254.15,1.3863
2019-07-07 10:00:00,188,10.0,45,2555,1,0,2402.5,3,35.0,34.84,699.55,642.07,783.5,853.64,0.5779,493.32,280.74,315.66,360.32,-34.92,325.4,16.0,17.28,0.0,1.92,35.5,751.57,0.0,0.0,0.0,4.44,329.85,1.7992
2019-07-07 10:00:00,188,10.0,46,2555,1,0,2402.5,3,35.0,34.84,629.88,642.07,783.5,768.63,0.5779,444.2,280.74,315.66,324.44,-34.92,289.52,16.0,17.28,0.0,1.92,35.5,751.57,0.0,0.0,0.0,4.44,293.97,1.6035
2019-07-07 10:00:00,188,10.0,47,2530,1,0,2402.5,3,35.0,35.49,573.31,642.07,783.5,699.6,0.5785,404.75,280.74,315.66,294.85,-34.92,259.94,16.0,17.44,0.0,1.92,35.5,751.57,0.0,0.0,0.0,4.44,264.38,1.4421
2019-07-07 10:00:00,188,10.0,48,2510,1,0,2402.5,3,35.0,36.01,719.31,642.07,783.5,877.76,0.579,508.26,280.74,315.66,369.5,-34.92,334.58,16.0,17.57,0.0,1.92,35.5,751.57,0.0,0.0,0.0,4.44,339.03,1.8492
2019-07-07 10:00:00,188,10.0,49,2534,1,0,2402.5,3,35.0,35.39,827.06,642.07,783.5,1009.24,0.5784,583.78,280.74,315.66,425.46,-34.92,390.55,16.0,17.41,0.0,1.92,35.5,751.57,0.0,0.0,0.0,4.44,394.99,2.1545
2019-07-07 10:00:00,188,10.0,50,2531,1,0,2402.5,3,35.0,35.47,570.12,642.07,783.5,695.71,0.5785,402.48,280.74,315.66,293.23,-34.92,258.32,16.0,17.43,0.0,1.92,35.5,751.57,0.0,0.0,0.0,4.44,262.76,1.4332
2019-07-07 10:00:00,188,10.0,51,2531,1,0,2402.5,3,35.0,35.47,768.65,642.07,783.5,937.96,0.5785,542.62,280.74,315.66,395.34,-34.92,360.42,16.0,17.43,0.0,1.92,35.5,751.57,0.0,0.0,0.0,4.44,364.87,1.9902
2019-07-07 10:00:00,188,10.0,52,2531,1,0,2402.5,3,35.0,35.47,698.71,642.07,783.5,852.63,0.5785,493.26,280.74,315.66,359.37,-34.92,324.46,16.0,17.43,0.0,1.92,35.5,751.57,0.0,0.0,0.0,4.44,328.9,1.794
2019-07-07 10:00:00,188,10.0,53,2507,1,0,2402.5,3,35.0,36.09,658.28,642.07,783.5,803.29,0.5791,465.2,280.74,315.66,338.09,-34.92,303.17,16.0,17.59,0.0,1.92,35.5,751.57,0.0,0.0,0.0,4.44,307.62,1.6779
2019-07-07 10:00:00,188,10.0,54,2494,1,0,2402.5,3,35.0,36.43,826.62,642.07,783.5,1008.71,0.5795,584.5,280.74,315.66,424.21,-34.92,389.3,16.0,17.67,0.0,1.92,35.5,751.57,0.0,0.0,0.0,4.44,393.74,2.1477
2019-07-07 10:00:00,188,10.0,55,2531,1,0,2402.5,3,35.0,35.47,765.46,642.07,783.5,934.08,0.5785,540.38,280.74,315.66,393.7,-34.92,358.79,16.0,17.43,0.0,1.92,35.5,751.57,0.0,0.0,0.0,4.44,363.23,1.9813
2019-07-07 10:00:00,188,10.0,56,2531,1,0,2402.5,3,35.0,35.47,700.26,642.07,783.5,854.51,0.5785,494.35,280.74,315.66,360.17,-34.92,325.25,16.0,17.43,0.0,1.92,35.5,751.57,0.0,0.0,0.0,4.44,329.69,1.7983
2019-07-07 10:00:00,188,10.0,57,2507,1,0,2402.5,3,35.0,36.09,658.74,642.07,783.5,803.85,0.5791,465.53,280.74,315.66,338.32,-34.92,303.41,16.0,17.59,0.0,1.92,35.5,751.57,0.0,0.0,0.0,4.44,307.85,1.6792
2019-07-07 10:00:00,188,10.0,58,2494,1,0,2402.5,3,35.0,36.43,821.23,642.07,783.5,1002.13,0.5795,580.68,280.74,315.66,421.44,-34.92,386.53,16.0,17.67,0.0,1.92,35.5,751.57,0.0,0.0,0.0,4.44,390.97,2.1326
2019-07-07 10:00:00,188,10.0,59,2506,1,0,2402.5,3,35.0,36.12,764.98,642.07,783.5,933.48,0.5791,540.62,280.74,315.66,392.86,-34.92,357.94,16.0,17.6,0.0,1.92,35.5,751.57,0.0,0.0,0.0,4.44,362.39,1.9767
2019-07-07 10:00:00,188,10.0,60,2506,1,0,2402.5,3,35.0,36.12,704.43,642.07,783.5,859.6,0.5791,497.83,280.74,315.66,361.76,-34.92,326.85,16.0,17.6,0.0,1.92,35.5,751.57,0.0,0.0,0.0,4.44,331.29,1.8071
2019-07-07 10:00:00,188,10.0,61,2485,1,0,2402.5,3,35.0,36.66,636.48,642.07,783.5,776.69,0.5797,450.23,280.74,315.66,326.46,-34.92,291.54,16.0,17.73,0.0,1.92,35.5,751.57,0.0,0.0,0.0,4.44,295.99,1.6145
2019-07-07 10:00:00,188,10.0,62,2469,1,0,2402.5,3,35.0,37.08,772.31,642.07,783.5,942.43,0.5801,546.69,280.74,315.66,395.74,-34.92,360.83,16.0,17.84,0.0,1.92,35.5,751.57,0.0,0.0,0.0,4.44,365.27,1.9924
2019-07-07 10:00:00,188,10.0,63,2506,1,0,2402.5,3,35.0,36.12,526.17,642.07,783.5,642.08,0.5791,371.86,280.74,315.66,270.22,-34.92,235.31,16.0,17.6,0.0,1.92,35.5,751.57,0.0,0.0,0.0,4.44,239.75,1.3077
2019-07-07 10:00:00,188,10.0,64,2506,1,0,2402.5,3,35.0,36.12,790.08,642.07,783.5,964.12,0.5791,558.37,280.74,315.66,405.75,-34.92,370.84,16.0,17.6,0.0,1.92,35.5,751.57,0.0,0.0,0.0,4.44,375.28,2.047
2019-07-07 10:00:00,188,10.0,65,2506,1,0,2402.5,3,35.0,36.12,742.66,642.07,783.5,906.25,0.5791,524.85,280.74,315.66,381.4,-34.92,346.48,16.0,17.6,0.0,1.92,35.5,751.57,0.0,0.0,0.0,4.44,350.93,1.9141
2019-07-07 10:00:00,188,10.0,66,2485,1,0,2402.5,3,35.0,36.66,672.45,642.07,783.5,820.58,0.5797,475.67,280.74,315.66,344.91,-34.92,309.99,16.0,17.73,0.0,1.92,35.5,751.57,0.0,0.0,0.0,4.44,314.44,1.7151
2019-07-07 10:00:00,188,10.0,67,2455,1,0,2402.5,3,35.0,37.44,813.53,642.07,783.5,992.73,0.5804,576.22,280.74,315.66,416.51,-34.92,381.59,16.0,17.93,0.0,1.92,35.5,751.57,0.0,0.0,0.0,4.44,386.04,2.1057
2019-07-07 10:00:00,188,10.0,68,2489,1,0,2402.5,3,35.0,36.56,495.28,642.07,783.5,604.38,0.5796,350.29,280.74,315.66,254.1,-34.92,219.18,16.0,17.71,0.0,1.92,35.5,751.57,0.0,0.0,0.0,4.44,223.62,1.2198
2019-07-07 10:00:00,188,10.0,69,2489,1,0,2402.5,3,35.0,36.56,777.32,642.07,783.5,948.55,0.5796,549.76,280.74,315.66,398.79,-34.92,363.88,16.0,17.71,0.0,1.92,35.5,751.57,0.0,0.0,0.0,4.44,368.32,2.009
2019-07-07 10:00:00,188,10.0,70,2489,1,0,2402.5,3,35.0,36.56,733.17,642.07,783.5,894.67,0.5796,518.53,280.74,315.66,376.14,-34.92,341.22,16.0,17.71,0.0,1.92,35.5,751.57,0.0,0.0,0.0,4.44,345.67,1.8855
2019-07-07 10:00:00,188,10.0,71,2477,1,0,2402.5,3,35.0,36.87,667.98,642.07,783.5,815.12,0.5799,472.67,280.74,315.66,342.45,-34.92,307.53,16.0,17.79,0.0,1.92,35.5,751.57,0.0,0.0,0.0,4.44,311.98,1.7017
2019-07-07 10:00:00,188,10.0,72,2455,1,0,2402.5,3,35.0,37.44,810.39,642.07,783.5,988.9,0.5804,574.0,280.74,315.66,414.9,-34.92,379.99,16.0,17.93,0.0,1.92,35.5,751.57,0.0,0.0,0.0,4.44,384.43,2.0969
2019-07-07 10:00:00,188,10.0,73,2485,1,0,2402.5,3,35.0,36.66,481.22,642.07,783.5,587.22,0.5797,340.4,280.74,315.66,246.82,-34.92,211.91,16.0,17.73,0.0,1.92,35.5,751.57,0.0,0.0,0.0,4.44,216.35,1.1801
2019-07-07 10:00:00,188,10.0,74,2485,1,0,2402.5,3,35.0,36.66,807.79,642.07,783.5,985.72,0.5797,571.4,280.74,315.66,414.32,-34.92,379.41,16.0,17.73,0.0,1.92,35.5,751.57,0.0,0.0,0.0,4.44,383.85,2.0937
2019-07-07 10:00:00,188,10.0,75,2485,1,0,2402.5,3,35.0,36.66,737.72,642.07,783.5,900.22,0.5797,521.84,280.74,315.66,378.38,-34.92,343.47,16.0,17.73,0.0,1.92,35.5,751.57,0.0,0.0,0.0,4.44,347.91,1.8977
2019-07-07 10:00:00,188,10.0,76,2466,1,0,2402.5,3,35.0,37.16,620.14,642.07,783.5,756.75,0.5802,439.04,280.74,315.66,317.71,-34.92,282.8,16.0,17.86,0.0,1.92,35.5,751.57,0.0,0.0,0.0,4.44,287.24,1.5668
2019-07-07 10:00:00,188,10.0,77,2445,1,0,2402.5,3,35.0,37.7,723.37,642.07,783.5,882.72,0.5807,512.59,280.74,315.66,370.13,-34.92,335.22,16.0,17.99,0.0,1.92,35.5,751.57,0.0,0.0,0.0,4.44,339.66,1.8527
2019-07-07 10:00:00,188,10.0,78,2478,1,0,2402.5,3,35.0,36.85,807.65,642.07,783.5,985.55,0.5799,571.48,280.74,315.66,414.07,-34.92,379.16,16.0,17.78,0.0,1.92,35.5,751.57,0.0,0.0,0.0,4.44,383.6,2.0924
2019-07-07 10:00:00,188,10.0,79,2478,1,0,2402.5,3,35.0,36.85,707.99,642.07,783.5,863.94,0.5799,500.96,280.74,315.66,362.98,-34.92,328.07,16.0,17.78,0.0,1.92,35.5,751.57,0.0,0.0,0.0,4.44,332.51,1.8137
2019-07-07 10:00:00,188,10.0,80,2449,1,0,2402.5,3,35.0,37.6,556.96,642.07,783.5,679.65,0.5806,394.6,280.74,315.66,285.05,-34.92,250.13,16.0,17.97,0.0,1.92,35.5,751.57,0.0,0.0,0.0,4.44,254.58,1.3886
2019-07-07 10:00:00,188,10.0,81,2412,1,0,2402.5,3,35.0,38.56,676.8,642.07,783.5,825.89,0.5815,480.28,280.74,315.66,345.61,-34.92,310.69,16.0,18.21,0.0,1.92,35.5,751.57,0.0,0.0,0.0,4.44,315.14,1.7189
2019-07-07 10:00:00,188,10.0,82,2443,1,0,2402.5,3,35.0,37.76,711.53,642.07,783.5,868.26,0.5807,504.24,280.74,315.66,364.03,-34.92,329.11,16.0,18.01,0.0,1.92,35.5,751.57,0.0,0.0,0.0,4.44,333.55,1.8194
2019-07-07 10:00:00,188,10.0,83,2474,1,0,2402.5,3,35.0,36.95,833.46,642.07,783.5,1017.05,0.58,589.85,280.74,315.66,427.21,-34.92,392.29,16.0,17.8,0.0,1.92,35.5,751.57,0.0,0.0,0.0,4.44,396.73,2.164
2019-07-07 10:00:00,188,10.0,84,2474,1,0,2402.5,3,35.0,36.95,703.02,642.07,783.5,857.88,0.58,497.53,280.74,315.66,360.35,-34.92,325.43,16.0,17.8,0.0,1.92,35.5,751.57,0.0,0.0,0.0,4.44,329.87,1.7993
2019-07-07 10:00:00,188,10.0,85,2436,1,0,2402.5,3,35.0,37.94,527.26,642.07,783.5,643.4,0.5809,373.77,280.74,315.66,269.64,-34.92,234.72,16.0,18.05,0.0,1.92,35.5,751.57,0.0,0.0,0.0,4.44,239.17,1.3045
2019-07-07 10:00:00,188,10.0,86,2397,0,0,2402.5,3,35.0,38.95,647.32,642.07,783.5,789.91,0.2445,193.1,280.74,315.66,596.81,-34.92,561.89,16.0,18.3,0.0,1.92,35.5,751.57,0.0,0.0,0.0,24.44,586.34,3.1505
2019-07-07 10:00:00,188,10.0,87,2415,1,0,2402.5,3,35.0,38.48,696.04,642.07,783.5,849.37,0.5815,493.87,280.74,315.66,355.5,-34.92,320.58,16.0,18.19,0.0,1.92,35.5,751.57,0.0,0.0,0.0,4.44,325.03,1.7729
2019-07-07 10:00:00,188,10.0,88,2476,1,0,2402.5,3,35.0,36.9,709.3,642.07,783.5,865.55,0.5799,501.94,280.74,315.66,363.61,-34.92,328.69,16.0,17.79,0.0,1.92,35.5,751.57,0.0,0.0,0.0,4.44,333.14,1.8171
2019-07-07 10:00:00,188,10.0,89,2428,1,0,2402.5,3,35.0,38.15,493.74,642.07,783.5,602.5,0.5811,350.13,280.74,315.66,252.37,-34.92,217.46,16.0,18.1,0.0,1.92,35.5,751.57,0.0,0.0,0.0,4.44,221.9,1.2104
2019-07-07 10:00:00,188,10.0,90,2377,0,0,2402.5,3,35.0,39.47,606.42,642.07,783.5,740.0,0.245,181.27,280.74,315.66,558.72,-34.92,523.81,16.0,18.43,0.0,1.92,35.5,751.57,0.0,0.0,0.0,24.44,548.25,2.9458
2019-07-07 10:00:00,188,10.0,91,2378,0,0,2402.5,3,35.0,39.45,686.76,642.07,783.5,838.04,0.2449,205.27,280.74,315.66,632.77,-34.92,597.85,16.0,18.43,0.0,1.92,35.5,751.57,0.0,0.0,0.0,24.44,622.3,3.3437
2019-07-07 10:00:00,188,10.0,92,2496,1,0,2402.5,3,35.0,36.38,729.46,642.07,783.5,890.14,0.5794,515.75,280.74,315.66,374.39,-34.92,339.48,16.0,17.66,0.0,1.92,35.5,751.57,0.0,0.0,0.0,4.44,343.92,1.8759
2019-07-07 10:00:00,188,10.0,93,2423,1,0,2402.5,3,35.0,38.28,450.27,642.07,783.5,549.45,0.5813,319.37,280.74,315.66,230.08,-34.92,195.17,16.0,18.14,0.0,1.92,35.5,751.57,0.0,0.0,0.0,4.44,199.61,1.0888
2019-07-07 10:00:00,188,10.0,95,2372,0,0,2402.5,3,35.0,39.6,586.36,642.07,783.5,715.52,0.2451,175.37,280.74,315.66,540.15,-34.92,505.23,16.0,18.47,0.0,1.92,35.5,751.57,0.0,0.0,0.0,24.44,529.68,2.846
2019-07-07 10:00:00,188,10.0,97,2358,0,0,2402.5,3,35.0,39.97,735.69,642.07,783.5,897.75,0.2454,220.35,280.74,315.66,677.4,-34.92,642.48,16.0,18.56,0.0,1.92,35.5,751.57,0.0,0.0,0.0,24.44,666.93,3.5835
2019-07-07 10:00:00,188,10.0,98,2554,1,0,2402.5,3,35.0,34.87,671.22,642.07,783.5,819.08,0.5779,473.37,280.74,315.66,345.71,-34.92,310.79,16.0,17.28,0.0,1.92,35.5,751.57,0.0,0.0,0.0,4.44,315.24,1.7195
2019-07-07 10:00:00,188,10.0,99,2451,1,0,2402.5,3,35.0,37.55,552.65,642.07,783.5,674.38,0.5805,391.51,280.74,315.66,282.88,-34.92,247.96,16.0,17.95,0.0,1.92,35.5,751.57,0.0,0.0,0.0,4.44,252.4,1.3768
2019-07-07 10:00:00,188,10.0,100,2361,0,0,2402.5,3,35.0,39.89,508.08,642.07,783.5,620.0,0.2454,152.13,280.74,315.66,467.87,-34.92,432.95,16.0,18.54,0.0,1.92,35.5,751.57,0.0,0.0,0.0,24.44,457.4,2.4576
2019-07-07 10:30:00,188,10.5,94,2563,1,0,2402.5,3,35.0,34.64,489.44,706.3,912.3,632.19,0.5777,365.22,301.12,315.66,266.97,-14.54,252.43,15.62,17.23,0.0,1.77,35.98,751.38,0.0,0.0,0.0,4.44,256.88,1.4011
2019-07-07 10:30:00,188,10.5,96,2549,1,0,2402.5,3,35.0,35.0,706.3,706.3,912.3,912.3,0.5781,527.36,301.12,315.66,384.94,-14.54,370.4,15.62,17.32,0.0,1.77,35.98,751.38,0.0,0.0,0.0,4.44,374.84,2.0446
2019-07-07 10:30:00,188,10.5,1,2612,1,0,2402.5,3,35.0,33.36,544.89,706.3,912.3,703.82,0.5765,405.72,301.12,315.66,298.1,-14.54,283.55,15.62,16.91,0.0,1.77,35.98,751.38,0.0,0.0,0.0,4.44,288.0,1.5709
2019-07-07 10:30:00,188,10.5,2,2612,1,0,2402.5,3,35.0,33.36,591.23,706.3,912.3,763.67,0.5765,440.23,301.12,315.66,323.45,-14.54,308.9,15.62,16.91,0.0,1.77,35.98,751.38,0.0,0.0,0.0,4.44,313.35,1.7092
2019-07-07 10:30:00,188,10.5,3,2610,1,0,2402.5,3,35.0,33.41,533.2,706.3,912.3,688.72,0.5765,397.05,301.12,315.66,291.67,-14.54,277.12,15.62,16.92,0.0,1.77,35.98,751.38,0.0,0.0,0.0,4.44,281.57,1.5358
2019-07-07 10:30:00,188,10.5,4,2583,1,0,2402.5,3,35.0,34.12,628.02,706.3,912.3,811.19,0.5772,468.22,301.12,315.66,342.98,-14.54,328.43,15.62,17.1,0.0,1.77,35.98,751.38,0.0,0.0,0.0,4.44,332.88,1.8157
2019-07-07 10:30:00,188,10.5,5,2583,1,0,2402.5,3,35.0,34.12,609.34,706.3,912.3,787.07,0.5772,454.29,301.12,315.66,332.78,-14.54,318.23,15.62,17.1,0.0,1.77,35.98,751.38,0.0,0.0,0.0,4.44,322.68,1.7601
2019-07-07 10:30:00,188,10.5,6,2546,1,0,2402.5,3,35.0,35.08,623.56,706.3,912.3,805.43,0.5781,465.65,301.12,315.66,339.79,-14.54,325.24,15.62,17.34,0.0,1.77,35.98,751.38,0.0,0.0,0.0,4.44,329.69,1.7983
2019-07-07 10:30:00,188,10.5,7,2546,1,0,2402.5,3,35.0,35.08,641.94,706.3,912.3,829.17,0.5781,479.37,301.12,315.66,349.8,-14.54,335.26,15.62,17.34,0.0,1.77,35.98,751.38,0.0,0.0,0.0,4.44,339.7,1.8529
2019-07-07 10:30:00,188,10.5,8,2639,1,0,2402.5,3,35.0,32.66,559.87,706.3,912.3,723.17,0.5758,416.38,301.12,315.66,306.79,-14.54,292.24,15.62,16.73,0.0,1.77,35.98,751.38,0.0,0.0,0.0,4.44,296.69,1.6183
2019-07-07 10:30:00,188,10.5,9,2610,1,0,2402.5,3,35.0,33.41,495.71,706.3,912.3,640.29,0.5765,369.14,301.12,315.66,271.16,-14.54,256.62,15.62,16.92,0.0,1.77,35.98,751.38,0.0,0.0,0.0,4.44,261.06,1.424
2019-07-07 10:30:00,188,10.5,10,2579,1,0,2402.5,3,35.0,34.22,606.71,706.3,912.3,783.67,0.5773,452.41,301.12,315.66,331.26,-14.54,316.72,15.62,17.12,0.0,1.77,35.98,751.38,0.0,0.0,0.0,4.44,321.16,1.7518
2019-07-07 10:30:00,188,10.5,11,2579,1,0,2402.5,3,35.0,34.22,623.32,706.3,912.3,805.12,0.5773,464.79,301.12,315.66,340.33,-14.54,325.79,15.62,17.12,0.0,1.77,35.98,751.38,0.0,0.0,0.0,4.44,330.23,1.8013
2019-07-07 10:30:00,188,10.5,12,2546,1,0,2402.5,3,35.0,35.08,530.97,706.3,912.3,685.83,0.5781,396.5,301.12,315.66,289.33,-14.54,274.79,15.62,17.34,0.0,1.77,35.98,751.38,0.0,0.0,0.0,4.44,279.23,1.5231
2019-07-07 10:30:00,188,10.5,13,2530,1,0,2402.5,3,35.0,35.49,592.89,706.3,912.3,765.82,0.5785,443.06,301.12,315.66,322.76,-14.54,308.22,15.62,17.44,0.0,1.77,35.98,751.38,0.0,0.0,0.0,4.44,312.67,1.7055
2019-07-07 10:30:00,188,10.5,14,2530,1,0,2402.5,3,35.0,35.49,564.67,706.3,912.3,729.36,0.5785,421.96,301.12,315.66,307.4,-14.54,292.86,15.62,17.44,0.0,1.77,35.98,751.38,0.0,0.0,0.0,4.44,297.3,1.6216
2019-07-07 10:30:00,188,10.5,15,2494,1,0,2402.5,3,35.0,36.43,580.82,706.3,912.3,750.23,0.5795,434.72,301.12,315.66,315.51,-14.54,300.97,15.62,17.67,0.0,1.77,35.98,751.38,0.0,0.0,0.0,4.44,305.41,1.6659
2019-07-07 10:30:00,188,10.5,16,2494,1,0,2402.5,3,35.0,36.43,585.96,706.3,912.3,756.87,0.5795,438.57,301.12,315.66,318.3,-14.54,303.76,15.62,17.67,0.0,1.77,35.98,751.38,0.0,0.0,0.0,4.44,308.2,1.6811
2019-07-07 10:30:00,188,10.5,17,2462,1,0,2402.5,3,35.0,37.26,599.76,706.3,912.3,774.69,0.5803,449.52,301.12,315.66,325.17,-14.54,310.62,15.62,17.88,0.0,1.77,35.98,751.38,0.0,0.0,0.0,4.44,315.07,1.7186
2019-07-07 10:30:00,188,10.5,18,2630,1,0,2402.5,3,35.0,32.89,692.09,706.3,912.3,893.95,0.576,514.92,301.12,315.66,379.03,-14.54,364.49,15.62,16.79,0.0,1.77,35.98,751.38,0.0,0.0,0.0,4.44,368.94,2.0124
2019-07-07 10:30:00,188,10.5,19,2630,1,0,2402.5,3,35.0,32.89,610.55,706.3,912.3,788.63,0.576,454.25,301.12,315.66,334.38,-14.54,319.83,15.62,16.79,0.0,1.77,35.98,751.38,0.0,0.0,0.0,4.44,324.28,1.7688
2019-07-07 10:30:00,188,10.5,20,2604,1,0,2402.5,3,35.0,33.57,473.04,706.3,912.3,611.0,0.5767,352.34,301.12,315.66,258.66,-14.54,244.12,15.62,16.96,0.0,1.77,35.98,751.38,0.0,0.0,0.0,4.44,248.56,1.3558
2019-07-07 10:30:00,188,10.5,21,2563,1,0,2402.5,3,35.0,34.64,489.44,706.3,912.3,632.19,0.5777,365.22,301.12,315.66,266.97,-14.54,252.43,15.62,17.23,0.0,1.77,35.98,751.38,0.0,0.0,0.0,4.44,256.88,1.4011
2019-07-07 10:30:00,188,10.5,22,2556,1,0,2402.5,3,35.0,34.82,604.61,706.3,912.3,780.95,0.5779,451.3,301.12,315.66,329.66,-14.54,315.12,15.62,17.27,0.0,1.77,35.98,751.38,0.0,0.0,0.0,4.44,319.56,1.7431
2019-07-07 10:30:00,188,10.5,23,2549,1,0,2402.5,3,35.0,35.0,706.3,706.3,912.3,912.3,0.5781,527.36,301.12,315.66,384.94,-14.54,370.4,15.62,17.32,0.0,1.77,35.98,751.38,0.0,0.0,0.0,4.44,374.84,2.0446
2019-07-07 10:30:00,188,10.5,24,2549,1,0,2402.5,3,35.0,35.0,692.06,706.3,912.3,893.91,0.5781,516.73,301.12,315.66,377.18,-14.54,362.64,15.62,17.32,0.0,1.77,35.98,751.38,0.0,0.0,0.0,4.44,367.08,2.0023
2019-07-07 10:30:00,188,10.5,25,2524,1,0,2402.5,3,35.0,35.65,626.62,706.3,912.3,809.38,0.5787,468.38,301.12,315.66,341.0,-14.54,326.46,15.62,17.48,0.0,1.77,35.98,751.38,0.0,0.0,0.0,4.44,330.9,1.8049
2019-07-07 10:30:00,188,10.5,26,2502,1,0,2402.5,3,35.0,36.22,706.9,706.3,912.3,913.07,0.5792,528.9,301.12,315.66,384.18,-14.54,369.64,15.62,17.62,0.0,1.77,35.98,751.38,0.0,0.0,0.0,4.44,374.08,2.0404
2019-07-07 10:30:00,188,10.5,27,2502,1,0,2402.5,3,35.0,36.22,690.14,706.3,912.3,891.42,0.5792,516.36,301.12,315.66,375.07,-14.54,360.53,15.62,17.62,0.0,1.77,35.98,751.38,0.0,0.0,0.0,4.44,364.97,1.9908
2019-07-07 10:30:00,188,10.5,28,2477,1,0,2402.5,3,35.0,36.87,706.91,706.3,912.3,913.09,0.5799,529.48,301.12,315.66,383.61,-14.54,369.06,15.62,17.79,0.0,1.77,35.98,751.38,0.0,0.0,0.0,4.44,373.51,2.0373
2019-07-07 10:30:00,188,10.5,29,2477,1,0,2402.5,3,35.0,36.87,711.35,706.3,912.3,918.82,0.5799,532.81,301.12,315.66,386.01,-14.54,371.47,15.62,17.79,0.0,1.77,35.98,751.38,0.0,0.0,0.0,4.44,375.92,2.0505
2019-07-07 10:30:00,188,10.5,30,2440,1,0,2402.5,3,35.0,37.83,755.24,706.3,912.3,975.52,0.5808,566.6,301.12,315.66,408.92,-14.54,394.37,15.62,18.03,0.0,1.77,35.98,751.38,0.0,0.0,0.0,4.44,398.82,2.1754
2019-07-07 10:30:00,188,10.5,31,2620,1,0,2402.5,3,35.0,33.15,676.79,706.3,912.3,874.19,0.5763,503.76,301.12,315.66,370.43,-14.54,355.89,15.62,16.86,0.0,1.77,35.98,751.38,0.0,0.0,0.0,4.44,360.33,1.9655
2019-07-07 10:30:00,188,10.5,32,2576,1,0,2402.5,3,35.0,34.3,552.3,706.3,912.3,713.39,0.5774,411.89,301.12,315.66,301.5,-14.54,286.96,15.62,17.14,0.0,1.77,35.98,751.38,0.0,0.0,0.0,4.44,291.4,1.5895
2019-07-07 10:30:00,188,10.5,33,2576,1,0,2402.5,3,35.0,34.3,673.61,706.3,912.3,870.08,0.5774,502.36,301.12,315.66,367.72,-14.54,353.18,15.62,17.14,0.0,1.77,35.98,751.38,0.0,0.0,0.0,4.44,357.62,1.9507
2019-07-07 10:30:00,188,10.5,34,2576,1,0,2402.5,3,35.0,34.3,607.62,706.3,912.3,784.84,0.5774,453.14,301.12,315.66,331.69,-14.54,317.15,15.62,17.14,0.0,1.77,35.98,751.38,0.0,0.0,0.0,4.44,321.6,1.7542
2019-07-07 10:30:00,188,10.5,35,2556,1,0,2402.5,3,35.0,34.82,538.53,706.3,912.3,695.6,0.5779,401.97,301.12,315.66,293.63,-14.54,279.08,15.62,17.27,0.0,1.77,35.98,751.38,0.0,0.0,0.0,4.44,283.53,1.5465
2019-07-07 10:30:00,188,10.5,36,2533,1,0,2402.5,3,35.0,35.42,657.1,706.3,912.3,848.75,0.5785,490.97,301.12,315.66,357.78,-14.54,343.24,15.62,17.42,0.0,1.77,35.98,751.38,0.0,0.0,0.0,4.44,347.68,1.8965
2019-07-07 10:30:00,188,10.5,37,2532,1,0,2402.5,3,35.0,35.44,801.86,706.3,912.3,1035.73,0.5785,599.16,301.12,315.66,436.57,-14.54,422.03,15.62,17.43,0.0,1.77,35.98,751.38,0.0,0.0,0.0,4.44,426.48,2.3262
2019-07-07 10:30:00,188,10.5,38,2534,1,0,2402.5,3,35.0,35.39,837.4,706.3,912.3,1081.64,0.5784,625.66,301.12,315.66,455.98,-14.54,441.44,15.62,17.41,0.0,1.77,35.98,751.38,0.0,0.0,0.0,4.44,445.88,2.4321
2019-07-07 10:30:00,188,10.5,39,2534,1,0,2402.5,3,35.0,35.39,804.44,706.3,912.3,1039.07,0.5784,601.03,301.12,315.66,438.03,-14.54,423.49,15.62,17.41,0.0,1.77,35.98,751.38,0.0,0.0,0.0,4.44,427.93,2.3342
2019-07-07 10:30:00,188,10.5,40,2515,1,0,2402.5,3,35.0,35.88,729.36,706.3,912.3,942.08,0.5789,545.39,301.12,315.66,396.69,-14.54,382.15,15.62,17.54,0.0,1.77,35.98,751.38,0.0,0.0,0.0,4.44,386.6,2.1087
2019-07-07 10:30:00,188,10.5,41,2487,1,0,2402.5,3,35.0,36.61,791.07,706.3,912.3,1021.8,0.5796,592.26,301.12,315.66,429.53,-14.54,414.99,15.62,17.72,0.0,1.77,35.98,751.38,0.0,0.0,0.0,4.44,419.44,2.2878
2019-07-07 10:30:00,188,10.5,42,2487,1,0,2402.5,3,35.0,36.61,777.74,706.3,912.3,1004.58,0.5796,582.28,301.12,315.66,422.3,-14.54,407.76,15.62,17.72,0.0,1.77,35.98,751.38,0.0,0.0,0.0,4.44,412.2,2.2484
2019-07-07 10:30:00,188,10.5,43,2464,1,0,2402.5,3,35.0,37.21,761.75,706.3,912.3,983.93,0.5802,570.88,301.12,315.66,413.04,-14.54,398.5,15.62,17.87,0.0,1.77,35.98,751.38,0.0,0.0,0.0,4.44,402.94,2.1979
2019-07-07 10:30:00,188,10.5,44,2555,1,0,2402.5,3,35.0,34.84,594.39,706.3,912.3,767.76,0.5779,443.69,301.12,315.66,324.07,-14.54,309.53,15.62,17.28,0.0,1.77,35.98,751.38,0.0,0.0,0.0,4.44,313.97,1.7126
2019-07-07 10:30:00,188,10.5,45,2555,1,0,2402.5,3,35.0,34.84,762.54,706.3,912.3,984.95,0.5779,569.21,301.12,315.66,415.74,-14.54,401.2,15.62,17.28,0.0,1.77,35.98,751.38,0.0,0.0,0.0,4.44,405.64,2.2126
2019-07-07 10:30:00,188,10.5,46,2555,1,0,2402.5,3,35.0,34.84,686.47,706.3,912.3,886.69,0.5779,512.42,301.12,315.66,374.27,-14.54,359.72,15.62,17.28,0.0,1.77,35.98,751.38,0.0,0.0,0.0,4.44,364.17,1.9864
2019-07-07 10:30:00,188,10.5,47,2530,1,0,2402.5,3,35.0,35.49,623.53,706.3,912.3,805.4,0.5785,465.95,301.12,315.66,339.44,-14.54,324.9,15.62,17.44,0.0,1.77,35.98,751.38,0.0,0.0,0.0,4.44,329.35,1.7964
2019-07-07 10:30:00,188,10.5,48,2510,1,0,2402.5,3,35.0,36.01,774.49,706.3,912.3,1000.38,0.579,579.26,301.12,315.66,421.11,-14.54,406.57,15.62,17.57,0.0,1.77,35.98,751.38,0.0,0.0,0.0,4.44,411.02,2.2419
2019-07-07 10:30:00,188,10.5,49,2534,1,0,2402.5,3,35.0,35.39,858.5,706.3,912.3,1108.89,0.5784,641.42,301.12,315.66,467.47,-14.54,452.93,15.62,17.41,0.0,1.77,35.98,751.38,0.0,0.0,0.0,4.44,457.37,2.4947
2019-07-07 10:30:00,188,10.5,50,2531,1,0,2402.5,3,35.0,35.47,598.19,706.3,912.3,772.66,0.5785,446.99,301.12,315.66,325.66,-14.54,311.12,15.62,17.43,0.0,1.77,35.98,751.38,0.0,0.0,0.0,4.44,315.57,1.7213
2019-07-07 10:30:00,188,10.5,51,2531,1,0,2402.5,3,35.0,35.47,819.78,706.3,912.3,1058.88,0.5785,612.58,301.12,315.66,446.31,-14.54,431.76,15.62,17.43,0.0,1.77,35.98,751.38,0.0,0.0,0.0,4.44,436.21,2.3793
2019-07-07 10:30:00,188,10.5,52,2531,1,0,2402.5,3,35.0,35.47,742.46,706.3,912.3,959.02,0.5785,554.8,301.12,315.66,404.21,-14.54,389.67,15.62,17.43,0.0,1.77,35.98,751.38,0.0,0.0,0.0,4.44,394.12,2.1497
2019-07-07 10:30:00,188,10.5,53,2507,1,0,2402.5,3,35.0,36.09,696.05,706.3,912.3,899.06,0.5791,520.67,301.12,315.66,378.4,-14.54,363.86,15.62,17.59,0.0,1.77,35.98,751.38,0.0,0.0,0.0,4.44,368.3,2.0089
2019-07-07 10:30:00,188,10.5,54,2494,1,0,2402.5,3,35.0,36.43,874.2,706.3,912.3,1129.17,0.5795,654.3,301.12,315.66,474.87,-14.54,460.33,15.62,17.67,0.0,1.77,35.98,751.38,0.0,0.0,0.0,4.44,464.77,2.5351
2019-07-07 10:30:00,188,10.5,55,2531,1,0,2402.5,3,35.0,35.47,817.19,706.3,912.3,1055.53,0.5785,610.64,301.12,315.66,444.89,-14.54,430.35,15.62,17.43,0.0,1.77,35.98,751.38,0.0,0.0,0.0,4.44,434.8,2.3716
2019-07-07 10:30:00,188,10.5,56,2531,1,0,2402.5,3,35.0,35.47,744.61,706.3,912.3,961.79,0.5785,556.41,301.12,315.66,405.38,-14.54,390.84,15.62,17.43,0.0,1.77,35.98,751.38,0.0,0.0,0.0,4.44,395.29,2.1561
2019-07-07 10:30:00,188,10.5,57,2507,1,0,2402.5,3,35.0,36.09,698.32,706.3,912.3,902.0,0.5791,522.37,301.12,315.66,379.63,-14.54,365.09,15.62,17.59,0.0,1.77,35.98,751.38,0.0,0.0,0.0,4.44,369.53,2.0156
2019-07-07 10:30:00,188,10.5,58,2494,1,0,2402.5,3,35.0,36.43,875.7,706.3,912.3,1131.12,0.5795,655.43,301.12,315.66,475.69,-14.54,461.15,15.62,17.67,0.0,1.77,35.98,751.38,0.0,0.0,0.0,4.44,465.59,2.5396
2019-07-07 10:30:00,188,10.5,59,2506,1,0,2402.5,3,35.0,36.12,816.68,706.3,912.3,1054.87,0.5791,610.93,301.12,315.66,443.95,-14.54,429.41,15.62,17.6,0.0,1.77,35.98,751.38,0.0,0.0,0.0,4.44,433.85,2.3665
2019-07-07 10:30:00,188,10.5,60,2506,1,0,2402.5,3,35.0,36.12,749.23,706.3,912.3,967.75,0.5791,560.47,301.12,315.66,407.28,-14.54,392.74,15.62,17.6,0.0,1.77,35.98,751.38,0.0,0.0,0.0,4.44,397.18,2.1665
2019-07-07 10:30:00,188,10.5,61,2485,1,0,2402.5,3,35.0,36.66,676.98,706.3,912.3,874.43,0.5797,506.89,301.12,315.66,367.54,-14.54,353.0,15.62,17.73,0.0,1.77,35.98,751.38,0.0,0.0,0.0,4.44,357.44,1.9497
2019-07-07 10:30:00,188,10.5,62,2469,1,0,2402.5,3,35.0,37.08,833.78,706.3,912.3,1076.96,0.5801,624.73,301.12,315.66,452.23,-14.54,437.69,15.62,17.84,0.0,1.77,35.98,751.38,0.0,0.0,0.0,4.44,442.14,2.4117
2019-07-07 10:30:00,188,10.5,63,2506,1,0,2402.5,3,35.0,36.12,545.59,706.3,912.3,704.72,0.5791,408.14,301.12,315.66,296.58,-14.54,282.04,15.62,17.6,0.0,1.77,35.98,751.38,0.0,0.0,0.0,4.44,286.49,1.5627
2019-07-07 10:30:00,188,10.5,64,2506,1,0,2402.5,3,35.0,36.12,837.02,706.3,912.3,1081.14,0.5791,626.14,301.12,315.66,455.0,-14.54,440.46,15.62,17.6,0.0,1.77,35.98,751.38,0.0,0.0,0.0,4.44,444.91,2.4268
2019-07-07 10:30:00,188,10.5,65,2506,1,0,2402.5,3,35.0,36.12,782.68,706.3,912.3,1010.97,0.5791,585.5,301.12,315.66,425.47,-14.54,410.93,15.62,17.6,0.0,1.77,35.98,751.38,0.0,0.0,0.0,4.44,415.37,2.2657
2019-07-07 10:30:00,188,10.5,66,2485,1,0,2402.5,3,35.0,36.66,703.06,706.3,912.3,908.12,0.5797,526.42,301.12,315.66,381.7,-14.54,367.16,15.62,17.73,0.0,1.77,35.98,751.38,0.0,0.0,0.0,4.44,371.6,2.0269
2019-07-07 10:30:00,188,10.5,67,2455,1,0,2402.5,3,35.0,37.44,861.39,706.3,912.3,1112.62,0.5804,645.81,301.12,315.66,466.81,-14.54,452.27,15.62,17.93,0.0,1.77,35.98,751.38,0.0,0.0,0.0,4.44,456.71,2.4912
2019-07-07 10:30:00,188,10.5,68,2489,1,0,2402.5,3,35.0,36.56,512.59,706.3,912.3,662.09,0.5796,383.73,301.12,315.66,278.36,-14.54,263.82,15.62,17.71,0.0,1.77,35.98,751.38,0.0,0.0,0.0,4.44,268.26,1.4632
2019-07-07 10:30:00,188,10.5,69,2489,1,0,2402.5,3,35.0,36.56,826.64,706.3,912.3,1067.74,0.5796,618.84,301.12,315.66,448.9,-14.54,434.36,15.62,17.71,0.0,1.77,35.98,751.38,0.0,0.0,0.0,4.44,438.81,2.3935
2019-07-07 10:30:00,188,10.5,70,2489,1,0,2402.5,3,35.0,36.56,777.49,706.3,912.3,1004.25,0.5796,582.04,301.12,315.66,422.21,-14.54,407.67,15.62,17.71,0.0,1.77,35.98,751.38,0.0,0.0,0.0,4.44,412.11,2.2479
2019-07-07 10:30:00,188,10.5,71,2477,1,0,2402.5,3,35.0,36.87,702.98,706.3,912.3,908.01,0.5799,526.54,301.12,315.66,381.47,-14.54,366.93,15.62,17.79,0.0,1.77,35.98,751.38,0.0,0.0,0.0,4.44,371.37,2.0257
2019-07-07 10:30:00,188,10.5,72,2455,1,0,2402.5,3,35.0,37.44,856.28,706.3,912.3,1106.03,0.5804,641.98,301.12,315.66,464.05,-14.54,449.51,15.62,17.93,0.0,1.77,35.98,751.38,0.0,0.0,0.0,4.44,453.95,2.4761
2019-07-07 10:30:00,188,10.5,73,2485,1,0,2402.5,3,35.0,36.66,489.78,706.3,912.3,632.63,0.5797,366.73,301.12,315.66,265.91,-14.54,251.37,15.62,17.73,0.0,1.77,35.98,751.38,0.0,0.0,0.0,4.44,255.81,1.3953
2019-07-07 10:30:00,188,10.5,74,2485,1,0,2402.5,3,35.0,36.66,851.05,706.3,912.3,1099.27,0.5797,637.22,301.12,315.66,462.04,-14.54,447.5,15.62,17.73,0.0,1.77,35.98,751.38,0.0,0.0,0.0,4.44,451.95,2.4652
2019-07-07 10:30:00,188,10.5,75,2485,1,0,2402.5,3,35.0,36.66,777.73,706.3,912.3,1004.57,0.5797,582.33,301.12,315.66,422.24,-14.54,407.7,15.62,17.73,0.0,1.77,35.98,751.38,0.0,0.0,0.0,4.44,412.14,2.2481
2019-07-07 10:30:00,188,10.5,76,2466,1,0,2402.5,3,35.0,37.16,659.47,706.3,912.3,851.82,0.5802,494.19,301.12,315.66,357.63,-14.54,343.08,15.62,17.86,0.0,1.77,35.98,751.38,0.0,0.0,0.0,4.44,347.53,1.8956
2019-07-07 10:30:00,188,10.5,77,2445,1,0,2402.5,3,35.0,37.7,783.32,706.3,912.3,1011.79,0.5807,587.54,301.12,315.66,424.25,-14.54,409.71,15.62,17.99,0.0,1.77,35.98,751.38,0.0,0.0,0.0,4.44,414.15,2.259
2019-07-07 10:30:00,188,10.5,78,2478,1,0,2402.5,3,35.0,36.85,850.9,706.3,912.3,1099.08,0.5799,637.31,301.12,315.66,461.77,-14.54,447.23,15.62,17.78,0.0,1.77,35.98,751.38,0.0,0.0,0.0,4.44,451.67,2.4637
2019-07-07 10:30:00,188,10.5,79,2478,1,0,2402.5,3,35.0,36.85,745.53,706.3,912.3,962.97,0.5799,558.39,301.12,315.66,404.59,-14.54,390.05,15.62,17.78,0.0,1.77,35.98,751.38,0.0,0.0,0.0,4.44,394.49,2.1518
2019-07-07 10:30:00,188,10.5,80,2449,1,0,2402.5,3,35.0,37.6,592.03,706.3,912.3,764.7,0.5806,443.98,301.12,315.66,320.72,-14.54,306.18,15.62,17.97,0.0,1.77,35.98,751.38,0.0,0.0,0.0,4.44,310.62,1.6943
2019-07-07 10:30:00,188,10.5,81,2412,1,0,2402.5,3,35.0,38.56,737.48,706.3,912.3,952.58,0.5815,553.95,301.12,315.66,398.63,-14.54,384.08,15.62,18.21,0.0,1.77,35.98,751.38,0.0,0.0,0.0,4.44,388.53,2.1192
2019-07-07 10:30:00,188,10.5,82,2443,1,0,2402.5,3,35.0,37.76,794.7,706.3,912.3,1026.49,0.5807,596.13,301.12,315.66,430.36,-14.54,415.82,15.62,18.01,0.0,1.77,35.98,751.38,0.0,0.0,0.0,4.44,420.27,2.2924
2019-07-07 10:30:00,188,10.5,83,2474,1,0,2402.5,3,35.0,36.95,871.12,706.3,912.3,1125.2,0.58,652.57,301.12,315.66,472.63,-14.54,458.09,15.62,17.8,0.0,1.77,35.98,751.38,0.0,0.0,0.0,4.44,462.53,2.5229
2019-07-07 10:30:00,188,10.5,84,2474,1,0,2402.5,3,35.0,36.95,732.15,706.3,912.3,945.69,0.58,548.46,301.12,315.66,397.23,-14.54,382.69,15.62,17.8,0.0,1.77,35.98,751.38,0.0,0.0,0.0,4.44,387.13,2.1116
2019-07-07 10:30:00,188,10.5,85,2436,1,0,2402.5,3,35.0,37.94,551.24,706.3,912.3,712.01,0.5809,413.62,301.12,315.66,298.39,-14.54,283.85,15.62,18.05,0.0,1.77,35.98,751.38,0.0,0.0,0.0,4.44,288.29,1.5725
2019-07-07 10:30:00,188,10.5,86,2397,0,0,2402.5,3,35.0,38.95,699.6,706.3,912.3,903.65,0.2445,220.91,301.12,315.66,682.74,-14.54,668.2,15.62,18.3,0.0,1.77,35.98,751.38,0.0,0.0,0.0,24.44,692.64,3.7217
2019-07-07 10:30:00,188,10.5,87,2415,1,0,2402.5,3,35.0,38.48,769.59,706.3,912.3,994.05,0.5815,577.99,301.12,315.66,416.06,-14.54,401.51,15.62,18.19,0.0,1.77,35.98,751.38,0.0,0.0,0.0,4.44,405.96,2.2143
2019-07-07 10:30:00,188,10.5,88,2476,1,0,2402.5,3,35.0,36.9,722.17,706.3,912.3,932.8,0.5799,540.94,301.12,315.66,391.86,-14.54,377.32,15.62,17.79,0.0,1.77,35.98,751.38,0.0,0.0,0.0,4.44,381.77,2.0824
2019-07-07 10:30:00,188,10.5,89,2428,1,0,2402.5,3,35.0,38.15,505.05,706.3,912.3,652.35,0.5811,379.1,301.12,315.66,273.26,-14.54,258.71,15.62,18.1,0.0,1.77,35.98,751.38,0.0,0.0,0.0,4.44,263.16,1.4354
2019-07-07 10:30:00,188,10.5,90,2377,0,0,2402.5,3,35.0,39.47,646.63,706.3,912.3,835.23,0.245,204.6,301.12,315.66,630.63,-14.54,616.08,15.62,18.43,0.0,1.77,35.98,751.38,0.0,0.0,0.0,24.44,640.53,3.4416
2019-07-07 10:30:00,188,10.5,91,2378,0,0,2402.5,3,35.0,39.45,752.03,706.3,912.3,971.37,0.2449,237.93,301.12,315.66,733.44,-14.54,718.9,15.62,18.43,0.0,1.77,35.98,751.38,0.0,0.0,0.0,24.44,743.34,3.9941
2019-07-07 10:30:00,188,10.5,92,2496,1,0,2402.5,3,35.0,36.38,707.67,706.3,912.3,914.08,0.5794,529.62,301.12,315.66,384.46,-14.54,369.92,15.62,17.66,0.0,1.77,35.98,751.38,0.0,0.0,0.0,4.44,374.36,2.042
2019-07-07 10:30:00,188,10.5,93,2423,1,0,2402.5,3,35.0,38.28,470.83,706.3,912.3,608.15,0.5813,353.49,301.12,315.66,254.66,-14.54,240.12,15.62,18.14,0.0,1.77,35.98,751.38,0.0,0.0,0.0,4.44,244.57,1.334
2019-07-07 10:30:00,188,10.5,95,2372,0,0,2402.5,3,35.0,39.6,607.18,706.3,912.3,784.27,0.2451,192.22,301.12,315.66,592.05,-14.54,577.51,15.62,18.47,0.0,1.77,35.98,751.38,0.0,0.0,0.0,24.44,601.95,3.2344
2019-07-07 10:30:00,188,10.5,97,2358,0,0,2402.5,3,35.0,39.97,784.51,706.3,912.3,1013.32,0.2454,248.72,301.12,315.66,764.6,-14.54,750.06,15.62,18.56,0.0,1.77,35.98,751.38,0.0,0.0,0.0,24.44,774.51,4.1615
2019-07-07 10:30:00,188,10.5,98,2554,1,0,2402.5,3,35.0,34.87,642.34,706.3,912.3,829.68,0.5779,479.5,301.12,315.66,350.18,-14.54,335.64,15.62,17.28,0.0,1.77,35.98,751.38,0.0,0.0,0.0,4.44,340.09,1.855
2019-07-07 10:30:00,188,10.5,99,2451,1,0,2402.5,3,35.0,37.55,587.02,706.3,912.3,758.23,0.5805,440.18,301.12,315.66,318.05,-14.54,303.5,15.62,17.95,0.0,1.77,35.98,751.38,0.0,0.0,0.0,4.44,307.95,1.6797
2019-07-07 10:30:00,188,10.5,100,2361,0,0,2402.5,3,35.0,39.89,515.22,706.3,912.3,665.49,0.2454,163.29,301.12,315.66,502.2,-14.54,487.66,15.62,18.54,0.0,1.77,35.98,751.38,0.0,0.0,0.0,24.44,512.1,2.7516
2019-07-07 11:00:00,188,11.0,94,2563,1,0,2402.5,3,35.0,34.64,562.1,764.18,890.5,655.01,0.5777,378.4,301.48,315.66,276.61,-14.18,262.43,14.75,17.23,0.0,1.77,38.67,751.33,0.0,0.0,0.0,4.44,266.88,1.4557
2019-07-07 11:00:00,188,11.0,96,2549,1,0,2402.5,3,35.0,35.0,764.18,764.18,890.5,890.5,0.5781,514.76,301.48,315.66,375.74,-14.18,361.56,14.75,17.32,0.0,1.77,38.67,751.33,0.0,0.0,0.0,4.44,366.01,1.9964
2019-07-07 11:00:00,188,11.0,1,2612,1,0,2402.5,3,35.0,33.36,614.1,764.18,890.5,715.62,0.5765,412.52,301.48,315.66,303.09,-14.18,288.91,14.75,16.91,0.0,1.77,38.67,751.33,0.0,0.0,0.0,4.44,293.36,1.6001
2019-07-07 11:00:00,188,11.0,2,2612,1,0,2402.5,3,35.0,33.36,663.35,764.18,890.5,773.0,0.5765,445.61,301.48,315.66,327.4,-14.18,313.22,14.75,16.91,0.0,1.77,38.67,751.33,0.0,0.0,0.0,4.44,317.66,1.7327
2019-07-07 11:00:00,188,11.0,3,2610,1,0,2402.5,3,35.0,33.41,594.64,764.18,890.5,692.94,0.5765,399.49,301.48,315.66,293.45,-14.18,279.28,14.75,16.92,0.0,1.77,38.67,751.33,0.0,0.0,0.0,4.44,283.72,1.5476
2019-07-07 11:00:00,188,11.0,4,2583,1,0,2402.5,3,35.0,34.12,687.82,764.18,890.5,801.53,0.5772,462.64,301.48,315.66,338.89,-14.18,324.71,14.75,17.1,0.0,1.77,38.67,751.33,0.0,0.0,0.0,4.44,329.16,1.7954
2019-07-07 11:00:00,188,11.0,5,2583,1,0,2402.5,3,35.0,34.12,661.7,764.18,890.5,771.09,0.5772,445.07,301.48,315.66,326.02,-14.18,311.84,14.75,17.1,0.0,1.77,38.67,751.33,0.0,0.0,0.0,4.44,316.29,1.7252
2019-07-07 11:00:00,188,11.0,6,2546,1,0,2402.5,3,35.0,35.08,672.75,764.18,890.5,783.96,0.5781,453.23,301.48,315.66,330.73,-14.18,316.55,14.75,17.34,0.0,1.77,38.67,751.33,0.0,0.0,0.0,4.44,320.99,1.7509
2019-07-07 11:00:00,188,11.0,7,2546,1,0,2402.5,3,35.0,35.08,685.25,764.18,890.5,798.53,0.5781,461.66,301.48,315.66,336.87,-14.18,322.7,14.75,17.34,0.0,1.77,38.67,751.33,0.0,0.0,0.0,4.44,327.14,1.7844
2019-07-07 11:00:00,188,11.0,8,2639,1,0,2402.5,3,35.0,32.66,628.73,764.18,890.5,732.67,0.5758,421.85,301.48,315.66,310.82,-14.18,296.64,14.75,16.73,0.0,1.77,38.67,751.33,0.0,0.0,0.0,4.44,301.08,1.6423
2019-07-07 11:00:00,188,11.0,9,2610,1,0,2402.5,3,35.0,33.41,563.12,764.18,890.5,656.21,0.5765,378.31,301.48,315.66,277.9,-14.18,263.72,14.75,16.92,0.0,1.77,38.67,751.33,0.0,0.0,0.0,4.44,268.16,1.4627
2019-07-07 11:00:00,188,11.0,10,2579,1,0,2402.5,3,35.0,34.22,670.44,764.18,890.5,781.27,0.5773,451.03,301.48,315.66,330.25,-14.18,316.07,14.75,17.12,0.0,1.77,38.67,751.33,0.0,0.0,0.0,4.44,320.51,1.7483
2019-07-07 11:00:00,188,11.0,11,2579,1,0,2402.5,3,35.0,34.22,686.84,764.18,890.5,800.38,0.5773,462.06,301.48,315.66,338.32,-14.18,324.15,14.75,17.12,0.0,1.77,38.67,751.33,0.0,0.0,0.0,4.44,328.59,1.7923
2019-07-07 11:00:00,188,11.0,12,2546,1,0,2402.5,3,35.0,35.08,594.67,764.18,890.5,692.97,0.5781,400.63,301.48,315.66,292.34,-14.18,278.17,14.75,17.34,0.0,1.77,38.67,751.33,0.0,0.0,0.0,4.44,282.61,1.5415
2019-07-07 11:00:00,188,11.0,13,2530,1,0,2402.5,3,35.0,35.49,663.71,764.18,890.5,773.42,0.5785,447.45,301.48,315.66,325.97,-14.18,311.79,14.75,17.44,0.0,1.77,38.67,751.33,0.0,0.0,0.0,4.44,316.23,1.7249
2019-07-07 11:00:00,188,11.0,14,2530,1,0,2402.5,3,35.0,35.49,630.34,764.18,890.5,734.54,0.5785,424.96,301.48,315.66,309.58,-14.18,295.4,14.75,17.44,0.0,1.77,38.67,751.33,0.0,0.0,0.0,4.44,299.85,1.6355
2019-07-07 11:00:00,188,11.0,15,2494,1,0,2402.5,3,35.0,36.43,643.44,764.18,890.5,749.81,0.5795,434.48,301.48,315.66,315.33,-14.18,301.15,14.75,17.67,0.0,1.77,38.67,751.33,0.0,0.0,0.0,4.44,305.6,1.6669
2019-07-07 11:00:00,188,11.0,16,2494,1,0,2402.5,3,35.0,36.43,646.8,764.18,890.5,753.72,0.5795,436.75,301.48,315.66,316.98,-14.18,302.8,14.75,17.67,0.0,1.77,38.67,751.33,0.0,0.0,0.0,4.44,307.24,1.6759
2019-07-07 11:00:00,188,11.0,17,2462,1,0,2402.5,3,35.0,37.26,661.64,764.18,890.5,771.02,0.5803,447.39,301.48,315.66,323.62,-14.18,309.45,14.75,17.88,0.0,1.77,38.67,751.33,0.0,0.0,0.0,4.44,313.89,1.7121
2019-07-07 11:00:00,188,11.0,18,2630,1,0,2402.5,3,35.0,32.89,762.57,764.18,890.5,888.63,0.576,511.85,301.48,315.66,376.78,-14.18,362.6,14.75,16.79,0.0,1.77,38.67,751.33,0.0,0.0,0.0,4.44,367.04,2.002
2019-07-07 11:00:00,188,11.0,19,2630,1,0,2402.5,3,35.0,32.89,682.23,764.18,890.5,795.01,0.576,457.93,301.48,315.66,337.08,-14.18,322.9,14.75,16.79,0.0,1.77,38.67,751.33,0.0,0.0,0.0,4.44,327.35,1.7855
2019-07-07 11:00:00,188,11.0,20,2604,1,0,2402.5,3,35.0,33.57,543.36,764.18,890.5,633.18,0.5767,365.13,301.48,315.66,268.05,-14.18,253.87,14.75,16.96,0.0,1.77,38.67,751.33,0.0,0.0,0.0,4.44,258.32,1.409
2019-07-07 11:00:00,188,11.0,21,2563,1,0,2402.5,3,35.0,34.64,562.1,764.18,890.5,655.01,0.5777,378.4,301.48,315.66,276.61,-14.18,262.43,14.75,17.23,0.0,1.77,38.67,751.33,0.0,0.0,0.0,4.44,266.88,1.4557
2019-07-07 11:00:00,188,11.0,22,2556,1,0,2402.5,3,35.0,34.82,672.48,764.18,890.5,783.65,0.5779,452.85,301.48,315.66,330.79,-14.18,316.62,14.75,17.27,0.0,1.77,38.67,751.33,0.0,0.0,0.0,4.44,321.06,1.7512
2019-07-07 11:00:00,188,11.0,23,2549,1,0,2402.5,3,35.0,35.0,764.18,764.18,890.5,890.5,0.5781,514.76,301.48,315.66,375.74,-14.18,361.56,14.75,17.32,0.0,1.77,38.67,751.33,0.0,0.0,0.0,4.44,366.01,1.9964
2019-07-07 11:00:00,188,11.0,24,2549,1,0,2402.5,3,35.0,35.0,739.72,764.18,890.5,862.0,0.5781,498.29,301.48,315.66,363.72,-14.18,349.54,14.75,17.32,0.0,1.77,38.67,751.33,0.0,0.0,0.0,4.44,353.98,1.9308
2019-07-07 11:00:00,188,11.0,25,2524,1,0,2402.5,3,35.0,35.65,666.5,764.18,890.5,776.68,0.5787,449.46,301.48,315.66,327.22,-14.18,313.04,14.75,17.48,0.0,1.77,38.67,751.33,0.0,0.0,0.0,4.44,317.49,1.7318
2019-07-07 11:00:00,188,11.0,26,2502,1,0,2402.5,3,35.0,36.22,754.42,764.18,890.5,879.13,0.5792,509.24,301.48,315.66,369.9,-14.18,355.72,14.75,17.62,0.0,1.77,38.67,751.33,0.0,0.0,0.0,4.44,360.16,1.9645
2019-07-07 11:00:00,188,11.0,27,2502,1,0,2402.5,3,35.0,36.22,736.28,764.18,890.5,857.99,0.5792,496.99,301.48,315.66,361.0,-14.18,346.82,14.75,17.62,0.0,1.77,38.67,751.33,0.0,0.0,0.0,4.44,351.27,1.916
2019-07-07 11:00:00,188,11.0,28,2477,1,0,2402.5,3,35.0,36.87,749.05,764.18,890.5,872.87,0.5799,506.16,301.48,315.66,366.71,-14.18,352.53,14.75,17.79,0.0,1.77,38.67,751.33,0.0,0.0,0.0,4.44,356.97,1.9471
2019-07-07 11:00:00,188,11.0,29,2477,1,0,2402.5,3,35.0,36.87,748.37,764.18,890.5,872.08,0.5799,505.7,301.48,315.66,366.38,-14.18,352.2,14.75,17.79,0.0,1.77,38.67,751.33,0.0,0.0,0.0,4.44,356.64,1.9453
2019-07-07 11:00:00,188,11.0,30,2440,1,0,2402.5,3,35.0,37.83,787.96,764.18,890.5,918.21,0.5808,533.32,301.48,315.66,384.9,-14.18,370.72,14.75,18.03,0.0,1.77,38.67,751.33,0.0,0.0,0.0,4.44,375.16,2.0463
2019-07-07 11:00:00,188,11.0,31,2620,1,0,2402.5,3,35.0,33.15,680.82,764.18,890.5,793.36,0.5763,457.18,301.48,315.66,336.18,-14.18,322.0,14.75,16.86,0.0,1.77,38.67,751.33,0.0,0.0,0.0,4.44,326.45,1.7806
2019-07-07 11:00:00,188,11.0,32,2576,1,0,2402.5,3,35.0,34.3,611.28,764.18,890.5,712.33,0.5774,411.28,301.48,315.66,301.05,-14.18,286.87,14.75,17.14,0.0,1.77,38.67,751.33,0.0,0.0,0.0,4.44,291.32,1.589
2019-07-07 11:00:00,188,11.0,33,2576,1,0,2402.5,3,35.0,34.3,745.26,764.18,890.5,868.45,0.5774,501.42,301.48,315.66,367.03,-14.18,352.85,14.75,17.14,0.0,1.77,38.67,751.33,0.0,0.0,0.0,4.44,357.3,1.9489
2019-07-07 11:00:00,188,11.0,34,2576,1,0,2402.5,3,35.0,34.3,674.3,764.18,890.5,785.77,0.5774,453.68,301.48,315.66,332.09,-14.18,317.91,14.75,17.14,0.0,1.77,38.67,751.33,0.0,0.0,0.0,4.44,322.35,1.7583
2019-07-07 11:00:00,188,11.0,35,2556,1,0,2402.5,3,35.0,34.82,595.68,764.18,890.5,694.15,0.5779,401.14,301.48,315.66,293.02,-14.18,278.84,14.75,17.27,0.0,1.77,38.67,751.33,0.0,0.0,0.0,4.44,283.28,1.5452
2019-07-07 11:00:00,188,11.0,36,2533,1,0,2402.5,3,35.0,35.42,711.63,764.18,890.5,829.27,0.5785,479.7,301.48,315.66,349.57,-14.18,335.39,14.75,17.42,0.0,1.77,38.67,751.33,0.0,0.0,0.0,4.44,339.84,1.8537
2019-07-07 11:00:00,188,11.0,37,2532,1,0,2402.5,3,35.0,35.44,851.17,764.18,890.5,991.87,0.5785,573.78,301.48,315.66,418.09,-14.18,403.91,14.75,17.43,0.0,1.77,38.67,751.33,0.0,0.0,0.0,4.44,408.35,2.2274
2019-07-07 11:00:00,188,11.0,38,2534,1,0,2402.5,3,35.0,35.39,877.49,764.18,890.5,1022.55,0.5784,591.48,301.48,315.66,431.07,-14.18,416.89,14.75,17.41,0.0,1.77,38.67,751.33,0.0,0.0,0.0,4.44,421.34,2.2982
2019-07-07 11:00:00,188,11.0,39,2534,1,0,2402.5,3,35.0,35.39,833.62,764.18,890.5,971.42,0.5784,561.91,301.48,315.66,409.52,-14.18,395.34,14.75,17.41,0.0,1.77,38.67,751.33,0.0,0.0,0.0,4.44,399.78,2.1806
2019-07-07 11:00:00,188,11.0,40,2515,1,0,2402.5,3,35.0,35.88,746.17,764.18,890.5,869.52,0.5789,503.38,301.48,315.66,366.14,-14.18,351.96,14.75,17.54,0.0,1.77,38.67,751.33,0.0,0.0,0.0,4.44,356.4,1.944
2019-07-07 11:00:00,188,11.0,41,2487,1,0,2402.5,3,35.0,36.61,810.31,764.18,890.5,944.26,0.5796,547.32,301.48,315.66,396.94,-14.18,382.76,14.75,17.72,0.0,1.77,38.67,751.33,0.0,0.0,0.0,4.44,387.21,2.112
2019-07-07 11:00:00,188,11.0,42,2487,1,0,2402.5,3,35.0,36.61,800.55,764.18,890.5,932.89,0.5796,540.73,301.48,315.66,392.16,-14.18,377.98,14.75,17.72,0.0,1.77,38.67,751.33,0.0,0.0,0.0,4.44,382.43,2.086
2019-07-07 11:00:00,188,11.0,43,2464,1,0,2402.5,3,35.0,37.21,789.21,764.18,890.5,919.67,0.5802,533.6,301.48,315.66,386.07,-14.18,371.89,14.75,17.87,0.0,1.77,38.67,751.33,0.0,0.0,0.0,4.44,376.33,2.0527
2019-07-07 11:00:00,188,11.0,44,2555,1,0,2402.5,3,35.0,34.84,632.57,764.18,890.5,737.14,0.5779,426.0,301.48,315.66,311.15,-14.18,296.97,14.75,17.28,0.0,1.77,38.67,751.33,0.0,0.0,0.0,4.44,301.41,1.6441
2019-07-07 11:00:00,188,11.0,45,2555,1,0,2402.5,3,35.0,34.84,817.92,764.18,890.5,953.13,0.5779,550.82,301.48,315.66,402.31,-14.18,388.13,14.75,17.28,0.0,1.77,38.67,751.33,0.0,0.0,0.0,4.44,392.58,2.1413
2019-07-07 11:00:00,188,11.0,46,2555,1,0,2402.5,3,35.0,34.84,737.28,764.18,890.5,859.16,0.5779,496.51,301.48,315.66,362.65,-14.18,348.47,14.75,17.28,0.0,1.77,38.67,751.33,0.0,0.0,0.0,4.44,352.91,1.925
2019-07-07 11:00:00,188,11.0,47,2530,1,0,2402.5,3,35.0,35.49,669.43,764.18,890.5,780.09,0.5785,451.31,301.48,315.66,328.78,-14.18,314.6,14.75,17.44,0.0,1.77,38.67,751.33,0.0,0.0,0.0,4.44,319.04,1.7402
2019-07-07 11:00:00,188,11.0,48,2510,1,0,2402.5,3,35.0,36.01,821.9,764.18,890.5,957.77,0.579,554.59,301.48,315.66,403.18,-14.18,389.0,14.75,17.57,0.0,1.77,38.67,751.33,0.0,0.0,0.0,4.44,393.44,2.1461
2019-07-07 11:00:00,188,11.0,49,2534,1,0,2402.5,3,35.0,35.39,880.43,764.18,890.5,1025.97,0.5784,593.46,301.48,315.66,432.51,-14.18,418.33,14.75,17.41,0.0,1.77,38.67,751.33,0.0,0.0,0.0,4.44,422.78,2.3061
2019-07-07 11:00:00,188,11.0,50,2531,1,0,2402.5,3,35.0,35.47,622.58,764.18,890.5,725.5,0.5785,419.71,301.48,315.66,305.79,-14.18,291.61,14.75,17.43,0.0,1.77,38.67,751.33,0.0,0.0,0.0,4.44,296.06,1.6148
2019-07-07 11:00:00,188,11.0,51,2531,1,0,2402.5,3,35.0,35.47,862.16,764.18,890.5,1004.68,0.5785,581.22,301.48,315.66,423.46,-14.18,409.28,14.75,17.43,0.0,1.77,38.67,751.33,0.0,0.0,0.0,4.44,413.73,2.2567
2019-07-07 11:00:00,188,11.0,52,2531,1,0,2402.5,3,35.0,35.47,779.34,764.18,890.5,908.18,0.5785,525.39,301.48,315.66,382.79,-14.18,368.61,14.75,17.43,0.0,1.77,38.67,751.33,0.0,0.0,0.0,4.44,373.05,2.0348
2019-07-07 11:00:00,188,11.0,53,2507,1,0,2402.5,3,35.0,36.09,728.02,764.18,890.5,848.37,0.5791,491.31,301.48,315.66,357.06,-14.18,342.88,14.75,17.59,0.0,1.77,38.67,751.33,0.0,0.0,0.0,4.44,347.33,1.8945
2019-07-07 11:00:00,188,11.0,54,2494,1,0,2402.5,3,35.0,36.43,911.72,764.18,890.5,1062.43,0.5795,615.63,301.48,315.66,446.8,-14.18,432.63,14.75,17.67,0.0,1.77,38.67,751.33,0.0,0.0,0.0,4.44,437.07,2.384
2019-07-07 11:00:00,188,11.0,55,2531,1,0,2402.5,3,35.0,35.47,860.21,764.18,890.5,1002.41,0.5785,579.91,301.48,315.66,422.5,-14.18,408.32,14.75,17.43,0.0,1.77,38.67,751.33,0.0,0.0,0.0,4.44,412.77,2.2515
2019-07-07 11:00:00,188,11.0,56,2531,1,0,2402.5,3,35.0,35.47,782.05,764.18,890.5,911.33,0.5785,527.21,301.48,315.66,384.11,-14.18,369.93,14.75,17.43,0.0,1.77,38.67,751.33,0.0,0.0,0.0,4.44,374.38,2.0421
2019-07-07 11:00:00,188,11.0,57,2507,1,0,2402.5,3,35.0,36.09,732.04,764.18,890.5,853.06,0.5791,494.02,301.48,315.66,359.03,-14.18,344.85,14.75,17.59,0.0,1.77,38.67,751.33,0.0,0.0,0.0,4.44,349.3,1.9053
2019-07-07 11:00:00,188,11.0,58,2494,1,0,2402.5,3,35.0,36.43,919.97,764.18,890.5,1072.04,0.5795,621.2,301.48,315.66,450.85,-14.18,436.67,14.75,17.67,0.0,1.77,38.67,751.33,0.0,0.0,0.0,4.44,441.11,2.4061
2019-07-07 11:00:00,188,11.0,59,2506,1,0,2402.5,3,35.0,36.12,859.68,764.18,890.5,1001.79,0.5791,580.18,301.48,315.66,421.61,-14.18,407.43,14.75,17.6,0.0,1.77,38.67,751.33,0.0,0.0,0.0,4.44,411.87,2.2466
2019-07-07 11:00:00,188,11.0,60,2506,1,0,2402.5,3,35.0,36.12,786.98,764.18,890.5,917.08,0.5791,531.12,301.48,315.66,385.96,-14.18,371.78,14.75,17.6,0.0,1.77,38.67,751.33,0.0,0.0,0.0,4.44,376.22,2.0521
2019-07-07 11:00:00,188,11.0,61,2485,1,0,2402.5,3,35.0,36.66,712.06,764.18,890.5,829.77,0.5797,481.0,301.48,315.66,348.77,-14.18,334.59,14.75,17.73,0.0,1.77,38.67,751.33,0.0,0.0,0.0,4.44,339.04,1.8493
2019-07-07 11:00:00,188,11.0,62,2469,1,0,2402.5,3,35.0,37.08,885.92,764.18,890.5,1032.37,0.5801,598.86,301.48,315.66,433.51,-14.18,419.33,14.75,17.84,0.0,1.77,38.67,751.33,0.0,0.0,0.0,4.44,423.78,2.3115
2019-07-07 11:00:00,188,11.0,63,2506,1,0,2402.5,3,35.0,36.12,562.41,764.18,890.5,655.38,0.5791,379.56,301.48,315.66,275.82,-14.18,261.64,14.75,17.6,0.0,1.77,38.67,751.33,0.0,0.0,0.0,4.44,266.08,1.4514
2019-07-07 11:00:00,188,11.0,64,2506,1,0,2402.5,3,35.0,36.12,874.82,764.18,890.5,1019.44,0.5791,590.41,301.48,315.66,429.03,-14.18,414.86,14.75,17.6,0.0,1.77,38.67,751.33,0.0,0.0,0.0,4.44,419.3,2.2871
2019-07-07 11:00:00,188,11.0,65,2506,1,0,2402.5,3,35.0,36.12,814.94,764.18,890.5,949.66,0.5791,549.99,301.48,315.66,399.67,-14.18,385.49,14.75,17.6,0.0,1.77,38.67,751.33,0.0,0.0,0.0,4.44,389.93,2.1269
2019-07-07 11:00:00,188,11.0,66,2485,1,0,2402.5,3,35.0,36.66,727.74,764.18,890.5,848.04,0.5797,491.59,301.48,315.66,356.45,-14.18,342.27,14.75,17.73,0.0,1.77,38.67,751.33,0.0,0.0,0.0,4.44,346.71,1.8912
2019-07-07 11:00:00,188,11.0,67,2455,1,0,2402.5,3,35.0,37.44,899.49,764.18,890.5,1048.18,0.5804,608.41,301.48,315.66,439.78,-14.18,425.6,14.75,17.93,0.0,1.77,38.67,751.33,0.0,0.0,0.0,4.44,430.04,2.3457
2019-07-07 11:00:00,188,11.0,68,2489,1,0,2402.5,3,35.0,36.56,527.95,764.18,890.5,615.23,0.5796,356.57,301.48,315.66,258.66,-14.18,244.48,14.75,17.71,0.0,1.77,38.67,751.33,0.0,0.0,0.0,4.44,248.92,1.3578
2019-07-07 11:00:00,188,11.0,69,2489,1,0,2402.5,3,35.0,36.56,867.05,764.18,890.5,1010.38,0.5796,585.59,301.48,315.66,424.79,-14.18,410.61,14.75,17.71,0.0,1.77,38.67,751.33,0.0,0.0,0.0,4.44,415.05,2.2639
2019-07-07 11:00:00,188,11.0,70,2489,1,0,2402.5,3,35.0,36.56,814.11,764.18,890.5,948.69,0.5796,549.84,301.48,315.66,398.85,-14.18,384.67,14.75,17.71,0.0,1.77,38.67,751.33,0.0,0.0,0.0,4.44,389.12,2.1225
2019-07-07 11:00:00,188,11.0,71,2477,1,0,2402.5,3,35.0,36.87,732.02,764.18,890.5,853.03,0.5799,494.66,301.48,315.66,358.38,-14.18,344.2,14.75,17.79,0.0,1.77,38.67,751.33,0.0,0.0,0.0,4.44,348.64,1.9017
2019-07-07 11:00:00,188,11.0,72,2455,1,0,2402.5,3,35.0,37.44,892.58,764.18,890.5,1040.13,0.5804,603.73,301.48,315.66,436.4,-14.18,422.22,14.75,17.93,0.0,1.77,38.67,751.33,0.0,0.0,0.0,4.44,426.66,2.3273
2019-07-07 11:00:00,188,11.0,73,2485,1,0,2402.5,3,35.0,36.66,496.81,764.18,890.5,578.94,0.5797,335.6,301.48,315.66,243.34,-14.18,229.16,14.75,17.73,0.0,1.77,38.67,751.33,0.0,0.0,0.0,4.44,233.61,1.2742
2019-07-07 11:00:00,188,11.0,74,2485,1,0,2402.5,3,35.0,36.66,884.87,764.18,890.5,1031.15,0.5797,597.74,301.48,315.66,433.41,-14.18,419.24,14.75,17.73,0.0,1.77,38.67,751.33,0.0,0.0,0.0,4.44,423.68,2.311
2019-07-07 11:00:00,188,11.0,75,2485,1,0,2402.5,3,35.0,36.66,810.09,764.18,890.5,944.0,0.5797,547.22,301.48,315.66,396.78,-14.18,382.6,14.75,17.73,0.0,1.77,38.67,751.33,0.0,0.0,0.0,4.44,387.05,2.1112
2019-07-07 11:00:00,188,11.0,76,2466,1,0,2402.5,3,35.0,37.16,693.78,764.18,890.5,808.47,0.5802,469.04,301.48,315.66,339.43,-14.18,325.25,14.75,17.86,0.0,1.77,38.67,751.33,0.0,0.0,0.0,4.44,329.69,1.7983
2019-07-07 11:00:00,188,11.0,77,2445,1,0,2402.5,3,35.0,37.7,835.2,764.18,890.5,973.26,0.5807,565.17,301.48,315.66,408.1,-14.18,393.92,14.75,17.99,0.0,1.77,38.67,751.33,0.0,0.0,0.0,4.44,398.36,2.1729
2019-07-07 11:00:00,188,11.0,78,2478,1,0,2402.5,3,35.0,36.85,884.73,764.18,890.5,1030.98,0.5799,597.82,301.48,315.66,433.16,-14.18,418.98,14.75,17.78,0.0,1.77,38.67,751.33,0.0,0.0,0.0,4.44,423.43,2.3096
2019-07-07 11:00:00,188,11.0,79,2478,1,0,2402.5,3,35.0,36.85,776.16,764.18,890.5,904.47,0.5799,524.46,301.48,315.66,380.01,-14.18,365.83,14.75,17.78,0.0,1.77,38.67,751.33,0.0,0.0,0.0,4.44,370.27,2.0197
2019-07-07 11:00:00,188,11.0,80,2449,1,0,2402.5,3,35.0,37.6,623.52,764.18,890.5,726.59,0.5806,421.85,301.48,315.66,304.74,-14.18,290.56,14.75,17.97,0.0,1.77,38.67,751.33,0.0,0.0,0.0,4.44,295.0,1.6091
2019-07-07 11:00:00,188,11.0,81,2412,1,0,2402.5,3,35.0,38.56,791.12,764.18,890.5,921.9,0.5815,536.11,301.48,315.66,385.79,-14.18,371.61,14.75,18.21,0.0,1.77,38.67,751.33,0.0,0.0,0.0,4.44,376.06,2.0512
2019-07-07 11:00:00,188,11.0,82,2443,1,0,2402.5,3,35.0,37.76,868.76,764.18,890.5,1012.37,0.5807,587.93,301.48,315.66,424.44,-14.18,410.27,14.75,18.01,0.0,1.77,38.67,751.33,0.0,0.0,0.0,4.44,414.71,2.2621
2019-07-07 11:00:00,188,11.0,83,2474,1,0,2402.5,3,35.0,36.95,898.91,764.18,890.5,1047.5,0.58,607.51,301.48,315.66,440.0,-14.18,425.82,14.75,17.8,0.0,1.77,38.67,751.33,0.0,0.0,0.0,4.44,430.26,2.3469
2019-07-07 11:00:00,188,11.0,84,2474,1,0,2402.5,3,35.0,36.95,754.7,764.18,890.5,879.45,0.58,510.05,301.48,315.66,369.41,-14.18,355.23,14.75,17.8,0.0,1.77,38.67,751.33,0.0,0.0,0.0,4.44,359.67,1.9619
2019-07-07 11:00:00,188,11.0,85,2436,1,0,2402.5,3,35.0,37.94,572.49,764.18,890.5,667.13,0.5809,387.55,301.48,315.66,279.58,-14.18,265.4,14.75,18.05,0.0,1.77,38.67,751.33,0.0,0.0,0.0,4.44,269.85,1.4719
2019-07-07 11:00:00,188,11.0,86,2397,0,0,2402.5,3,35.0,38.95,745.83,764.18,890.5,869.13,0.2445,212.47,301.48,315.66,656.66,-14.18,642.48,14.75,18.3,0.0,1.77,38.67,751.33,0.0,0.0,0.0,24.44,666.93,3.5835
2019-07-07 11:00:00,188,11.0,87,2415,1,0,2402.5,3,35.0,38.48,835.01,764.18,890.5,973.05,0.5815,565.78,301.48,315.66,407.27,-14.18,393.09,14.75,18.19,0.0,1.77,38.67,751.33,0.0,0.0,0.0,4.44,397.53,2.1684
2019-07-07 11:00:00,188,11.0,88,2476,1,0,2402.5,3,35.0,36.9,728.64,764.18,890.5,849.09,0.5799,492.39,301.48,315.66,356.7,-14.18,342.52,14.75,17.79,0.0,1.77,38.67,751.33,0.0,0.0,0.0,4.44,346.96,1.8925
2019-07-07 11:00:00,188,11.0,89,2428,1,0,2402.5,3,35.0,38.15,514.52,764.18,890.5,599.58,0.5811,348.43,301.48,315.66,251.15,-14.18,236.97,14.75,18.1,0.0,1.77,38.67,751.33,0.0,0.0,0.0,4.44,241.41,1.3168
2019-07-07 11:00:00,188,11.0,90,2377,0,0,2402.5,3,35.0,39.47,682.07,764.18,890.5,794.82,0.245,194.7,301.48,315.66,600.11,-14.18,585.94,14.75,18.43,0.0,1.77,38.67,751.33,0.0,0.0,0.0,24.44,610.38,3.2797
2019-07-07 11:00:00,188,11.0,91,2378,0,0,2402.5,3,35.0,39.45,809.81,764.18,890.5,943.68,0.2449,231.15,301.48,315.66,712.53,-14.18,698.35,14.75,18.43,0.0,1.77,38.67,751.33,0.0,0.0,0.0,24.44,722.8,3.8837
2019-07-07 11:00:00,188,11.0,92,2496,1,0,2402.5,3,35.0,36.38,679.31,764.18,890.5,791.61,0.5794,458.66,301.48,315.66,332.95,-14.18,318.77,14.75,17.66,0.0,1.77,38.67,751.33,0.0,0.0,0.0,4.44,323.22,1.763
2019-07-07 11:00:00,188,11.0,93,2423,1,0,2402.5,3,35.0,38.28,490.34,764.18,890.5,571.4,0.5813,332.13,301.48,315.66,239.27,-14.18,225.09,14.75,18.14,0.0,1.77,38.67,751.33,0.0,0.0,0.0,4.44,229.54,1.252
2019-07-07 11:00:00,188,11.0,95,2372,0,0,2402.5,3,35.0,39.6,624.09,764.18,890.5,727.25,0.2451,178.24,301.48,315.66,549.01,-14.18,534.83,14.75,18.47,0.0,1.77,38.67,751.33,0.0,0.0,0.0,24.44,559.27,3.0051
2019-07-07 11:00:00,188,11.0,97,2358,0,0,2402.5,3,35.0,39.97,825.37,764.18,890.5,961.81,0.2454,236.08,301.48,315.66,725.74,-14.18,711.56,14.75,18.56,0.0,1.77,38.67,751.33,0.0,0.0,0.0,24.44,736.0,3.9546
2019-07-07 11:00:00,188,11.0,98,2554,1,0,2402.5,3,35.0,34.87,608.16,764.18,890.5,708.7,0.5779,409.58,301.48,315.66,299.12,-14.18,284.94,14.75,17.28,0.0,1.77,38.67,751.33,0.0,0.0,0.0,4.44,289.39,1.5785
2019-07-07 11:00:00,188,11.0,99,2451,1,0,2402.5,3,35.0,37.55,618.14,764.18,890.5,720.33,0.5805,418.18,301.48,315.66,302.15,-14.18,287.97,14.75,17.95,0.0,1.77,38.67,751.33,0.0,0.0,0.0,4.44,292.41,1.595
2019-07-07 11:00:00,188,11.0,100,2361,0,0,2402.5,3,35.0,39.89,520.28,764.18,890.5,606.28,0.2454,148.77,301.48,315.66,457.52,-14.18,443.34,14.75,18.54,0.0,1.77,38.67,751.33,0.0,0.0,0.0,24.44,467.78,2.5135
2019-07-07 11:30:00,188,11.5,94,2563,1,0,2402.5,3,35.0,34.64,631.26,814.53,981.2,760.42,0.5777,439.3,315.35,315.66,321.13,-0.31,320.81,17.5,17.23,0.0,1.91,32.73,751.26,0.0,0.0,0.0,4.44,325.26,1.7741
2019-07-07 11:30:00,188,11.5,96,2549,1,0,2402.5,3,35.0,35.0,814.53,814.53,981.2,981.2,0.5781,567.19,315.35,315.66,414.01,-0.31,413.7,17.5,17.32,0.0,1.91,32.73,751.26,0.0,0.0,0.0,4.44,418.14,2.2808
2019-07-07 11:30:00,188,11.5,1,2612,1,0,2402.5,3,35.0,33.36,678.84,814.53,981.2,817.74,0.5765,471.39,315.35,315.66,346.35,-0.31,346.03,17.5,16.91,0.0,1.91,32.73,751.26,0.0,0.0,0.0,4.44,350.48,1.9117
2019-07-07 11:30:00,188,11.5,2,2612,1,0,2402.5,3,35.0,33.36,729.85,814.53,981.2,879.19,0.5765,506.82,315.35,315.66,372.37,-0.31,372.06,17.5,16.91,0.0,1.91,32.73,751.26,0.0,0.0,0.0,4.44,376.5,2.0537
2019-07-07 11:30:00,188,11.5,3,2610,1,0,2402.5,3,35.0,33.41,652.2,814.53,981.2,785.65,0.5765,452.94,315.35,315.66,332.72,-0.31,332.4,17.5,16.92,0.0,1.91,32.73,751.26,0.0,0.0,0.0,4.44,336.85,1.8374
2019-07-07 11:30:00,188,11.5,4,2583,1,0,2402.5,3,35.0,34.12,741.78,814.53,981.2,893.57,0.5772,515.76,315.35,315.66,377.81,-0.31,377.49,17.5,17.1,0.0,1.91,32.73,751.26,0.0,0.0,0.0,4.44,381.94,2.0833
2019-07-07 11:30:00,188,11.5,5,2583,1,0,2402.5,3,35.0,34.12,708.93,814.53,981.2,853.99,0.5772,492.92,315.35,315.66,361.07,-0.31,360.76,17.5,17.1,0.0,1.91,32.73,751.26,0.0,0.0,0.0,4.44,365.2,1.992
2019-07-07 11:30:00,188,11.5,6,2546,1,0,2402.5,3,35.0,35.08,716.61,814.53,981.2,863.24,0.5781,499.07,315.35,315.66,364.17,-0.31,363.86,17.5,17.34,0.0,1.91,32.73,751.26,0.0,0.0,0.0,4.44,368.3,2.0089
2019-07-07 11:30:00,188,11.5,7,2546,1,0,2402.5,3,35.0,35.08,723.04,814.53,981.2,870.99,0.5781,503.55,315.35,315.66,367.44,-0.31,367.13,17.5,17.34,0.0,1.91,32.73,751.26,0.0,0.0,0.0,4.44,371.58,2.0268
2019-07-07 11:30:00,188,11.5,8,2639,1,0,2402.5,3,35.0,32.66,692.83,814.53,981.2,834.59,0.5758,480.54,315.35,315.66,354.05,-0.31,353.74,17.5,16.73,0.0,1.91,32.73,751.26,0.0,0.0,0.0,4.44,358.19,1.9537
2019-07-07 11:30:00,188,11.5,9,2610,1,0,2402.5,3,35.0,33.41,627.17,814.53,981.2,755.5,0.5765,435.55,315.35,315.66,319.95,-0.31,319.63,17.5,16.92,0.0,1.91,32.73,751.26,0.0,0.0,0.0,4.44,324.08,1.7677
2019-07-07 11:30:00,188,11.5,10,2579,1,0,2402.5,3,35.0,34.22,728.62,814.53,981.2,877.71,0.5773,506.7,315.35,315.66,371.01,-0.31,370.7,17.5,17.12,0.0,1.91,32.73,751.26,0.0,0.0,0.0,4.44,375.15,2.0462
2019-07-07 11:30:00,188,11.5,11,2579,1,0,2402.5,3,35.0,34.22,744.46,814.53,981.2,896.79,0.5773,517.71,315.35,315.66,379.07,-0.31,378.76,17.5,17.12,0.0,1.91,32.73,751.26,0.0,0.0,0.0,4.44,383.21,2.0902
2019-07-07 11:30:00,188,11.5,12,2546,1,0,2402.5,3,35.0,35.08,654.43,814.53,981.2,788.33,0.5781,455.76,315.35,315.66,332.57,-0.31,332.26,17.5,17.34,0.0,1.91,32.73,751.26,0.0,0.0,0.0,4.44,336.7,1.8366
2019-07-07 11:30:00,188,11.5,13,2530,1,0,2402.5,3,35.0,35.49,728.91,814.53,981.2,878.06,0.5785,507.99,315.35,315.66,370.07,-0.31,369.75,17.5,17.44,0.0,1.91,32.73,751.26,0.0,0.0,0.0,4.44,374.2,2.0411
2019-07-07 11:30:00,188,11.5,14,2530,1,0,2402.5,3,35.0,35.49,691.26,814.53,981.2,832.7,0.5785,481.75,315.35,315.66,350.95,-0.31,350.64,17.5,17.44,0.0,1.91,32.73,751.26,0.0,0.0,0.0,4.44,355.08,1.9368
2019-07-07 11:30:00,188,11.5,15,2494,1,0,2402.5,3,35.0,36.43,701.1,814.53,981.2,844.55,0.5795,489.38,315.35,315.66,355.18,-0.31,354.86,17.5,17.67,0.0,1.91,32.73,751.26,0.0,0.0,0.0,4.44,359.31,1.9599
2019-07-07 11:30:00,188,11.5,16,2494,1,0,2402.5,3,35.0,36.43,702.64,814.53,981.2,846.41,0.5795,490.45,315.35,315.66,355.96,-0.31,355.65,17.5,17.67,0.0,1.91,32.73,751.26,0.0,0.0,0.0,4.44,360.09,1.9641
2019-07-07 11:30:00,188,11.5,17,2462,1,0,2402.5,3,35.0,37.26,718.17,814.53,981.2,865.12,0.5803,502.0,315.35,315.66,363.12,-0.31,362.81,17.5,17.88,0.0,1.91,32.73,751.26,0.0,0.0,0.0,4.44,367.26,2.0032
2019-07-07 11:30:00,188,11.5,18,2630,1,0,2402.5,3,35.0,32.89,825.24,814.53,981.2,994.1,0.576,572.61,315.35,315.66,421.5,-0.31,421.18,17.5,16.79,0.0,1.91,32.73,751.26,0.0,0.0,0.0,4.44,425.63,2.3216
2019-07-07 11:30:00,188,11.5,19,2630,1,0,2402.5,3,35.0,32.89,747.9,814.53,981.2,900.94,0.576,518.94,315.35,315.66,382.0,-0.31,381.68,17.5,16.79,0.0,1.91,32.73,751.26,0.0,0.0,0.0,4.44,386.13,2.1062
2019-07-07 11:30:00,188,11.5,20,2604,1,0,2402.5,3,35.0,33.57,610.65,814.53,981.2,735.6,0.5767,424.19,315.35,315.66,311.41,-0.31,311.1,17.5,16.96,0.0,1.91,32.73,751.26,0.0,0.0,0.0,4.44,315.54,1.7211
2019-07-07 11:30:00,188,11.5,21,2563,1,0,2402.5,3,35.0,34.64,631.26,814.53,981.2,760.42,0.5777,439.3,315.35,315.66,321.13,-0.31,320.81,17.5,17.23,0.0,1.91,32.73,751.26,0.0,0.0,0.0,4.44,325.26,1.7741
2019-07-07 11:30:00,188,11.5,22,2556,1,0,2402.5,3,35.0,34.82,734.64,814.53,981.2,884.96,0.5779,511.4,315.35,315.66,373.56,-0.31,373.25,17.5,17.27,0.0,1.91,32.73,751.26,0.0,0.0,0.0,4.44,377.69,2.0601
2019-07-07 11:30:00,188,11.5,23,2549,1,0,2402.5,3,35.0,35.0,814.53,814.53,981.2,981.2,0.5781,567.19,315.35,315.66,414.01,-0.31,413.7,17.5,17.32,0.0,1.91,32.73,751.26,0.0,0.0,0.0,4.44,418.14,2.2808
2019-07-07 11:30:00,188,11.5,24,2549,1,0,2402.5,3,35.0,35.0,780.6,814.53,981.2,940.33,0.5781,543.56,315.35,315.66,396.77,-0.31,396.45,17.5,17.32,0.0,1.91,32.73,751.26,0.0,0.0,0.0,4.44,400.9,2.1867
2019-07-07 11:30:00,188,11.5,25,2524,1,0,2402.5,3,35.0,35.65,701.3,814.53,981.2,844.79,0.5787,488.87,315.35,315.66,355.92,-0.31,355.61,17.5,17.48,0.0,1.91,32.73,751.26,0.0,0.0,0.0,4.44,360.05,1.9639
2019-07-07 11:30:00,188,11.5,26,2502,1,0,2402.5,3,35.0,36.22,794.82,814.53,981.2,957.46,0.5792,554.6,315.35,315.66,402.85,-0.31,402.54,17.5,17.62,0.0,1.91,32.73,751.26,0.0,0.0,0.0,4.44,406.98,2.2199
2019-07-07 11:30:00,188,11.5,27,2502,1,0,2402.5,3,35.0,36.22,775.73,814.53,981.2,934.46,0.5792,541.28,315.35,315.66,393.17,-0.31,392.86,17.5,17.62,0.0,1.91,32.73,751.26,0.0,0.0,0.0,4.44,397.31,2.1671
2019-07-07 11:30:00,188,11.5,28,2477,1,0,2402.5,3,35.0,36.87,784.25,814.53,981.2,944.72,0.5799,547.83,315.35,315.66,396.89,-0.31,396.58,17.5,17.79,0.0,1.91,32.73,751.26,0.0,0.0,0.0,4.44,401.03,2.1874
2019-07-07 11:30:00,188,11.5,29,2477,1,0,2402.5,3,35.0,36.87,778.53,814.53,981.2,937.83,0.5799,543.83,315.35,315.66,394.0,-0.31,393.69,17.5,17.79,0.0,1.91,32.73,751.26,0.0,0.0,0.0,4.44,398.13,2.1716
2019-07-07 11:30:00,188,11.5,30,2440,1,0,2402.5,3,35.0,37.83,812.94,814.53,981.2,979.28,0.5808,568.78,315.35,315.66,410.49,-0.31,410.18,17.5,18.03,0.0,1.91,32.73,751.26,0.0,0.0,0.0,4.44,414.63,2.2616
2019-07-07 11:30:00,188,11.5,31,2620,1,0,2402.5,3,35.0,33.15,679.79,814.53,981.2,818.88,0.5763,471.89,315.35,315.66,347.0,-0.31,346.68,17.5,16.86,0.0,1.91,32.73,751.26,0.0,0.0,0.0,4.44,351.13,1.9152
2019-07-07 11:30:00,188,11.5,32,2576,1,0,2402.5,3,35.0,34.3,666.08,814.53,981.2,802.37,0.5774,463.26,315.35,315.66,339.1,-0.31,338.79,17.5,17.14,0.0,1.91,32.73,751.26,0.0,0.0,0.0,4.44,343.24,1.8722
2019-07-07 11:30:00,188,11.5,33,2576,1,0,2402.5,3,35.0,34.3,809.45,814.53,981.2,975.07,0.5774,562.98,315.35,315.66,412.09,-0.31,411.78,17.5,17.14,0.0,1.91,32.73,751.26,0.0,0.0,0.0,4.44,416.23,2.2703
2019-07-07 11:30:00,188,11.5,34,2576,1,0,2402.5,3,35.0,34.3,735.27,814.53,981.2,885.72,0.5774,511.39,315.35,315.66,374.33,-0.31,374.02,17.5,17.14,0.0,1.91,32.73,751.26,0.0,0.0,0.0,4.44,378.46,2.0643
2019-07-07 11:30:00,188,11.5,35,2556,1,0,2402.5,3,35.0,34.82,649.0,814.53,981.2,781.8,0.5779,451.79,315.35,315.66,330.02,-0.31,329.7,17.5,17.27,0.0,1.91,32.73,751.26,0.0,0.0,0.0,4.44,334.15,1.8226
2019-07-07 11:30:00,188,11.5,36,2533,1,0,2402.5,3,35.0,35.42,759.89,814.53,981.2,915.38,0.5785,529.51,315.35,315.66,385.87,-0.31,385.56,17.5,17.42,0.0,1.91,32.73,751.26,0.0,0.0,0.0,4.44,390.0,2.1273
2019-07-07 11:30:00,188,11.5,37,2532,1,0,2402.5,3,35.0,35.44,891.06,814.53,981.2,1073.39,0.5785,620.94,315.35,315.66,452.45,-0.31,452.14,17.5,17.43,0.0,1.91,32.73,751.26,0.0,0.0,0.0,4.44,456.58,2.4904
2019-07-07 11:30:00,188,11.5,38,2534,1,0,2402.5,3,35.0,35.39,907.68,814.53,981.2,1093.41,0.5784,632.47,315.35,315.66,460.94,-0.31,460.63,17.5,17.41,0.0,1.91,32.73,751.26,0.0,0.0,0.0,4.44,465.07,2.5368
2019-07-07 11:30:00,188,11.5,39,2534,1,0,2402.5,3,35.0,35.39,854.06,814.53,981.2,1028.81,0.5784,595.1,315.35,315.66,433.71,-0.31,433.4,17.5,17.41,0.0,1.91,32.73,751.26,0.0,0.0,0.0,4.44,437.84,2.3882
2019-07-07 11:30:00,188,11.5,40,2515,1,0,2402.5,3,35.0,35.88,756.27,814.53,981.2,911.02,0.5789,527.41,315.35,315.66,383.61,-0.31,383.3,17.5,17.54,0.0,1.91,32.73,751.26,0.0,0.0,0.0,4.44,387.74,2.115
2019-07-07 11:30:00,188,11.5,41,2487,1,0,2402.5,3,35.0,36.61,821.38,814.53,981.2,989.44,0.5796,573.51,315.35,315.66,415.93,-0.31,415.62,17.5,17.72,0.0,1.91,32.73,751.26,0.0,0.0,0.0,4.44,420.07,2.2913
2019-07-07 11:30:00,188,11.5,42,2487,1,0,2402.5,3,35.0,36.61,815.41,814.53,981.2,982.26,0.5796,569.34,315.35,315.66,412.91,-0.31,412.6,17.5,17.72,0.0,1.91,32.73,751.26,0.0,0.0,0.0,4.44,417.04,2.2748
2019-07-07 11:30:00,188,11.5,43,2464,1,0,2402.5,3,35.0,37.21,808.93,814.53,981.2,974.46,0.5802,565.39,315.35,315.66,409.07,-0.31,408.75,17.5,17.87,0.0,1.91,32.73,751.26,0.0,0.0,0.0,4.44,413.2,2.2538
2019-07-07 11:30:00,188,11.5,44,2555,1,0,2402.5,3,35.0,34.84,666.41,814.53,981.2,802.77,0.5779,463.93,315.35,315.66,338.85,-0.31,338.53,17.5,17.28,0.0,1.91,32.73,751.26,0.0,0.0,0.0,4.44,342.98,1.8708
2019-07-07 11:30:00,188,11.5,45,2555,1,0,2402.5,3,35.0,34.84,864.57,814.53,981.2,1041.48,0.5779,601.88,315.35,315.66,439.6,-0.31,439.29,17.5,17.28,0.0,1.91,32.73,751.26,0.0,0.0,0.0,4.44,443.74,2.4204
2019-07-07 11:30:00,188,11.5,46,2555,1,0,2402.5,3,35.0,34.84,781.32,814.53,981.2,941.2,0.5779,543.92,315.35,315.66,397.28,-0.31,396.96,17.5,17.28,0.0,1.91,32.73,751.26,0.0,0.0,0.0,4.44,401.41,2.1895
2019-07-07 11:30:00,188,11.5,47,2530,1,0,2402.5,3,35.0,35.49,710.11,814.53,981.2,855.41,0.5785,494.89,315.35,315.66,360.52,-0.31,360.21,17.5,17.44,0.0,1.91,32.73,751.26,0.0,0.0,0.0,4.44,364.65,1.989
2019-07-07 11:30:00,188,11.5,48,2510,1,0,2402.5,3,35.0,36.01,860.64,814.53,981.2,1036.75,0.579,600.32,315.35,315.66,436.42,-0.31,436.11,17.5,17.57,0.0,1.91,32.73,751.26,0.0,0.0,0.0,4.44,440.56,2.403
2019-07-07 11:30:00,188,11.5,49,2534,1,0,2402.5,3,35.0,35.39,892.52,814.53,981.2,1075.15,0.5784,621.91,315.35,315.66,453.24,-0.31,452.93,17.5,17.41,0.0,1.91,32.73,751.26,0.0,0.0,0.0,4.44,457.38,2.4948
2019-07-07 11:30:00,188,11.5,50,2531,1,0,2402.5,3,35.0,35.47,642.92,814.53,981.2,774.47,0.5785,448.04,315.35,315.66,326.43,-0.31,326.12,17.5,17.43,0.0,1.91,32.73,751.26,0.0,0.0,0.0,4.44,330.56,1.8031
2019-07-07 11:30:00,188,11.5,51,2531,1,0,2402.5,3,35.0,35.47,894.98,814.53,981.2,1078.11,0.5785,623.7,315.35,315.66,454.41,-0.31,454.1,17.5,17.43,0.0,1.91,32.73,751.26,0.0,0.0,0.0,4.44,458.54,2.5011
2019-07-07 11:30:00,188,11.5,52,2531,1,0,2402.5,3,35.0,35.47,808.68,814.53,981.2,974.15,0.5785,563.56,315.35,315.66,410.59,-0.31,410.28,17.5,17.43,0.0,1.91,32.73,751.26,0.0,0.0,0.0,4.44,414.72,2.2621
2019-07-07 11:30:00,188,11.5,53,2507,1,0,2402.5,3,35.0,36.09,753.63,814.53,981.2,907.83,0.5791,525.75,315.35,315.66,382.09,-0.31,381.78,17.5,17.59,0.0,1.91,32.73,751.26,0.0,0.0,0.0,4.44,386.22,2.1067
2019-07-07 11:30:00,188,11.5,54,2494,1,0,2402.5,3,35.0,36.43,938.49,814.53,981.2,1130.53,0.5795,655.09,315.35,315.66,475.44,-0.31,475.13,17.5,17.67,0.0,1.91,32.73,751.26,0.0,0.0,0.0,4.44,479.57,2.6159
2019-07-07 11:30:00,188,11.5,55,2531,1,0,2402.5,3,35.0,35.47,893.71,814.53,981.2,1076.57,0.5785,622.81,315.35,315.66,453.76,-0.31,453.45,17.5,17.43,0.0,1.91,32.73,751.26,0.0,0.0,0.0,4.44,457.89,2.4976
2019-07-07 11:30:00,188,11.5,56,2531,1,0,2402.5,3,35.0,35.47,811.87,814.53,981.2,977.99,0.5785,565.78,315.35,315.66,412.21,-0.31,411.9,17.5,17.43,0.0,1.91,32.73,751.26,0.0,0.0,0.0,4.44,416.34,2.271
2019-07-07 11:30:00,188,11.5,57,2507,1,0,2402.5,3,35.0,36.09,759.3,814.53,981.2,914.67,0.5791,529.7,315.35,315.66,384.96,-0.31,384.65,17.5,17.59,0.0,1.91,32.73,751.26,0.0,0.0,0.0,4.44,389.1,2.1223
2019-07-07 11:30:00,188,11.5,58,2494,1,0,2402.5,3,35.0,36.43,953.17,814.53,981.2,1148.2,0.5795,665.33,315.35,315.66,482.88,-0.31,482.56,17.5,17.67,0.0,1.91,32.73,751.26,0.0,0.0,0.0,4.44,487.01,2.6564
2019-07-07 11:30:00,188,11.5,59,2506,1,0,2402.5,3,35.0,36.12,893.16,814.53,981.2,1075.91,0.5791,623.11,315.35,315.66,452.8,-0.31,452.49,17.5,17.6,0.0,1.91,32.73,751.26,0.0,0.0,0.0,4.44,456.93,2.4924
2019-07-07 11:30:00,188,11.5,60,2506,1,0,2402.5,3,35.0,36.12,817.01,814.53,981.2,984.18,0.5791,569.98,315.35,315.66,414.2,-0.31,413.88,17.5,17.6,0.0,1.91,32.73,751.26,0.0,0.0,0.0,4.44,418.33,2.2818
2019-07-07 11:30:00,188,11.5,61,2485,1,0,2402.5,3,35.0,36.66,741.11,814.53,981.2,892.75,0.5797,517.51,315.35,315.66,375.24,-0.31,374.93,17.5,17.73,0.0,1.91,32.73,751.26,0.0,0.0,0.0,4.44,379.38,2.0693
2019-07-07 11:30:00,188,11.5,62,2469,1,0,2402.5,3,35.0,37.08,927.71,814.53,981.2,1117.54,0.5801,648.26,315.35,315.66,469.27,-0.31,468.96,17.5,17.84,0.0,1.91,32.73,751.26,0.0,0.0,0.0,4.44,473.4,2.5822
2019-07-07 11:30:00,188,11.5,63,2506,1,0,2402.5,3,35.0,36.12,576.41,814.53,981.2,694.35,0.5791,402.13,315.35,315.66,292.22,-0.31,291.91,17.5,17.6,0.0,1.91,32.73,751.26,0.0,0.0,0.0,4.44,296.35,1.6165
2019-07-07 11:30:00,188,11.5,64,2506,1,0,2402.5,3,35.0,36.12,902.81,814.53,981.2,1087.55,0.5791,629.85,315.35,315.66,457.7,-0.31,457.39,17.5,17.6,0.0,1.91,32.73,751.26,0.0,0.0,0.0,4.44,461.83,2.5191
2019-07-07 11:30:00,188,11.5,65,2506,1,0,2402.5,3,35.0,36.12,838.87,814.53,981.2,1010.52,0.5791,585.24,315.35,315.66,425.28,-0.31,424.97,17.5,17.6,0.0,1.91,32.73,751.26,0.0,0.0,0.0,4.44,429.41,2.3422
2019-07-07 11:30:00,188,11.5,66,2485,1,0,2402.5,3,35.0,36.66,746.08,814.53,981.2,898.75,0.5797,520.98,315.35,315.66,377.76,-0.31,377.45,17.5,17.73,0.0,1.91,32.73,751.26,0.0,0.0,0.0,4.44,381.89,2.0831
2019-07-07 11:30:00,188,11.5,67,2455,1,0,2402.5,3,35.0,37.44,927.13,814.53,981.2,1116.84,0.5804,648.26,315.35,315.66,468.58,-0.31,468.27,17.5,17.93,0.0,1.91,32.73,751.26,0.0,0.0,0.0,4.44,472.71,2.5784
2019-07-07 11:30:00,188,11.5,68,2489,1,0,2402.5,3,35.0,36.56,541.19,814.53,981.2,651.93,0.5796,377.84,315.35,315.66,274.09,-0.31,273.77,17.5,17.71,0.0,1.91,32.73,751.26,0.0,0.0,0.0,4.44,278.22,1.5176
2019-07-07 11:30:00,188,11.5,69,2489,1,0,2402.5,3,35.0,36.56,897.79,814.53,981.2,1081.49,0.5796,626.81,315.35,315.66,454.68,-0.31,454.37,17.5,17.71,0.0,1.91,32.73,751.26,0.0,0.0,0.0,4.44,458.82,2.5026
2019-07-07 11:30:00,188,11.5,70,2489,1,0,2402.5,3,35.0,36.56,842.38,814.53,981.2,1014.75,0.5796,588.13,315.35,315.66,426.62,-0.31,426.31,17.5,17.71,0.0,1.91,32.73,751.26,0.0,0.0,0.0,4.44,430.76,2.3496
2019-07-07 11:30:00,188,11.5,71,2477,1,0,2402.5,3,35.0,36.87,754.63,814.53,981.2,909.04,0.5799,527.14,315.35,315.66,381.9,-0.31,381.59,17.5,17.79,0.0,1.91,32.73,751.26,0.0,0.0,0.0,4.44,386.04,2.1057
2019-07-07 11:30:00,188,11.5,72,2455,1,0,2402.5,3,35.0,37.44,918.61,814.53,981.2,1106.57,0.5804,642.3,315.35,315.66,464.27,-0.31,463.96,17.5,17.93,0.0,1.91,32.73,751.26,0.0,0.0,0.0,4.44,468.41,2.5549
2019-07-07 11:30:00,188,11.5,73,2485,1,0,2402.5,3,35.0,36.66,502.31,814.53,981.2,605.09,0.5797,350.76,315.35,315.66,254.33,-0.31,254.02,17.5,17.73,0.0,1.91,32.73,751.26,0.0,0.0,0.0,4.44,258.46,1.4098
2019-07-07 11:30:00,188,11.5,74,2485,1,0,2402.5,3,35.0,36.66,908.67,814.53,981.2,1094.6,0.5797,634.52,315.35,315.66,460.08,-0.31,459.77,17.5,17.73,0.0,1.91,32.73,751.26,0.0,0.0,0.0,4.44,464.22,2.5321
2019-07-07 11:30:00,188,11.5,75,2485,1,0,2402.5,3,35.0,36.66,834.21,814.53,981.2,1004.9,0.5797,582.52,315.35,315.66,422.38,-0.31,422.07,17.5,17.73,0.0,1.91,32.73,751.26,0.0,0.0,0.0,4.44,426.51,2.3264
2019-07-07 11:30:00,188,11.5,76,2466,1,0,2402.5,3,35.0,37.16,722.44,814.53,981.2,870.27,0.5802,504.9,315.35,315.66,365.37,-0.31,365.06,17.5,17.86,0.0,1.91,32.73,751.26,0.0,0.0,0.0,4.44,369.51,2.0155
2019-07-07 11:30:00,188,11.5,77,2445,1,0,2402.5,3,35.0,37.7,877.96,814.53,981.2,1057.61,0.5807,614.15,315.35,315.66,443.46,-0.31,443.15,17.5,17.99,0.0,1.91,32.73,751.26,0.0,0.0,0.0,4.44,447.6,2.4414
2019-07-07 11:30:00,188,11.5,78,2478,1,0,2402.5,3,35.0,36.85,908.52,814.53,981.2,1094.42,0.5799,634.61,315.35,315.66,459.81,-0.31,459.5,17.5,17.78,0.0,1.91,32.73,751.26,0.0,0.0,0.0,4.44,463.95,2.5306
2019-07-07 11:30:00,188,11.5,79,2478,1,0,2402.5,3,35.0,36.85,799.35,814.53,981.2,962.91,0.5799,558.35,315.35,315.66,404.56,-0.31,404.25,17.5,17.78,0.0,1.91,32.73,751.26,0.0,0.0,0.0,4.44,408.69,2.2292
2019-07-07 11:30:00,188,11.5,80,2449,1,0,2402.5,3,35.0,37.6,650.88,814.53,981.2,784.06,0.5806,455.22,315.35,315.66,328.84,-0.31,328.53,17.5,17.97,0.0,1.91,32.73,751.26,0.0,0.0,0.0,4.44,332.97,1.8162
2019-07-07 11:30:00,188,11.5,81,2412,1,0,2402.5,3,35.0,38.56,836.66,814.53,981.2,1007.86,0.5815,586.1,315.35,315.66,421.76,-0.31,421.45,17.5,18.21,0.0,1.91,32.73,751.26,0.0,0.0,0.0,4.44,425.89,2.3231
2019-07-07 11:30:00,188,11.5,82,2443,1,0,2402.5,3,35.0,37.76,932.14,814.53,981.2,1122.88,0.5807,652.1,315.35,315.66,470.77,-0.31,470.46,17.5,18.01,0.0,1.91,32.73,751.26,0.0,0.0,0.0,4.44,474.91,2.5904
2019-07-07 11:30:00,188,11.5,83,2474,1,0,2402.5,3,35.0,36.95,916.35,814.53,981.2,1103.85,0.58,640.19,315.35,315.66,463.67,-0.31,463.35,17.5,17.8,0.0,1.91,32.73,751.26,0.0,0.0,0.0,4.44,467.8,2.5516
2019-07-07 11:30:00,188,11.5,84,2474,1,0,2402.5,3,35.0,36.95,770.32,814.53,981.2,927.94,0.58,538.17,315.35,315.66,389.77,-0.31,389.46,17.5,17.8,0.0,1.91,32.73,751.26,0.0,0.0,0.0,4.44,393.91,2.1486
2019-07-07 11:30:00,188,11.5,85,2436,1,0,2402.5,3,35.0,37.94,590.7,814.53,981.2,711.57,0.5809,413.37,315.35,315.66,298.21,-0.31,297.89,17.5,18.05,0.0,1.91,32.73,751.26,0.0,0.0,0.0,4.44,302.34,1.6491
2019-07-07 11:30:00,188,11.5,86,2397,0,0,2402.5,3,35.0,38.95,785.12,814.53,981.2,945.78,0.2445,231.2,315.35,315.66,714.57,-0.31,714.26,17.5,18.3,0.0,1.91,32.73,751.26,0.0,0.0,0.0,24.44,738.7,3.9692
2019-07-07 11:30:00,188,11.5,87,2415,1,0,2402.5,3,35.0,38.48,890.97,814.53,981.2,1073.28,0.5815,624.06,315.35,315.66,449.22,-0.31,448.91,17.5,18.19,0.0,1.91,32.73,751.26,0.0,0.0,0.0,4.44,453.35,2.4728
2019-07-07 11:30:00,188,11.5,88,2476,1,0,2402.5,3,35.0,36.9,728.73,814.53,981.2,877.85,0.5799,509.07,315.35,315.66,368.78,-0.31,368.46,17.5,17.79,0.0,1.91,32.73,751.26,0.0,0.0,0.0,4.44,372.91,2.034
2019-07-07 11:30:00,188,11.5,89,2428,1,0,2402.5,3,35.0,38.15,522.11,814.53,981.2,628.94,0.5811,365.49,315.35,315.66,263.45,-0.31,263.14,17.5,18.1,0.0,1.91,32.73,751.26,0.0,0.0,0.0,4.44,267.58,1.4595
2019-07-07 11:30:00,188,11.5,90,2377,0,0,2402.5,3,35.0,39.47,712.08,814.53,981.2,857.78,0.245,210.13,315.35,315.66,647.65,-0.31,647.34,17.5,18.43,0.0,1.91,32.73,751.26,0.0,0.0,0.0,24.44,671.78,3.6096
2019-07-07 11:30:00,188,11.5,91,2378,0,0,2402.5,3,35.0,39.45,858.94,814.53,981.2,1034.7,0.2449,253.44,315.35,315.66,781.26,-0.31,780.95,17.5,18.43,0.0,1.91,32.73,751.26,0.0,0.0,0.0,24.44,805.39,4.3275
2019-07-07 11:30:00,188,11.5,92,2496,1,0,2402.5,3,35.0,36.38,645.21,814.53,981.2,777.23,0.5794,450.33,315.35,315.66,326.9,-0.31,326.59,17.5,17.66,0.0,1.91,32.73,751.26,0.0,0.0,0.0,4.44,331.04,1.8057
2019-07-07 11:30:00,188,11.5,93,2423,1,0,2402.5,3,35.0,38.28,508.52,814.53,981.2,612.57,0.5813,356.06,315.35,315.66,256.52,-0.31,256.2,17.5,18.14,0.0,1.91,32.73,751.26,0.0,0.0,0.0,4.44,260.65,1.4217
2019-07-07 11:30:00,188,11.5,95,2372,0,0,2402.5,3,35.0,39.6,636.87,814.53,981.2,767.18,0.2451,188.03,315.35,315.66,579.15,-0.31,578.84,17.5,18.47,0.0,1.91,32.73,751.26,0.0,0.0,0.0,24.44,603.28,3.2415
2019-07-07 11:30:00,188,11.5,97,2358,0,0,2402.5,3,35.0,39.97,857.51,814.53,981.2,1032.98,0.2454,253.54,315.35,315.66,779.43,-0.31,779.12,17.5,18.56,0.0,1.91,32.73,751.26,0.0,0.0,0.0,24.44,803.57,4.3177
2019-07-07 11:30:00,188,11.5,98,2554,1,0,2402.5,3,35.0,34.87,569.67,814.53,981.2,686.23,0.5779,396.59,315.35,315.66,289.64,-0.31,289.32,17.5,17.28,0.0,1.91,32.73,751.26,0.0,0.0,0.0,4.44,293.77,1.6024
2019-07-07 11:30:00,188,11.5,99,2451,1,0,2402.5,3,35.0,37.55,645.48,814.53,981.2,777.56,0.5805,451.41,315.35,315.66,326.16,-0.31,325.84,17.5,17.95,0.0,1.91,32.73,751.26,0.0,0.0,0.0,4.44,330.29,1.8016
2019-07-07 11:30:00,188,11.5,100,2361,0,0,2402.5,3,35.0,39.89,523.29,814.53,981.2,630.37,0.2454,154.67,315.35,315.66,475.69,-0.31,475.38,17.5,18.54,0.0,1.91,32.73,751.26,0.0,0.0,0.0,24.44,499.82,2.6856
2019-07-07 12:00:00,188,12.0,94,2563,1,0,2402.5,3,35.0,34.64,695.46,856.33,955.8,776.24,0.5777,448.44,319.55,315.66,327.81,3.89,331.69,17.32,17.23,0.0,1.91,30.97,751.03,0.0,0.0,0.0,4.44,336.14,1.8335
2019-07-07 12:00:00,188,12.0,96,2549,1,0,2402.5,3,35.0,35.0,856.33,856.33,955.8,955.8,0.5781,552.51,319.55,315.66,403.29,3.89,407.18,17.32,17.32,0.0,1.91,30.97,751.03,0.0,0.0,0.0,4.44,411.63,2.2452
2019-07-07 12:00:00,188,12.0,1,2612,1,0,2402.5,3,35.0,33.36,737.74,856.33,955.8,823.43,0.5765,474.67,319.55,315.66,348.76,3.89,352.64,17.32,16.91,0.0,1.91,30.97,751.03,0.0,0.0,0.0,4.44,357.09,1.9478
2019-07-07 12:00:00,188,12.0,2,2612,1,0,2402.5,3,35.0,33.36,789.34,856.33,955.8,881.02,0.5765,507.87,319.55,315.66,373.15,3.89,377.04,17.32,16.91,0.0,1.91,30.97,751.03,0.0,0.0,0.0,4.44,381.48,2.0808
2019-07-07 12:00:00,188,12.0,3,2610,1,0,2402.5,3,35.0,33.41,704.68,856.33,955.8,786.53,0.5765,453.44,319.55,315.66,333.09,3.89,336.98,17.32,16.92,0.0,1.91,30.97,751.03,0.0,0.0,0.0,4.44,341.42,1.8623
2019-07-07 12:00:00,188,12.0,4,2583,1,0,2402.5,3,35.0,34.12,788.79,856.33,955.8,880.41,0.5772,508.17,319.55,315.66,372.24,3.89,376.13,17.32,17.1,0.0,1.91,30.97,751.03,0.0,0.0,0.0,4.44,380.58,2.0759
2019-07-07 12:00:00,188,12.0,5,2583,1,0,2402.5,3,35.0,34.12,750.06,856.33,955.8,837.19,0.5772,483.22,319.55,315.66,353.97,3.89,357.86,17.32,17.1,0.0,1.91,30.97,751.03,0.0,0.0,0.0,4.44,362.3,1.9762
2019-07-07 12:00:00,188,12.0,6,2546,1,0,2402.5,3,35.0,35.08,754.25,856.33,955.8,841.86,0.5781,486.7,319.55,315.66,355.15,3.89,359.04,17.32,17.34,0.0,1.91,30.97,751.03,0.0,0.0,0.0,4.44,363.48,1.9826
2019-07-07 12:00:00,188,12.0,7,2546,1,0,2402.5,3,35.0,35.08,754.57,856.33,955.8,842.21,0.5781,486.91,319.55,315.66,355.3,3.89,359.19,17.32,17.34,0.0,1.91,30.97,751.03,0.0,0.0,0.0,4.44,363.63,1.9835
2019-07-07 12:00:00,188,12.0,8,2639,1,0,2402.5,3,35.0,32.66,750.81,856.33,955.8,838.02,0.5758,482.51,319.55,315.66,355.51,3.89,359.4,17.32,16.73,0.0,1.91,30.97,751.03,0.0,0.0,0.0,4.44,363.84,1.9846
2019-07-07 12:00:00,188,12.0,9,2610,1,0,2402.5,3,35.0,33.41,686.5,856.33,955.8,766.24,0.5765,441.75,319.55,315.66,324.5,3.89,328.39,17.32,16.92,0.0,1.91,30.97,751.03,0.0,0.0,0.0,4.44,332.83,1.8154
2019-07-07 12:00:00,188,12.0,10,2579,1,0,2402.5,3,35.0,34.22,780.04,856.33,955.8,870.64,0.5773,502.62,319.55,315.66,368.02,3.89,371.91,17.32,17.12,0.0,1.91,30.97,751.03,0.0,0.0,0.0,4.44,376.36,2.0529
2019-07-07 12:00:00,188,12.0,11,2579,1,0,2402.5,3,35.0,34.22,794.97,856.33,955.8,887.31,0.5773,512.24,319.55,315.66,375.07,3.89,378.96,17.32,17.12,0.0,1.91,30.97,751.03,0.0,0.0,0.0,4.44,383.4,2.0913
2019-07-07 12:00:00,188,12.0,12,2546,1,0,2402.5,3,35.0,35.08,708.98,856.33,955.8,791.33,0.5781,457.49,319.55,315.66,333.84,3.89,337.73,17.32,17.34,0.0,1.91,30.97,751.03,0.0,0.0,0.0,4.44,342.17,1.8664
2019-07-07 12:00:00,188,12.0,13,2530,1,0,2402.5,3,35.0,35.49,787.13,856.33,955.8,878.56,0.5785,508.28,319.55,315.66,370.28,3.89,374.17,17.32,17.44,0.0,1.91,30.97,751.03,0.0,0.0,0.0,4.44,378.61,2.0652
2019-07-07 12:00:00,188,12.0,14,2530,1,0,2402.5,3,35.0,35.49,746.15,856.33,955.8,832.81,0.5785,481.82,319.55,315.66,351.0,3.89,354.89,17.32,17.44,0.0,1.91,30.97,751.03,0.0,0.0,0.0,4.44,359.33,1.96
2019-07-07 12:00:00,188,12.0,15,2494,1,0,2402.5,3,35.0,36.43,752.58,856.33,955.8,839.99,0.5795,486.73,319.55,315.66,353.26,3.89,357.15,17.32,17.67,0.0,1.91,30.97,751.03,0.0,0.0,0.0,4.44,361.59,1.9723
2019-07-07 12:00:00,188,12.0,16,2494,1,0,2402.5,3,35.0,36.43,752.31,856.33,955.8,839.7,0.5795,486.56,319.55,315.66,353.13,3.89,357.02,17.32,17.67,0.0,1.91,30.97,751.03,0.0,0.0,0.0,4.44,361.47,1.9716
2019-07-07 12:00:00,188,12.0,17,2462,1,0,2402.5,3,35.0,37.26,768.16,856.33,955.8,857.39,0.5803,497.51,319.55,315.66,359.88,3.89,363.77,17.32,17.88,0.0,1.91,30.97,751.03,0.0,0.0,0.0,4.44,368.21,2.0084
2019-07-07 12:00:00,188,12.0,18,2630,1,0,2402.5,3,35.0,32.89,878.81,856.33,955.8,980.89,0.576,565.0,319.55,315.66,415.89,3.89,419.78,17.32,16.79,0.0,1.91,30.97,751.03,0.0,0.0,0.0,4.44,424.23,2.314
2019-07-07 12:00:00,188,12.0,19,2630,1,0,2402.5,3,35.0,32.89,806.19,856.33,955.8,899.83,0.576,518.3,319.55,315.66,381.52,3.89,385.41,17.32,16.79,0.0,1.91,30.97,751.03,0.0,0.0,0.0,4.44,389.86,2.1265
2019-07-07 12:00:00,188,12.0,20,2604,1,0,2402.5,3,35.0,33.57,673.48,856.33,955.8,751.71,0.5767,433.48,319.55,315.66,318.23,3.89,322.12,17.32,16.96,0.0,1.91,30.97,751.03,0.0,0.0,0.0,4.44,326.56,1.7812
2019-07-07 12:00:00,188,12.0,21,2563,1,0,2402.5,3,35.0,34.64,695.46,856.33,955.8,776.24,0.5777,448.44,319.55,315.66,327.81,3.89,331.69,17.32,17.23,0.0,1.91,30.97,751.03,0.0,0.0,0.0,4.44,336.14,1.8335
2019-07-07 12:00:00,188,12.0,22,2556,1,0,2402.5,3,35.0,34.82,789.79,856.33,955.8,881.52,0.5779,509.41,319.55,315.66,372.11,3.89,376.0,17.32,17.27,0.0,1.91,30.97,751.03,0.0,0.0,0.0,4.44,380.44,2.0751
2019-07-07 12:00:00,188,12.0,23,2549,1,0,2402.5,3,35.0,35.0,856.33,856.33,955.8,955.8,0.5781,552.51,319.55,315.66,403.29,3.89,407.18,17.32,17.32,0.0,1.91,30.97,751.03,0.0,0.0,0.0,4.44,411.63,2.2452
2019-07-07 12:00:00,188,12.0,24,2549,1,0,2402.5,3,35.0,35.0,813.89,856.33,955.8,908.43,0.5781,525.12,319.55,315.66,383.3,3.89,387.19,17.32,17.32,0.0,1.91,30.97,751.03,0.0,0.0,0.0,4.44,391.64,2.1362
2019-07-07 12:00:00,188,12.0,25,2524,1,0,2402.5,3,35.0,35.65,730.32,856.33,955.8,815.15,0.5787,471.72,319.55,315.66,343.43,3.89,347.32,17.32,17.48,0.0,1.91,30.97,751.03,0.0,0.0,0.0,4.44,351.76,1.9187
2019-07-07 12:00:00,188,12.0,26,2502,1,0,2402.5,3,35.0,36.22,827.29,856.33,955.8,923.38,0.5792,534.87,319.55,315.66,388.52,3.89,392.4,17.32,17.62,0.0,1.91,30.97,751.03,0.0,0.0,0.0,4.44,396.85,2.1646
2019-07-07 12:00:00,188,12.0,27,2502,1,0,2402.5,3,35.0,36.22,807.7,856.33,955.8,901.51,0.5792,522.2,319.55,315.66,379.31,3.89,383.2,17.32,17.62,0.0,1.91,30.97,751.03,0.0,0.0,0.0,4.44,387.65,2.1144
2019-07-07 12:00:00,188,12.0,28,2477,1,0,2402.5,3,35.0,36.87,811.83,856.33,955.8,906.12,0.5799,525.44,319.55,315.66,380.68,3.89,384.57,17.32,17.79,0.0,1.91,30.97,751.03,0.0,0.0,0.0,4.44,389.01,2.1219
2019-07-07 12:00:00,188,12.0,29,2477,1,0,2402.5,3,35.0,36.87,801.24,856.33,955.8,894.31,0.5799,518.59,319.55,315.66,375.72,3.89,379.6,17.32,17.79,0.0,1.91,30.97,751.03,0.0,0.0,0.0,4.44,384.05,2.0948
2019-07-07 12:00:00,188,12.0,30,2440,1,0,2402.5,3,35.0,37.83,829.72,856.33,955.8,926.1,0.5808,537.89,319.55,315.66,388.2,3.89,392.09,17.32,18.03,0.0,1.91,30.97,751.03,0.0,0.0,0.0,4.44,396.53,2.1629
2019-07-07 12:00:00,188,12.0,31,2620,1,0,2402.5,3,35.0,33.15,673.83,856.33,955.8,752.09,0.5763,433.4,319.55,315.66,318.7,3.89,322.58,17.32,16.86,0.0,1.91,30.97,751.03,0.0,0.0,0.0,4.44,327.03,1.7838
2019-07-07 12:00:00,188,12.0,32,2576,1,0,2402.5,3,35.0,34.3,715.55,856.33,955.8,798.66,0.5774,461.12,319.55,315.66,337.54,3.89,341.42,17.32,17.14,0.0,1.91,30.97,751.03,0.0,0.0,0.0,4.44,345.87,1.8866
2019-07-07 12:00:00,188,12.0,33,2576,1,0,2402.5,3,35.0,34.3,864.84,856.33,955.8,965.29,0.5774,557.33,319.55,315.66,407.96,3.89,411.85,17.32,17.14,0.0,1.91,30.97,751.03,0.0,0.0,0.0,4.44,416.29,2.2707
2019-07-07 12:00:00,188,12.0,34,2576,1,0,2402.5,3,35.0,34.3,789.26,856.33,955.8,880.93,0.5774,508.63,319.55,315.66,372.31,3.89,376.2,17.32,17.14,0.0,1.91,30.97,751.03,0.0,0.0,0.0,4.44,380.64,2.0762
2019-07-07 12:00:00,188,12.0,35,2556,1,0,2402.5,3,35.0,34.82,697.39,856.33,955.8,778.39,0.5779,449.82,319.55,315.66,328.58,3.89,332.47,17.32,17.27,0.0,1.91,30.97,751.03,0.0,0.0,0.0,4.44,336.91,1.8377
2019-07-07 12:00:00,188,12.0,36,2533,1,0,2402.5,3,35.0,35.42,800.89,856.33,955.8,893.92,0.5785,517.1,319.55,315.66,376.82,3.89,380.71,17.32,17.42,0.0,1.91,30.97,751.03,0.0,0.0,0.0,4.44,385.15,2.1008
2019-07-07 12:00:00,188,12.0,37,2532,1,0,2402.5,3,35.0,35.44,920.76,856.33,955.8,1027.71,0.5785,594.52,319.55,315.66,433.19,3.89,437.08,17.32,17.43,0.0,1.91,30.97,751.03,0.0,0.0,0.0,4.44,441.53,2.4083
2019-07-07 12:00:00,188,12.0,38,2534,1,0,2402.5,3,35.0,35.39,927.39,856.33,955.8,1035.11,0.5784,598.75,319.55,315.66,436.36,3.89,440.25,17.32,17.41,0.0,1.91,30.97,751.03,0.0,0.0,0.0,4.44,444.7,2.4256
2019-07-07 12:00:00,188,12.0,39,2534,1,0,2402.5,3,35.0,35.39,865.4,856.33,955.8,965.92,0.5784,558.73,319.55,315.66,407.2,3.89,411.09,17.32,17.41,0.0,1.91,30.97,751.03,0.0,0.0,0.0,4.44,415.53,2.2665
2019-07-07 12:00:00,188,12.0,40,2515,1,0,2402.5,3,35.0,35.88,759.53,856.33,955.8,847.75,0.5789,490.78,319.55,315.66,356.97,3.89,360.86,17.32,17.54,0.0,1.91,30.97,751.03,0.0,0.0,0.0,4.44,365.31,1.9926
2019-07-07 12:00:00,188,12.0,41,2487,1,0,2402.5,3,35.0,36.61,824.11,856.33,955.8,919.84,0.5796,533.16,319.55,315.66,386.67,3.89,390.56,17.32,17.72,0.0,1.91,30.97,751.03,0.0,0.0,0.0,4.44,395.01,2.1546
2019-07-07 12:00:00,188,12.0,42,2487,1,0,2402.5,3,35.0,36.61,822.07,856.33,955.8,917.56,0.5796,531.84,319.55,315.66,385.71,3.89,389.6,17.32,17.72,0.0,1.91,30.97,751.03,0.0,0.0,0.0,4.44,394.05,2.1494
2019-07-07 12:00:00,188,12.0,43,2464,1,0,2402.5,3,35.0,37.21,820.6,856.33,955.8,915.91,0.5802,531.42,319.55,315.66,384.49,3.89,388.38,17.32,17.87,0.0,1.91,30.97,751.03,0.0,0.0,0.0,4.44,392.82,2.1427
2019-07-07 12:00:00,188,12.0,44,2555,1,0,2402.5,3,35.0,34.84,695.25,856.33,955.8,776.0,0.5779,448.46,319.55,315.66,327.55,3.89,331.44,17.32,17.28,0.0,1.91,30.97,751.03,0.0,0.0,0.0,4.44,335.88,1.8321
2019-07-07 12:00:00,188,12.0,45,2555,1,0,2402.5,3,35.0,34.84,901.56,856.33,955.8,1006.28,0.5779,581.53,319.55,315.66,424.75,3.89,428.63,17.32,17.28,0.0,1.91,30.97,751.03,0.0,0.0,0.0,4.44,433.08,2.3622
2019-07-07 12:00:00,188,12.0,46,2555,1,0,2402.5,3,35.0,34.84,817.71,856.33,955.8,912.69,0.5779,527.44,319.55,315.66,385.24,3.89,389.13,17.32,17.28,0.0,1.91,30.97,751.03,0.0,0.0,0.0,4.44,393.57,2.1468
2019-07-07 12:00:00,188,12.0,47,2530,1,0,2402.5,3,35.0,35.49,744.75,856.33,955.8,831.26,0.5785,480.91,319.55,315.66,350.34,3.89,354.23,17.32,17.44,0.0,1.91,30.97,751.03,0.0,0.0,0.0,4.44,358.68,1.9564
2019-07-07 12:00:00,188,12.0,48,2510,1,0,2402.5,3,35.0,36.01,889.93,856.33,955.8,993.3,0.579,575.17,319.55,315.66,418.14,3.89,422.02,17.32,17.57,0.0,1.91,30.97,751.03,0.0,0.0,0.0,4.44,426.47,2.3262
2019-07-07 12:00:00,188,12.0,49,2534,1,0,2402.5,3,35.0,35.39,894.62,856.33,955.8,998.54,0.5784,577.59,319.55,315.66,420.95,3.89,424.83,17.32,17.41,0.0,1.91,30.97,751.03,0.0,0.0,0.0,4.44,429.28,2.3415
2019-07-07 12:00:00,188,12.0,50,2531,1,0,2402.5,3,35.0,35.47,658.84,856.33,955.8,735.37,0.5785,425.42,319.55,315.66,309.95,3.89,313.84,17.32,17.43,0.0,1.91,30.97,751.03,0.0,0.0,0.0,4.44,318.28,1.7361
2019-07-07 12:00:00,188,12.0,51,2531,1,0,2402.5,3,35.0,35.47,917.6,856.33,955.8,1024.18,0.5785,592.5,319.55,315.66,431.68,3.89,435.57,17.32,17.43,0.0,1.91,30.97,751.03,0.0,0.0,0.0,4.44,440.01,2.4001
2019-07-07 12:00:00,188,12.0,52,2531,1,0,2402.5,3,35.0,35.47,829.92,856.33,955.8,926.31,0.5785,535.88,319.55,315.66,390.43,3.89,394.32,17.32,17.43,0.0,1.91,30.97,751.03,0.0,0.0,0.0,4.44,398.76,2.1751
2019-07-07 12:00:00,188,12.0,53,2507,1,0,2402.5,3,35.0,36.09,772.4,856.33,955.8,862.12,0.5791,499.27,319.55,315.66,362.85,3.89,366.73,17.32,17.59,0.0,1.91,30.97,751.03,0.0,0.0,0.0,4.44,371.18,2.0246
2019-07-07 12:00:00,188,12.0,54,2494,1,0,2402.5,3,35.0,36.43,954.03,856.33,955.8,1064.84,0.5795,617.03,319.55,315.66,447.82,3.89,451.71,17.32,17.67,0.0,1.91,30.97,751.03,0.0,0.0,0.0,4.44,456.15,2.4881
2019-07-07 12:00:00,188,12.0,55,2531,1,0,2402.5,3,35.0,35.47,917.03,856.33,955.8,1023.55,0.5785,592.14,319.55,315.66,431.41,3.89,435.3,17.32,17.43,0.0,1.91,30.97,751.03,0.0,0.0,0.0,4.44,439.75,2.3986
2019-07-07 12:00:00,188,12.0,56,2531,1,0,2402.5,3,35.0,35.47,833.51,856.33,955.8,930.33,0.5785,538.2,319.55,315.66,392.12,3.89,396.01,17.32,17.43,0.0,1.91,30.97,751.03,0.0,0.0,0.0,4.44,400.45,2.1843
2019-07-07 12:00:00,188,12.0,57,2507,1,0,2402.5,3,35.0,36.09,779.58,856.33,955.8,870.13,0.5791,503.91,319.55,315.66,366.22,3.89,370.11,17.32,17.59,0.0,1.91,30.97,751.03,0.0,0.0,0.0,4.44,374.55,2.043
2019-07-07 12:00:00,188,12.0,58,2494,1,0,2402.5,3,35.0,36.43,974.67,856.33,955.8,1087.88,0.5795,630.37,319.55,315.66,457.51,3.89,461.4,17.32,17.67,0.0,1.91,30.97,751.03,0.0,0.0,0.0,4.44,465.84,2.5409
2019-07-07 12:00:00,188,12.0,59,2506,1,0,2402.5,3,35.0,36.12,916.47,856.33,955.8,1022.92,0.5791,592.42,319.55,315.66,430.5,3.89,434.39,17.32,17.6,0.0,1.91,30.97,751.03,0.0,0.0,0.0,4.44,438.83,2.3936
2019-07-07 12:00:00,188,12.0,60,2506,1,0,2402.5,3,35.0,36.12,838.72,856.33,955.8,936.14,0.5791,542.16,319.55,315.66,393.98,3.89,397.87,17.32,17.6,0.0,1.91,30.97,751.03,0.0,0.0,0.0,4.44,402.31,2.1944
2019-07-07 12:00:00,188,12.0,61,2485,1,0,2402.5,3,35.0,36.66,763.56,856.33,955.8,852.25,0.5797,494.03,319.55,315.66,358.22,3.89,362.11,17.32,17.73,0.0,1.91,30.97,751.03,0.0,0.0,0.0,4.44,366.55,1.9994
2019-07-07 12:00:00,188,12.0,62,2469,1,0,2402.5,3,35.0,37.08,958.3,856.33,955.8,1069.61,0.5801,620.46,319.55,315.66,449.15,3.89,453.03,17.32,17.84,0.0,1.91,30.97,751.03,0.0,0.0,0.0,4.44,457.48,2.4953
2019-07-07 12:00:00,188,12.0,63,2506,1,0,2402.5,3,35.0,36.12,587.37,856.33,955.8,655.6,0.5791,379.69,319.55,315.66,275.91,3.89,279.8,17.32,17.6,0.0,1.91,30.97,751.03,0.0,0.0,0.0,4.44,284.24,1.5504
2019-07-07 12:00:00,188,12.0,64,2506,1,0,2402.5,3,35.0,36.12,920.46,856.33,955.8,1027.37,0.5791,595.0,319.55,315.66,432.37,3.89,436.26,17.32,17.6,0.0,1.91,30.97,751.03,0.0,0.0,0.0,4.44,440.71,2.4039
2019-07-07 12:00:00,188,12.0,65,2506,1,0,2402.5,3,35.0,36.12,854.03,856.33,955.8,953.22,0.5791,552.06,319.55,315.66,401.17,3.89,405.06,17.32,17.6,0.0,1.91,30.97,751.03,0.0,0.0,0.0,4.44,409.5,2.2336
2019-07-07 12:00:00,188,12.0,66,2485,1,0,2402.5,3,35.0,36.66,757.79,856.33,955.8,845.81,0.5797,490.3,319.55,315.66,355.51,3.89,359.4,17.32,17.73,0.0,1.91,30.97,751.03,0.0,0.0,0.0,4.44,363.85,1.9846
2019-07-07 12:00:00,188,12.0,67,2455,1,0,2402.5,3,35.0,37.44,943.8,856.33,955.8,1053.43,0.5804,611.45,319.55,315.66,441.98,3.89,445.87,17.32,17.93,0.0,1.91,30.97,751.03,0.0,0.0,0.0,4.44,450.31,2.4562
2019-07-07 12:00:00,188,12.0,68,2489,1,0,2402.5,3,35.0,36.56,552.1,856.33,955.8,616.23,0.5796,357.15,319.55,315.66,259.08,3.89,262.97,17.32,17.71,0.0,1.91,30.97,751.03,0.0,0.0,0.0,4.44,267.41,1.4586
2019-07-07 12:00:00,188,12.0,69,2489,1,0,2402.5,3,35.0,36.56,918.27,856.33,955.8,1024.93,0.5796,594.03,319.55,315.66,430.9,3.89,434.79,17.32,17.71,0.0,1.91,30.97,751.03,0.0,0.0,0.0,4.44,439.24,2.3958
2019-07-07 12:00:00,188,12.0,70,2489,1,0,2402.5,3,35.0,36.56,861.76,856.33,955.8,961.85,0.5796,557.47,319.55,315.66,404.38,3.89,408.27,17.32,17.71,0.0,1.91,30.97,751.03,0.0,0.0,0.0,4.44,412.72,2.2512
2019-07-07 12:00:00,188,12.0,71,2477,1,0,2402.5,3,35.0,36.87,770.39,856.33,955.8,859.87,0.5799,498.62,319.55,315.66,361.25,3.89,365.13,17.32,17.79,0.0,1.91,30.97,751.03,0.0,0.0,0.0,4.44,369.58,2.0159
2019-07-07 12:00:00,188,12.0,72,2455,1,0,2402.5,3,35.0,37.44,933.89,856.33,955.8,1042.37,0.5804,605.03,319.55,315.66,437.34,3.89,441.23,17.32,17.93,0.0,1.91,30.97,751.03,0.0,0.0,0.0,4.44,445.67,2.4309
2019-07-07 12:00:00,188,12.0,73,2485,1,0,2402.5,3,35.0,36.66,506.25,856.33,955.8,565.05,0.5797,327.55,319.55,315.66,237.5,3.89,241.39,17.32,17.73,0.0,1.91,30.97,751.03,0.0,0.0,0.0,4.44,245.84,1.3409
2019-07-07 12:00:00,188,12.0,74,2485,1,0,2402.5,3,35.0,36.66,922.0,856.33,955.8,1029.1,0.5797,596.55,319.55,315.66,432.55,3.89,436.44,17.32,17.73,0.0,1.91,30.97,751.03,0.0,0.0,0.0,4.44,440.88,2.4048
2019-07-07 12:00:00,188,12.0,75,2485,1,0,2402.5,3,35.0,36.66,849.66,856.33,955.8,948.36,0.5797,549.74,319.55,315.66,398.61,3.89,402.5,17.32,17.73,0.0,1.91,30.97,751.03,0.0,0.0,0.0,4.44,406.95,2.2197
2019-07-07 12:00:00,188,12.0,76,2466,1,0,2402.5,3,35.0,37.16,744.92,856.33,955.8,831.44,0.5802,482.37,319.55,315.66,349.07,3.89,352.96,17.32,17.86,0.0,1.91,30.97,751.03,0.0,0.0,0.0,4.44,357.41,1.9495
2019-07-07 12:00:00,188,12.0,77,2445,1,0,2402.5,3,35.0,37.7,910.77,856.33,955.8,1016.55,0.5807,590.31,319.55,315.66,426.25,3.89,430.14,17.32,17.99,0.0,1.91,30.97,751.03,0.0,0.0,0.0,4.44,434.58,2.3704
2019-07-07 12:00:00,188,12.0,78,2478,1,0,2402.5,3,35.0,36.85,921.85,856.33,955.8,1028.93,0.5799,596.63,319.55,315.66,432.3,3.89,436.19,17.32,17.78,0.0,1.91,30.97,751.03,0.0,0.0,0.0,4.44,440.63,2.4034
2019-07-07 12:00:00,188,12.0,79,2478,1,0,2402.5,3,35.0,36.85,814.68,856.33,955.8,909.31,0.5799,527.27,319.55,315.66,382.04,3.89,385.93,17.32,17.78,0.0,1.91,30.97,751.03,0.0,0.0,0.0,4.44,390.37,2.1293
2019-07-07 12:00:00,188,12.0,80,2449,1,0,2402.5,3,35.0,37.6,673.59,856.33,955.8,751.83,0.5806,436.5,319.55,315.66,315.32,3.89,319.21,17.32,17.97,0.0,1.91,30.97,751.03,0.0,0.0,0.0,4.44,323.65,1.7654
2019-07-07 12:00:00,188,12.0,81,2412,1,0,2402.5,3,35.0,38.56,873.17,856.33,955.8,974.6,0.5815,566.76,319.55,315.66,407.84,3.89,411.73,17.32,18.21,0.0,1.91,30.97,751.03,0.0,0.0,0.0,4.44,416.17,2.27
2019-07-07 12:00:00,188,12.0,82,2443,1,0,2402.5,3,35.0,37.76,983.52,856.33,955.8,1097.76,0.5807,637.52,319.55,315.66,460.24,3.89,464.13,17.32,18.01,0.0,1.91,30.97,751.03,0.0,0.0,0.0,4.44,468.58,2.5559
2019-07-07 12:00:00,188,12.0,83,2474,1,0,2402.5,3,35.0,36.95,923.17,856.33,955.8,1030.4,0.58,597.59,319.55,315.66,432.81,3.89,436.7,17.32,17.8,0.0,1.91,30.97,751.03,0.0,0.0,0.0,4.44,441.15,2.4063
2019-07-07 12:00:00,188,12.0,84,2474,1,0,2402.5,3,35.0,36.95,778.77,856.33,955.8,869.23,0.58,504.11,319.55,315.66,365.11,3.89,369.0,17.32,17.8,0.0,1.91,30.97,751.03,0.0,0.0,0.0,4.44,373.45,2.037
2019-07-07 12:00:00,188,12.0,85,2436,1,0,2402.5,3,35.0,37.94,605.56,856.33,955.8,675.9,0.5809,392.64,319.55,315.66,283.25,3.89,287.14,17.32,18.05,0.0,1.91,30.97,751.03,0.0,0.0,0.0,4.44,291.59,1.5905
2019-07-07 12:00:00,188,12.0,86,2397,0,0,2402.5,3,35.0,38.95,816.69,856.33,955.8,911.55,0.2445,222.84,319.55,315.66,688.71,3.89,692.6,17.32,18.3,0.0,1.91,30.97,751.03,0.0,0.0,0.0,24.44,717.04,3.8528
2019-07-07 12:00:00,188,12.0,87,2415,1,0,2402.5,3,35.0,38.48,936.3,856.33,955.8,1045.06,0.5815,607.65,319.55,315.66,437.41,3.89,441.29,17.32,18.19,0.0,1.91,30.97,751.03,0.0,0.0,0.0,4.44,445.74,2.4313
2019-07-07 12:00:00,188,12.0,88,2476,1,0,2402.5,3,35.0,36.9,722.56,856.33,955.8,806.49,0.5799,467.69,319.55,315.66,338.8,3.89,342.69,17.32,17.79,0.0,1.91,30.97,751.03,0.0,0.0,0.0,4.44,347.13,1.8935
2019-07-07 12:00:00,188,12.0,89,2428,1,0,2402.5,3,35.0,38.15,527.73,856.33,955.8,589.03,0.5811,342.3,319.55,315.66,246.73,3.89,250.62,17.32,18.1,0.0,1.91,30.97,751.03,0.0,0.0,0.0,4.44,255.06,1.3913
2019-07-07 12:00:00,188,12.0,90,2377,0,0,2402.5,3,35.0,39.47,736.08,856.33,955.8,821.58,0.245,201.26,319.55,315.66,620.32,3.89,624.21,17.32,18.43,0.0,1.91,30.97,751.03,0.0,0.0,0.0,24.44,648.65,3.4853
2019-07-07 12:00:00,188,12.0,91,2378,0,0,2402.5,3,35.0,39.45,898.42,856.33,955.8,1002.77,0.2449,245.62,319.55,315.66,757.15,3.89,761.04,17.32,18.43,0.0,1.91,30.97,751.03,0.0,0.0,0.0,24.44,785.48,4.2205
2019-07-07 12:00:00,188,12.0,92,2496,1,0,2402.5,3,35.0,36.38,606.23,856.33,955.8,676.65,0.5794,392.05,319.55,315.66,284.6,3.89,288.49,17.32,17.66,0.0,1.91,30.97,751.03,0.0,0.0,0.0,4.44,292.93,1.5978
2019-07-07 12:00:00,188,12.0,93,2423,1,0,2402.5,3,35.0,38.28,525.06,856.33,955.8,586.04,0.5813,340.64,319.55,315.66,245.41,3.89,249.29,17.32,18.14,0.0,1.91,30.97,751.03,0.0,0.0,0.0,4.44,253.74,1.384
2019-07-07 12:00:00,188,12.0,95,2372,0,0,2402.5,3,35.0,39.6,645.33,856.33,955.8,720.29,0.2451,176.54,319.55,315.66,543.75,3.89,547.64,17.32,18.47,0.0,1.91,30.97,751.03,0.0,0.0,0.0,24.44,572.09,3.0739
2019-07-07 12:00:00,188,12.0,97,2358,0,0,2402.5,3,35.0,39.97,880.31,856.33,955.8,982.56,0.2454,241.17,319.55,315.66,741.39,3.89,745.28,17.32,18.56,0.0,1.91,30.97,751.03,0.0,0.0,0.0,24.44,769.73,4.1358
2019-07-07 12:00:00,188,12.0,98,2554,1,0,2402.5,3,35.0,34.87,527.81,856.33,955.8,589.11,0.5779,340.47,319.55,315.66,248.65,3.89,252.54,17.32,17.28,0.0,1.91,30.97,751.03,0.0,0.0,0.0,4.44,256.98,1.4017
2019-07-07 12:00:00,188,12.0,99,2451,1,0,2402.5,3,35.0,37.55,668.52,856.33,955.8,746.17,0.5805,433.18,319.55,315.66,312.99,3.89,316.88,17.32,17.95,0.0,1.91,30.97,751.03,0.0,0.0,0.0,4.44,321.32,1.7527
2019-07-07 12:00:00,188,12.0,100,2361,0,0,2402.5,3,35.0,39.89,524.29,856.33,955.8,585.19,0.2454,143.59,319.55,315.66,441.6,3.89,445.49,17.32,18.54,0.0,1.91,30.97,751.03,0.0,0.0,0.0,24.44,469.93,2.525
2019-07-07 12:30:00,188,12.5,94,2563,1,0,2402.5,3,35.0,34.64,753.31,888.69,1026.5,870.13,0.5777,502.68,325.74,315.66,367.45,10.08,377.54,18.57,17.23,0.0,1.91,28.46,751.25,0.0,0.0,0.0,4.44,381.98,2.0835
2019-07-07 12:30:00,188,12.5,96,2549,1,0,2402.5,3,35.0,35.0,888.69,888.69,1026.5,1026.5,0.5781,593.37,325.74,315.66,433.13,10.08,443.21,18.57,17.32,0.0,1.91,28.46,751.25,0.0,0.0,0.0,4.44,447.65,2.4417
2019-07-07 12:30:00,188,12.5,1,2612,1,0,2402.5,3,35.0,33.36,789.53,888.69,1026.5,911.97,0.5765,525.71,325.74,315.66,386.25,10.08,396.34,18.57,16.91,0.0,1.91,28.46,751.25,0.0,0.0,0.0,4.44,400.78,2.1861
2019-07-07 12:30:00,188,12.5,2,2612,1,0,2402.5,3,35.0,33.36,840.52,888.69,1026.5,970.87,0.5765,559.67,325.74,315.66,411.2,10.08,421.28,18.57,16.91,0.0,1.91,28.46,751.25,0.0,0.0,0.0,4.44,425.73,2.3222
2019-07-07 12:30:00,188,12.5,3,2610,1,0,2402.5,3,35.0,33.41,750.95,888.69,1026.5,867.4,0.5765,500.06,325.74,315.66,367.33,10.08,377.42,18.57,16.92,0.0,1.91,28.46,751.25,0.0,0.0,0.0,4.44,381.86,2.0829
2019-07-07 12:30:00,188,12.5,4,2583,1,0,2402.5,3,35.0,34.12,827.83,888.69,1026.5,956.2,0.5772,551.92,325.74,315.66,404.29,10.08,414.37,18.57,17.1,0.0,1.91,28.46,751.25,0.0,0.0,0.0,4.44,418.81,2.2844
2019-07-07 12:30:00,188,12.5,5,2583,1,0,2402.5,3,35.0,34.12,784.22,888.69,1026.5,905.83,0.5772,522.84,325.74,315.66,382.99,10.08,393.07,18.57,17.1,0.0,1.91,28.46,751.25,0.0,0.0,0.0,4.44,397.52,2.1683
2019-07-07 12:30:00,188,12.5,6,2546,1,0,2402.5,3,35.0,35.08,784.86,888.69,1026.5,906.58,0.5781,524.12,325.74,315.66,382.46,10.08,392.54,18.57,17.34,0.0,1.91,28.46,751.25,0.0,0.0,0.0,4.44,396.98,2.1653
2019-07-07 12:30:00,188,12.5,7,2546,1,0,2402.5,3,35.0,35.08,779.15,888.69,1026.5,899.97,0.5781,520.3,325.74,315.66,379.67,10.08,389.75,18.57,17.34,0.0,1.91,28.46,751.25,0.0,0.0,0.0,4.44,394.19,2.1502
2019-07-07 12:30:00,188,12.5,8,2639,1,0,2402.5,3,35.0,32.66,801.42,888.69,1026.5,925.7,0.5758,533.0,325.74,315.66,392.71,10.08,402.79,18.57,16.73,0.0,1.91,28.46,751.25,0.0,0.0,0.0,4.44,407.23,2.2213
2019-07-07 12:30:00,188,12.5,9,2610,1,0,2402.5,3,35.0,33.41,739.84,888.69,1026.5,854.57,0.5765,492.67,325.74,315.66,361.9,10.08,371.98,18.57,16.92,0.0,1.91,28.46,751.25,0.0,0.0,0.0,4.44,376.43,2.0532
2019-07-07 12:30:00,188,12.5,10,2579,1,0,2402.5,3,35.0,34.22,823.58,888.69,1026.5,951.3,0.5773,549.18,325.74,315.66,402.12,10.08,412.2,18.57,17.12,0.0,1.91,28.46,751.25,0.0,0.0,0.0,4.44,416.64,2.2726
2019-07-07 12:30:00,188,12.5,11,2579,1,0,2402.5,3,35.0,34.22,837.29,888.69,1026.5,967.13,0.5773,558.32,325.74,315.66,408.81,10.08,418.89,18.57,17.12,0.0,1.91,28.46,751.25,0.0,0.0,0.0,4.44,423.33,2.3091
2019-07-07 12:30:00,188,12.5,12,2546,1,0,2402.5,3,35.0,35.08,757.16,888.69,1026.5,874.57,0.5781,505.62,325.74,315.66,368.95,10.08,379.04,18.57,17.34,0.0,1.91,28.46,751.25,0.0,0.0,0.0,4.44,383.48,2.0917
2019-07-07 12:30:00,188,12.5,13,2530,1,0,2402.5,3,35.0,35.49,837.11,888.69,1026.5,966.92,0.5785,559.4,325.74,315.66,407.52,10.08,417.6,18.57,17.44,0.0,1.91,28.46,751.25,0.0,0.0,0.0,4.44,422.05,2.3021
2019-07-07 12:30:00,188,12.5,14,2530,1,0,2402.5,3,35.0,35.49,793.82,888.69,1026.5,916.92,0.5785,530.48,325.74,315.66,386.45,10.08,396.53,18.57,17.44,0.0,1.91,28.46,751.25,0.0,0.0,0.0,4.44,400.97,2.1871
2019-07-07 12:30:00,188,12.5,15,2494,1,0,2402.5,3,35.0,36.43,796.77,888.69,1026.5,920.33,0.5795,533.29,325.74,315.66,387.04,10.08,397.12,18.57,17.67,0.0,1.91,28.46,751.25,0.0,0.0,0.0,4.44,401.57,2.1904
2019-07-07 12:30:00,188,12.5,16,2494,1,0,2402.5,3,35.0,36.43,794.75,888.69,1026.5,918.0,0.5795,531.93,325.74,315.66,386.06,10.08,396.14,18.57,17.67,0.0,1.91,28.46,751.25,0.0,0.0,0.0,4.44,400.59,2.185
2019-07-07 12:30:00,188,12.5,17,2462,1,0,2402.5,3,35.0,37.26,810.55,888.69,1026.5,936.24,0.5803,543.26,325.74,315.66,392.98,10.08,403.06,18.57,17.88,0.0,1.91,28.46,751.25,0.0,0.0,0.0,4.44,407.5,2.2227
2019-07-07 12:30:00,188,12.5,18,2630,1,0,2402.5,3,35.0,32.89,922.12,888.69,1026.5,1065.11,0.576,613.51,325.74,315.66,451.61,10.08,461.69,18.57,16.79,0.0,1.91,28.46,751.25,0.0,0.0,0.0,4.44,466.13,2.5425
2019-07-07 12:30:00,188,12.5,19,2630,1,0,2402.5,3,35.0,32.89,855.82,888.69,1026.5,988.53,0.576,569.4,325.74,315.66,419.14,10.08,429.22,18.57,16.79,0.0,1.91,28.46,751.25,0.0,0.0,0.0,4.44,433.66,2.3654
2019-07-07 12:30:00,188,12.5,20,2604,1,0,2402.5,3,35.0,33.57,730.5,888.69,1026.5,843.78,0.5767,486.58,325.74,315.66,357.2,10.08,367.28,18.57,16.96,0.0,1.91,28.46,751.25,0.0,0.0,0.0,4.44,371.73,2.0276
2019-07-07 12:30:00,188,12.5,21,2563,1,0,2402.5,3,35.0,34.64,753.31,888.69,1026.5,870.13,0.5777,502.68,325.74,315.66,367.45,10.08,377.54,18.57,17.23,0.0,1.91,28.46,751.25,0.0,0.0,0.0,4.44,381.98,2.0835
2019-07-07 12:30:00,188,12.5,22,2556,1,0,2402.5,3,35.0,34.82,836.73,888.69,1026.5,966.48,0.5779,558.51,325.74,315.66,407.97,10.08,418.05,18.57,17.27,0.0,1.91,28.46,751.25,0.0,0.0,0.0,4.44,422.5,2.3045
2019-07-07 12:30:00,188,12.5,23,2549,1,0,2402.5,3,35.0,35.0,888.69,888.69,1026.5,1026.5,0.5781,593.37,325.74,315.66,433.13,10.08,443.21,18.57,17.32,0.0,1.91,28.46,751.25,0.0,0.0,0.0,4.44,447.65,2.4417
2019-07-07 12:30:00,188,12.5,24,2549,1,0,2402.5,3,35.0,35.0,838.87,888.69,1026.5,968.96,0.5781,560.11,325.74,315.66,408.85,10.08,418.93,18.57,17.32,0.0,1.91,28.46,751.25,0.0,0.0,0.0,4.44,423.37,2.3093
2019-07-07 12:30:00,188,12.5,25,2524,1,0,2402.5,3,35.0,35.65,752.96,888.69,1026.5,869.73,0.5787,503.3,325.74,315.66,366.43,10.08,376.51,18.57,17.48,0.0,1.91,28.46,751.25,0.0,0.0,0.0,4.44,380.95,2.0779
2019-07-07 12:30:00,188,12.5,26,2502,1,0,2402.5,3,35.0,36.22,851.15,888.69,1026.5,983.14,0.5792,569.48,325.74,315.66,413.66,10.08,423.74,18.57,17.62,0.0,1.91,28.46,751.25,0.0,0.0,0.0,4.44,428.18,2.3355
2019-07-07 12:30:00,188,12.5,27,2502,1,0,2402.5,3,35.0,36.22,831.51,888.69,1026.5,960.45,0.5792,556.34,325.74,315.66,404.11,10.08,414.19,18.57,17.62,0.0,1.91,28.46,751.25,0.0,0.0,0.0,4.44,418.64,2.2835
2019-07-07 12:30:00,188,12.5,28,2477,1,0,2402.5,3,35.0,36.87,831.2,888.69,1026.5,960.09,0.5799,556.74,325.74,315.66,403.35,10.08,413.43,18.57,17.79,0.0,1.91,28.46,751.25,0.0,0.0,0.0,4.44,417.88,2.2793
2019-07-07 12:30:00,188,12.5,29,2477,1,0,2402.5,3,35.0,36.87,816.05,888.69,1026.5,942.59,0.5799,546.59,325.74,315.66,396.0,10.08,406.08,18.57,17.79,0.0,1.91,28.46,751.25,0.0,0.0,0.0,4.44,410.53,2.2392
2019-07-07 12:30:00,188,12.5,30,2440,1,0,2402.5,3,35.0,37.83,837.97,888.69,1026.5,967.91,0.5808,562.18,325.74,315.66,405.73,10.08,415.81,18.57,18.03,0.0,1.91,28.46,751.25,0.0,0.0,0.0,4.44,420.26,2.2923
2019-07-07 12:30:00,188,12.5,31,2620,1,0,2402.5,3,35.0,33.15,663.11,888.69,1026.5,765.94,0.5763,441.38,325.74,315.66,324.56,10.08,334.64,18.57,16.86,0.0,1.91,28.46,751.25,0.0,0.0,0.0,4.44,339.09,1.8496
2019-07-07 12:30:00,188,12.5,32,2576,1,0,2402.5,3,35.0,34.3,758.63,888.69,1026.5,876.27,0.5774,505.93,325.74,315.66,370.34,10.08,380.42,18.57,17.14,0.0,1.91,28.46,751.25,0.0,0.0,0.0,4.44,384.86,2.0992
2019-07-07 12:30:00,188,12.5,33,2576,1,0,2402.5,3,35.0,34.3,910.23,888.69,1026.5,1051.38,0.5774,607.04,325.74,315.66,444.34,10.08,454.42,18.57,17.14,0.0,1.91,28.46,751.25,0.0,0.0,0.0,4.44,458.87,2.5029
2019-07-07 12:30:00,188,12.5,34,2576,1,0,2402.5,3,35.0,34.3,835.09,888.69,1026.5,964.59,0.5774,556.93,325.74,315.66,407.66,10.08,417.75,18.57,17.14,0.0,1.91,28.46,751.25,0.0,0.0,0.0,4.44,422.19,2.3029
2019-07-07 12:30:00,188,12.5,35,2556,1,0,2402.5,3,35.0,34.82,739.8,888.69,1026.5,854.52,0.5779,493.81,325.74,315.66,360.71,10.08,370.79,18.57,17.27,0.0,1.91,28.46,751.25,0.0,0.0,0.0,4.44,375.24,2.0467
2019-07-07 12:30:00,188,12.5,36,2533,1,0,2402.5,3,35.0,35.42,833.75,888.69,1026.5,963.05,0.5785,557.09,325.74,315.66,405.96,10.08,416.04,18.57,17.42,0.0,1.91,28.46,751.25,0.0,0.0,0.0,4.44,420.49,2.2936
2019-07-07 12:30:00,188,12.5,37,2532,1,0,2402.5,3,35.0,35.44,939.63,888.69,1026.5,1085.35,0.5785,627.86,325.74,315.66,457.49,10.08,467.57,18.57,17.43,0.0,1.91,28.46,751.25,0.0,0.0,0.0,4.44,472.01,2.5746
2019-07-07 12:30:00,188,12.5,38,2534,1,0,2402.5,3,35.0,35.39,936.22,888.69,1026.5,1081.41,0.5784,625.53,325.74,315.66,455.88,10.08,465.96,18.57,17.41,0.0,1.91,28.46,751.25,0.0,0.0,0.0,4.44,470.41,2.5659
2019-07-07 12:30:00,188,12.5,39,2534,1,0,2402.5,3,35.0,35.39,867.44,888.69,1026.5,1001.95,0.5784,579.57,325.74,315.66,422.39,10.08,432.47,18.57,17.41,0.0,1.91,28.46,751.25,0.0,0.0,0.0,4.44,436.91,2.3832
2019-07-07 12:30:00,188,12.5,40,2515,1,0,2402.5,3,35.0,35.88,755.92,888.69,1026.5,873.14,0.5789,505.48,325.74,315.66,367.66,10.08,377.74,18.57,17.54,0.0,1.91,28.46,751.25,0.0,0.0,0.0,4.44,382.19,2.0847
2019-07-07 12:30:00,188,12.5,41,2487,1,0,2402.5,3,35.0,36.61,818.5,888.69,1026.5,945.43,0.5796,548.0,325.74,315.66,397.43,10.08,407.51,18.57,17.72,0.0,1.91,28.46,751.25,0.0,0.0,0.0,4.44,411.96,2.247
2019-07-07 12:30:00,188,12.5,42,2487,1,0,2402.5,3,35.0,36.61,820.43,888.69,1026.5,947.66,0.5796,549.29,325.74,315.66,398.37,10.08,408.45,18.57,17.72,0.0,1.91,28.46,751.25,0.0,0.0,0.0,4.44,412.89,2.2522
2019-07-07 12:30:00,188,12.5,43,2464,1,0,2402.5,3,35.0,37.21,823.97,888.69,1026.5,951.75,0.5802,552.22,325.74,315.66,399.53,10.08,409.61,18.57,17.87,0.0,1.91,28.46,751.25,0.0,0.0,0.0,4.44,414.06,2.2585
2019-07-07 12:30:00,188,12.5,44,2555,1,0,2402.5,3,35.0,34.84,718.47,888.69,1026.5,829.89,0.5779,479.59,325.74,315.66,350.29,10.08,360.37,18.57,17.28,0.0,1.91,28.46,751.25,0.0,0.0,0.0,4.44,364.82,1.9899
2019-07-07 12:30:00,188,12.5,45,2555,1,0,2402.5,3,35.0,34.84,928.09,888.69,1026.5,1072.01,0.5779,619.52,325.74,315.66,452.49,10.08,462.57,18.57,17.28,0.0,1.91,28.46,751.25,0.0,0.0,0.0,4.44,467.02,2.5474
2019-07-07 12:30:00,188,12.5,46,2555,1,0,2402.5,3,35.0,34.84,845.65,888.69,1026.5,976.79,0.5779,564.49,325.74,315.66,412.3,10.08,422.38,18.57,17.28,0.0,1.91,28.46,751.25,0.0,0.0,0.0,4.44,426.83,2.3281
2019-07-07 12:30:00,188,12.5,47,2530,1,0,2402.5,3,35.0,35.49,772.62,888.69,1026.5,892.44,0.5785,516.31,325.74,315.66,376.13,10.08,386.21,18.57,17.44,0.0,1.91,28.46,751.25,0.0,0.0,0.0,4.44,390.65,2.1308
2019-07-07 12:30:00,188,12.5,48,2510,1,0,2402.5,3,35.0,36.01,909.16,888.69,1026.5,1050.15,0.579,608.08,325.74,315.66,442.07,10.08,452.15,18.57,17.57,0.0,1.91,28.46,751.25,0.0,0.0,0.0,4.44,456.59,2.4905
2019-07-07 12:30:00,188,12.5,49,2534,1,0,2402.5,3,35.0,35.39,886.71,888.69,1026.5,1024.22,0.5784,592.45,325.74,315.66,431.77,10.08,441.86,18.57,17.41,0.0,1.91,28.46,751.25,0.0,0.0,0.0,4.44,446.3,2.4344
2019-07-07 12:30:00,188,12.5,50,2531,1,0,2402.5,3,35.0,35.47,670.03,888.69,1026.5,773.93,0.5785,447.73,325.74,315.66,326.2,10.08,336.28,18.57,17.43,0.0,1.91,28.46,751.25,0.0,0.0,0.0,4.44,340.73,1.8585
2019-07-07 12:30:00,188,12.5,51,2531,1,0,2402.5,3,35.0,35.47,929.56,888.69,1026.5,1073.72,0.5785,621.16,325.74,315.66,452.56,10.08,462.64,18.57,17.43,0.0,1.91,28.46,751.25,0.0,0.0,0.0,4.44,467.08,2.5477
2019-07-07 12:30:00,188,12.5,52,2531,1,0,2402.5,3,35.0,35.47,842.61,888.69,1026.5,973.28,0.5785,563.06,325.74,315.66,410.23,10.08,420.31,18.57,17.43,0.0,1.91,28.46,751.25,0.0,0.0,0.0,4.44,424.75,2.3168
2019-07-07 12:30:00,188,12.5,53,2507,1,0,2402.5,3,35.0,36.09,783.95,888.69,1026.5,905.52,0.5791,524.41,325.74,315.66,381.11,10.08,391.2,18.57,17.59,0.0,1.91,28.46,751.25,0.0,0.0,0.0,4.44,395.64,2.158
2019-07-07 12:30:00,188,12.5,54,2494,1,0,2402.5,3,35.0,36.43,958.02,888.69,1026.5,1106.58,0.5795,641.21,325.74,315.66,465.37,10.08,475.45,18.57,17.67,0.0,1.91,28.46,751.25,0.0,0.0,0.0,4.44,479.9,2.6176
2019-07-07 12:30:00,188,12.5,55,2531,1,0,2402.5,3,35.0,35.47,929.71,888.69,1026.5,1073.88,0.5785,621.25,325.74,315.66,452.63,10.08,462.71,18.57,17.43,0.0,1.91,28.46,751.25,0.0,0.0,0.0,4.44,467.15,2.5481
2019-07-07 12:30:00,188,12.5,56,2531,1,0,2402.5,3,35.0,35.47,846.53,888.69,1026.5,977.8,0.5785,565.67,325.74,315.66,412.13,10.08,422.21,18.57,17.43,0.0,1.91,28.46,751.25,0.0,0.0,0.0,4.44,426.66,2.3272
2019-07-07 12:30:00,188,12.5,57,2507,1,0,2402.5,3,35.0,36.09,792.47,888.69,1026.5,915.37,0.5791,530.11,325.74,315.66,385.26,10.08,395.34,18.57,17.59,0.0,1.91,28.46,751.25,0.0,0.0,0.0,4.44,399.78,2.1806
2019-07-07 12:30:00,188,12.5,58,2494,1,0,2402.5,3,35.0,36.43,984.02,888.69,1026.5,1136.62,0.5795,658.61,325.74,315.66,478.0,10.08,488.09,18.57,17.67,0.0,1.91,28.46,751.25,0.0,0.0,0.0,4.44,492.53,2.6865
2019-07-07 12:30:00,188,12.5,59,2506,1,0,2402.5,3,35.0,36.12,929.13,888.69,1026.5,1073.22,0.5791,621.55,325.74,315.66,451.67,10.08,461.75,18.57,17.6,0.0,1.91,28.46,751.25,0.0,0.0,0.0,4.44,466.19,2.5429
2019-07-07 12:30:00,188,12.5,60,2506,1,0,2402.5,3,35.0,36.12,851.68,888.69,1026.5,983.75,0.5791,569.73,325.74,315.66,414.01,10.08,424.1,18.57,17.6,0.0,1.91,28.46,751.25,0.0,0.0,0.0,4.44,428.54,2.3375
2019-07-07 12:30:00,188,12.5,61,2485,1,0,2402.5,3,35.0,36.66,778.95,888.69,1026.5,899.75,0.5797,521.57,325.74,315.66,378.18,10.08,388.27,18.57,17.73,0.0,1.91,28.46,751.25,0.0,0.0,0.0,4.44,392.71,2.1421
2019-07-07 12:30:00,188,12.5,62,2469,1,0,2402.5,3,35.0,37.08,977.05,888.69,1026.5,1128.56,0.5801,654.66,325.74,315.66,473.9,10.08,483.98,18.57,17.84,0.0,1.91,28.46,751.25,0.0,0.0,0.0,4.44,488.43,2.6641
2019-07-07 12:30:00,188,12.5,63,2506,1,0,2402.5,3,35.0,36.12,595.09,888.69,1026.5,687.38,0.5791,398.09,325.74,315.66,289.28,10.08,299.37,18.57,17.6,0.0,1.91,28.46,751.25,0.0,0.0,0.0,4.44,303.81,1.6571
2019-07-07 12:30:00,188,12.5,64,2506,1,0,2402.5,3,35.0,36.12,927.4,888.69,1026.5,1071.22,0.5791,620.39,325.74,315.66,450.83,10.08,460.91,18.57,17.6,0.0,1.91,28.46,751.25,0.0,0.0,0.0,4.44,465.35,2.5383
2019-07-07 12:30:00,188,12.5,65,2506,1,0,2402.5,3,35.0,36.12,860.11,888.69,1026.5,993.49,0.5791,575.38,325.74,315.66,418.12,10.08,428.2,18.57,17.6,0.0,1.91,28.46,751.25,0.0,0.0,0.0,4.44,432.64,2.3599
2019-07-07 12:30:00,188,12.5,66,2485,1,0,2402.5,3,35.0,36.66,762.64,888.69,1026.5,880.9,0.5797,510.64,325.74,315.66,370.26,10.08,380.34,18.57,17.73,0.0,1.91,28.46,751.25,0.0,0.0,0.0,4.44,384.79,2.0988
2019-07-07 12:30:00,188,12.5,67,2455,1,0,2402.5,3,35.0,37.44,949.16,888.69,1026.5,1096.35,0.5804,636.36,325.74,315.66,459.99,10.08,470.07,18.57,17.93,0.0,1.91,28.46,751.25,0.0,0.0,0.0,4.44,474.51,2.5882
2019-07-07 12:30:00,188,12.5,68,2489,1,0,2402.5,3,35.0,36.56,560.47,888.69,1026.5,647.38,0.5796,375.21,325.74,315.66,272.17,10.08,282.26,18.57,17.71,0.0,1.91,28.46,751.25,0.0,0.0,0.0,4.44,286.7,1.5638
2019-07-07 12:30:00,188,12.5,69,2489,1,0,2402.5,3,35.0,36.56,928.08,888.69,1026.5,1072.0,0.5796,621.31,325.74,315.66,450.69,10.08,460.77,18.57,17.71,0.0,1.91,28.46,751.25,0.0,0.0,0.0,4.44,465.22,2.5376
2019-07-07 12:30:00,188,12.5,70,2489,1,0,2402.5,3,35.0,36.56,871.85,888.69,1026.5,1007.05,0.5796,583.66,325.74,315.66,423.38,10.08,433.47,18.57,17.71,0.0,1.91,28.46,751.25,0.0,0.0,0.0,4.44,437.91,2.3886
2019-07-07 12:30:00,188,12.5,71,2477,1,0,2402.5,3,35.0,36.87,778.98,888.69,1026.5,899.77,0.5799,521.76,325.74,315.66,378.01,10.08,388.09,18.57,17.79,0.0,1.91,28.46,751.25,0.0,0.0,0.0,4.44,392.54,2.1411
2019-07-07 12:30:00,188,12.5,72,2455,1,0,2402.5,3,35.0,37.44,938.13,888.69,1026.5,1083.61,0.5804,628.97,325.74,315.66,454.64,10.08,464.72,18.57,17.93,0.0,1.91,28.46,751.25,0.0,0.0,0.0,4.44,469.17,2.5591
2019-07-07 12:30:00,188,12.5,73,2485,1,0,2402.5,3,35.0,36.66,508.57,888.69,1026.5,587.44,0.5797,340.52,325.74,315.66,246.91,10.08,256.99,18.57,17.73,0.0,1.91,28.46,751.25,0.0,0.0,0.0,4.44,261.44,1.426
2019-07-07 12:30:00,188,12.5,74,2485,1,0,2402.5,3,35.0,36.66,924.61,888.69,1026.5,1068.0,0.5797,619.09,325.74,315.66,448.9,10.08,458.98,18.57,17.73,0.0,1.91,28.46,751.25,0.0,0.0,0.0,4.44,463.43,2.5278
2019-07-07 12:30:00,188,12.5,75,2485,1,0,2402.5,3,35.0,36.66,856.14,888.69,1026.5,988.91,0.5797,573.25,325.74,315.66,415.66,10.08,425.74,18.57,17.73,0.0,1.91,28.46,751.25,0.0,0.0,0.0,4.44,430.18,2.3465
2019-07-07 12:30:00,188,12.5,76,2466,1,0,2402.5,3,35.0,37.16,760.74,888.69,1026.5,878.71,0.5802,509.8,325.74,315.66,368.92,10.08,379.0,18.57,17.86,0.0,1.91,28.46,751.25,0.0,0.0,0.0,4.44,383.44,2.0915
2019-07-07 12:30:00,188,12.5,77,2445,1,0,2402.5,3,35.0,37.7,932.9,888.69,1026.5,1077.57,0.5807,625.74,325.74,315.66,451.83,10.08,461.92,18.57,17.99,0.0,1.91,28.46,751.25,0.0,0.0,0.0,4.44,466.36,2.5438
2019-07-07 12:30:00,188,12.5,78,2478,1,0,2402.5,3,35.0,36.85,924.46,888.69,1026.5,1067.82,0.5799,619.18,325.74,315.66,448.64,10.08,458.72,18.57,17.78,0.0,1.91,28.46,751.25,0.0,0.0,0.0,4.44,463.16,2.5263
2019-07-07 12:30:00,188,12.5,79,2478,1,0,2402.5,3,35.0,36.85,821.84,888.69,1026.5,949.29,0.5799,550.45,325.74,315.66,398.84,10.08,408.92,18.57,17.78,0.0,1.91,28.46,751.25,0.0,0.0,0.0,4.44,413.36,2.2547
2019-07-07 12:30:00,188,12.5,80,2449,1,0,2402.5,3,35.0,37.6,691.17,888.69,1026.5,798.35,0.5806,463.52,325.74,315.66,334.84,10.08,344.92,18.57,17.97,0.0,1.91,28.46,751.25,0.0,0.0,0.0,4.44,349.36,1.9056
2019-07-07 12:30:00,188,12.5,81,2412,1,0,2402.5,3,35.0,38.56,899.87,888.69,1026.5,1039.42,0.5815,604.45,325.74,315.66,434.97,10.08,445.05,18.57,18.21,0.0,1.91,28.46,751.25,0.0,0.0,0.0,4.44,449.49,2.4518
2019-07-07 12:30:00,188,12.5,82,2443,1,0,2402.5,3,35.0,37.76,1021.79,888.69,1026.5,1180.24,0.5807,685.42,325.74,315.66,494.82,10.08,504.91,18.57,18.01,0.0,1.91,28.46,751.25,0.0,0.0,0.0,4.44,509.35,2.7783
2019-07-07 12:30:00,188,12.5,83,2474,1,0,2402.5,3,35.0,36.95,919.26,888.69,1026.5,1061.81,0.58,615.8,325.74,315.66,446.0,10.08,456.09,18.57,17.8,0.0,1.91,28.46,751.25,0.0,0.0,0.0,4.44,460.53,2.512
2019-07-07 12:30:00,188,12.5,84,2474,1,0,2402.5,3,35.0,36.95,779.9,888.69,1026.5,900.84,0.58,522.45,325.74,315.66,378.39,10.08,388.47,18.57,17.8,0.0,1.91,28.46,751.25,0.0,0.0,0.0,4.44,392.92,2.1432
2019-07-07 12:30:00,188,12.5,85,2436,1,0,2402.5,3,35.0,37.94,616.76,888.69,1026.5,712.4,0.5809,413.85,325.74,315.66,298.55,10.08,308.63,18.57,18.05,0.0,1.91,28.46,751.25,0.0,0.0,0.0,4.44,313.08,1.7077
2019-07-07 12:30:00,188,12.5,86,2397,0,0,2402.5,3,35.0,38.95,839.85,888.69,1026.5,970.09,0.2445,237.15,325.74,315.66,732.94,10.08,743.02,18.57,18.3,0.0,1.91,28.46,751.25,0.0,0.0,0.0,24.44,767.47,4.1237
2019-07-07 12:30:00,188,12.5,87,2415,1,0,2402.5,3,35.0,38.48,970.03,888.69,1026.5,1120.45,0.5815,651.49,325.74,315.66,468.96,10.08,479.04,18.57,18.19,0.0,1.91,28.46,751.25,0.0,0.0,0.0,4.44,483.49,2.6372
2019-07-07 12:30:00,188,12.5,88,2476,1,0,2402.5,3,35.0,36.9,710.29,888.69,1026.5,820.44,0.5799,475.78,325.74,315.66,344.66,10.08,354.74,18.57,17.79,0.0,1.91,28.46,751.25,0.0,0.0,0.0,4.44,359.19,1.9592
2019-07-07 12:30:00,188,12.5,89,2428,1,0,2402.5,3,35.0,38.15,531.3,888.69,1026.5,613.69,0.5811,356.63,325.74,315.66,257.06,10.08,267.14,18.57,18.1,0.0,1.91,28.46,751.25,0.0,0.0,0.0,4.44,271.58,1.4814
2019-07-07 12:30:00,188,12.5,90,2377,0,0,2402.5,3,35.0,39.47,753.59,888.69,1026.5,870.45,0.245,213.23,325.74,315.66,657.22,10.08,667.3,18.57,18.43,0.0,1.91,28.46,751.25,0.0,0.0,0.0,24.44,691.74,3.7168
2019-07-07 12:30:00,188,12.5,91,2378,0,0,2402.5,3,35.0,39.45,927.38,888.69,1026.5,1071.2,0.2449,262.38,325.74,315.66,808.82,10.08,818.9,18.57,18.43,0.0,1.91,28.46,751.25,0.0,0.0,0.0,24.44,843.34,4.5314
2019-07-07 12:30:00,188,12.5,92,2496,1,0,2402.5,3,35.0,36.38,563.29,888.69,1026.5,650.64,0.5794,376.98,325.74,315.66,273.66,10.08,283.74,18.57,17.66,0.0,1.91,28.46,751.25,0.0,0.0,0.0,4.44,288.18,1.5719
2019-07-07 12:30:00,188,12.5,93,2423,1,0,2402.5,3,35.0,38.28,539.61,888.69,1026.5,623.29,0.5813,362.29,325.74,315.66,261.0,10.08,271.08,18.57,18.14,0.0,1.91,28.46,751.25,0.0,0.0,0.0,4.44,275.53,1.5029
2019-07-07 12:30:00,188,12.5,95,2372,0,0,2402.5,3,35.0,39.6,649.33,888.69,1026.5,750.02,0.2451,183.82,325.74,315.66,566.19,10.08,576.28,18.57,18.47,0.0,1.91,28.46,751.25,0.0,0.0,0.0,24.44,600.72,3.2278
2019-07-07 12:30:00,188,12.5,97,2358,0,0,2402.5,3,35.0,39.97,893.29,888.69,1026.5,1031.82,0.2454,253.26,325.74,315.66,778.56,10.08,788.64,18.57,18.56,0.0,1.91,28.46,751.25,0.0,0.0,0.0,24.44,813.08,4.3688
2019-07-07 12:30:00,188,12.5,98,2554,1,0,2402.5,3,35.0,34.87,483.55,888.69,1026.5,558.53,0.5779,322.79,325.74,315.66,235.74,10.08,245.82,18.57,17.28,0.0,1.91,28.46,751.25,0.0,0.0,0.0,4.44,250.27,1.3651
2019-07-07 12:30:00,188,12.5,99,2451,1,0,2402.5,3,35.0,37.55,686.78,888.69,1026.5,793.28,0.5805,460.53,325.74,315.66,332.75,10.08,342.83,18.57,17.95,0.0,1.91,28.46,751.25,0.0,0.0,0.0,4.44,347.27,1.8942
2019-07-07 12:30:00,188,12.5,100,2361,0,0,2402.5,3,35.0,39.89,523.29,888.69,1026.5,604.44,0.2454,148.31,325.74,315.66,456.13,10.08,466.21,18.57,18.54,0.0,1.91,28.46,751.25,0.0,0.0,0.0,24.44,490.65,2.6363
2019-07-07 13:00:00,188,13.0,94,2563,1,0,2402.5,3,35.0,34.64,803.49,910.84,350.0,308.75,0.5777,178.37,337.57,315.66,130.38,21.91,152.3,14.68,17.23,0.0,1.47,36.61,751.08,0.0,0.0,0.0,4.44,156.74,0.8549
2019-07-07 13:00:00,188,13.0,96,2549,1,0,2402.5,3,35.0,35.0,910.84,910.84,350.0,350.0,0.5781,202.32,337.57,315.66,147.68,21.91,169.59,14.68,17.32,0.0,1.47,36.61,751.08,0.0,0.0,0.0,4.44,174.04,0.9493
2019-07-07 13:00:00,188,13.0,1,2612,1,0,2402.5,3,35.0,33.36,833.03,910.84,350.0,320.1,0.5765,184.53,337.57,315.66,135.58,21.91,157.49,14.68,16.91,0.0,1.47,36.61,751.08,0.0,0.0,0.0,4.44,161.93,0.8833
2019-07-07 13:00:00,188,13.0,2,2612,1,0,2402.5,3,35.0,33.36,882.24,910.84,350.0,339.01,0.5765,195.43,337.57,315.66,143.59,21.91,165.5,14.68,16.91,0.0,1.47,36.61,751.08,0.0,0.0,0.0,4.44,169.94,0.9269
2019-07-07 13:00:00,188,13.0,3,2610,1,0,2402.5,3,35.0,33.41,789.94,910.84,350.0,303.54,0.5765,175.0,337.57,315.66,128.55,21.91,150.46,14.68,16.92,0.0,1.47,36.61,751.08,0.0,0.0,0.0,4.44,154.9,0.8449
2019-07-07 13:00:00,188,13.0,4,2583,1,0,2402.5,3,35.0,34.12,858.0,910.84,350.0,329.7,0.5772,190.3,337.57,315.66,139.4,21.91,161.31,14.68,17.1,0.0,1.47,36.61,751.08,0.0,0.0,0.0,4.44,165.75,0.9041
2019-07-07 13:00:00,188,13.0,5,2583,1,0,2402.5,3,35.0,34.12,810.6,910.84,350.0,311.48,0.5772,179.79,337.57,315.66,131.7,21.91,153.61,14.68,17.1,0.0,1.47,36.61,751.08,0.0,0.0,0.0,4.44,158.05,0.8621
2019-07-07 13:00:00,188,13.0,6,2546,1,0,2402.5,3,35.0,35.08,807.74,910.84,350.0,310.38,0.5781,179.44,337.57,315.66,130.94,21.91,152.85,14.68,17.34,0.0,1.47,36.61,751.08,0.0,0.0,0.0,4.44,157.3,0.858
2019-07-07 13:00:00,188,13.0,7,2546,1,0,2402.5,3,35.0,35.08,796.21,910.84,350.0,305.95,0.5781,176.88,337.57,315.66,129.07,21.91,150.98,14.68,17.34,0.0,1.47,36.61,751.08,0.0,0.0,0.0,4.44,155.43,0.8478
2019-07-07 13:00:00,188,13.0,8,2639,1,0,2402.5,3,35.0,32.66,843.52,910.84,350.0,324.13,0.5758,186.63,337.57,315.66,137.51,21.91,159.42,14.68,16.73,0.0,1.47,36.61,751.08,0.0,0.0,0.0,4.44,163.86,0.8938
2019-07-07 13:00:00,188,13.0,9,2610,1,0,2402.5,3,35.0,33.41,785.97,910.84,350.0,302.02,0.5765,174.12,337.57,315.66,127.9,21.91,149.81,14.68,16.92,0.0,1.47,36.61,751.08,0.0,0.0,0.0,4.44,154.26,0.8414
2019-07-07 13:00:00,188,13.0,10,2579,1,0,2402.5,3,35.0,34.22,858.25,910.84,350.0,329.79,0.5773,190.39,337.57,315.66,139.4,21.91,161.32,14.68,17.12,0.0,1.47,36.61,751.08,0.0,0.0,0.0,4.44,165.76,0.9041
2019-07-07 13:00:00,188,13.0,11,2579,1,0,2402.5,3,35.0,34.22,870.44,910.84,350.0,334.48,0.5773,193.09,337.57,315.66,141.38,21.91,163.3,14.68,17.12,0.0,1.47,36.61,751.08,0.0,0.0,0.0,4.44,167.74,0.9149
2019-07-07 13:00:00,188,13.0,12,2546,1,0,2402.5,3,35.0,35.08,797.85,910.84,350.0,306.58,0.5781,177.25,337.57,315.66,129.34,21.91,151.25,14.68,17.34,0.0,1.47,36.61,751.08,0.0,0.0,0.0,4.44,155.69,0.8492
2019-07-07 13:00:00,188,13.0,13,2530,1,0,2402.5,3,35.0,35.49,877.69,910.84,350.0,337.26,0.5785,195.12,337.57,315.66,142.14,21.91,164.05,14.68,17.44,0.0,1.47,36.61,751.08,0.0,0.0,0.0,4.44,168.5,0.9191
2019-07-07 13:00:00,188,13.0,14,2530,1,0,2402.5,3,35.0,35.49,833.19,910.84,350.0,320.16,0.5785,185.23,337.57,315.66,134.94,21.91,156.85,14.68,17.44,0.0,1.47,36.61,751.08,0.0,0.0,0.0,4.44,161.29,0.8798
2019-07-07 13:00:00,188,13.0,15,2494,1,0,2402.5,3,35.0,36.43,832.66,910.84,350.0,319.96,0.5795,185.4,337.57,315.66,134.56,21.91,156.47,14.68,17.67,0.0,1.47,36.61,751.08,0.0,0.0,0.0,4.44,160.91,0.8777
2019-07-07 13:00:00,188,13.0,16,2494,1,0,2402.5,3,35.0,36.43,828.97,910.84,350.0,318.54,0.5795,184.58,337.57,315.66,133.96,21.91,155.87,14.68,17.67,0.0,1.47,36.61,751.08,0.0,0.0,0.0,4.44,160.32,0.8745
2019-07-07 13:00:00,188,13.0,17,2462,1,0,2402.5,3,35.0,37.26,844.34,910.84,350.0,324.45,0.5803,188.26,337.57,315.66,136.18,21.91,158.09,14.68,17.88,0.0,1.47,36.61,751.08,0.0,0.0,0.0,4.44,162.54,0.8866
2019-07-07 13:00:00,188,13.0,18,2630,1,0,2402.5,3,35.0,32.89,954.16,910.84,350.0,366.65,0.576,211.19,337.57,315.66,155.46,21.91,177.37,14.68,16.79,0.0,1.47,36.61,751.08,0.0,0.0,0.0,4.44,181.81,0.9917
2019-07-07 13:00:00,188,13.0,19,2630,1,0,2402.5,3,35.0,32.89,895.67,910.84,350.0,344.17,0.576,198.24,337.57,315.66,145.93,21.91,167.84,14.68,16.79,0.0,1.47,36.61,751.08,0.0,0.0,0.0,4.44,172.28,0.9397
2019-07-07 13:00:00,188,13.0,20,2604,1,0,2402.5,3,35.0,33.57,780.39,910.84,350.0,299.88,0.5767,172.93,337.57,315.66,126.95,21.91,148.86,14.68,16.96,0.0,1.47,36.61,751.08,0.0,0.0,0.0,4.44,153.3,0.8362
2019-07-07 13:00:00,188,13.0,21,2563,1,0,2402.5,3,35.0,34.64,803.49,910.84,350.0,308.75,0.5777,178.37,337.57,315.66,130.38,21.91,152.3,14.68,17.23,0.0,1.47,36.61,751.08,0.0,0.0,0.0,4.44,156.74,0.8549
2019-07-07 13:00:00,188,13.0,22,2556,1,0,2402.5,3,35.0,34.82,874.39,910.84,350.0,335.99,0.5779,194.16,337.57,315.66,141.83,21.91,163.74,14.68,17.27,0.0,1.47,36.61,751.08,0.0,0.0,0.0,4.44,168.19,0.9174
2019-07-07 13:00:00,188,13.0,23,2549,1,0,2402.5,3,35.0,35.0,910.84,910.84,350.0,350.0,0.5781,202.32,337.57,315.66,147.68,21.91,169.59,14.68,17.32,0.0,1.47,36.61,751.08,0.0,0.0,0.0,4.44,174.04,0.9493
2019-07-07 13:00:00,188,13.0,24,2549,1,0,2402.5,3,35.0,35.0,854.97,910.84,350.0,328.53,0.5781,189.91,337.57,315.66,138.62,21.91,160.53,14.68,17.32,0.0,1.47,36.61,751.08,0.0,0.0,0.0,4.44,164.98,0.8999
2019-07-07 13:00:00,188,13.0,25,2524,1,0,2402.5,3,35.0,35.65,768.69,910.84,350.0,295.38,0.5787,170.93,337.57,315.66,124.45,21.91,146.36,14.68,17.48,0.0,1.47,36.61,751.08,0.0,0.0,0.0,4.44,150.8,0.8225
2019-07-07 13:00:00,188,13.0,26,2502,1,0,2402.5,3,35.0,36.22,865.82,910.84,350.0,332.7,0.5792,192.72,337.57,315.66,139.98,21.91,161.89,14.68,17.62,0.0,1.47,36.61,751.08,0.0,0.0,0.0,4.44,166.34,0.9073
2019-07-07 13:00:00,188,13.0,27,2502,1,0,2402.5,3,35.0,36.22,846.6,910.84,350.0,325.31,0.5792,188.44,337.57,315.66,136.88,21.91,158.79,14.68,17.62,0.0,1.47,36.61,751.08,0.0,0.0,0.0,4.44,163.23,0.8904
2019-07-07 13:00:00,188,13.0,28,2477,1,0,2402.5,3,35.0,36.87,841.9,910.84,350.0,323.51,0.5799,187.6,337.57,315.66,135.91,21.91,157.82,14.68,17.79,0.0,1.47,36.61,751.08,0.0,0.0,0.0,4.44,162.27,0.8851
2019-07-07 13:00:00,188,13.0,29,2477,1,0,2402.5,3,35.0,36.87,822.57,910.84,350.0,316.08,0.5799,183.29,337.57,315.66,132.79,21.91,154.7,14.68,17.79,0.0,1.47,36.61,751.08,0.0,0.0,0.0,4.44,159.15,0.8681
2019-07-07 13:00:00,188,13.0,30,2440,1,0,2402.5,3,35.0,37.83,837.46,910.84,350.0,321.8,0.5808,186.91,337.57,315.66,134.89,21.91,156.8,14.68,18.03,0.0,1.47,36.61,751.08,0.0,0.0,0.0,4.44,161.25,0.8795
2019-07-07 13:00:00,188,13.0,31,2620,1,0,2402.5,3,35.0,33.15,647.83,910.84,350.0,248.94,0.5763,143.45,337.57,315.66,105.49,21.91,127.4,14.68,16.86,0.0,1.47,36.61,751.08,0.0,0.0,0.0,4.44,131.84,0.7191
2019-07-07 13:00:00,188,13.0,32,2576,1,0,2402.5,3,35.0,34.3,794.33,910.84,350.0,305.23,0.5774,176.23,337.57,315.66,129.0,21.91,150.91,14.68,17.14,0.0,1.47,36.61,751.08,0.0,0.0,0.0,4.44,155.35,0.8474
2019-07-07 13:00:00,188,13.0,33,2576,1,0,2402.5,3,35.0,34.3,944.58,910.84,350.0,362.97,0.5774,209.57,337.57,315.66,153.4,21.91,175.31,14.68,17.14,0.0,1.47,36.61,751.08,0.0,0.0,0.0,4.44,179.76,0.9805
2019-07-07 13:00:00,188,13.0,34,2576,1,0,2402.5,3,35.0,34.3,871.72,910.84,350.0,334.97,0.5774,193.4,337.57,315.66,141.57,21.91,163.48,14.68,17.14,0.0,1.47,36.61,751.08,0.0,0.0,0.0,4.44,167.92,0.9159
2019-07-07 13:00:00,188,13.0,35,2556,1,0,2402.5,3,35.0,34.82,775.25,910.84,350.0,297.9,0.5779,172.15,337.57,315.66,125.75,21.91,147.66,14.68,17.27,0.0,1.47,36.61,751.08,0.0,0.0,0.0,4.44,152.1,0.8297
2019-07-07 13:00:00,188,13.0,36,2533,1,0,2402.5,3,35.0,35.42,857.71,910.84,350.0,329.59,0.5785,190.65,337.57,315.66,138.93,21.91,160.84,14.68,17.42,0.0,1.47,36.61,751.08,0.0,0.0,0.0,4.44,165.29,0.9016
2019-07-07 13:00:00,188,13.0,37,2532,1,0,2402.5,3,35.0,35.44,947.22,910.84,350.0,363.98,0.5785,210.56,337.57,315.66,153.42,21.91,175.33,14.68,17.43,0.0,1.47,36.61,751.08,0.0,0.0,0.0,4.44,179.78,0.9806
2019-07-07 13:00:00,188,13.0,38,2534,1,0,2402.5,3,35.0,35.39,933.94,910.84,350.0,358.88,0.5784,207.59,337.57,315.66,151.29,21.91,173.2,14.68,17.41,0.0,1.47,36.61,751.08,0.0,0.0,0.0,4.44,177.65,0.969
2019-07-07 13:00:00,188,13.0,39,2534,1,0,2402.5,3,35.0,35.39,860.08,910.84,350.0,330.49,0.5784,191.17,337.57,315.66,139.32,21.91,161.24,14.68,17.41,0.0,1.47,36.61,751.08,0.0,0.0,0.0,4.44,165.68,0.9037
2019-07-07 13:00:00,188,13.0,40,2515,1,0,2402.5,3,35.0,35.88,745.47,910.84,350.0,286.46,0.5789,165.83,337.57,315.66,120.62,21.91,142.53,14.68,17.54,0.0,1.47,36.61,751.08,0.0,0.0,0.0,4.44,146.98,0.8017
2019-07-07 13:00:00,188,13.0,41,2487,1,0,2402.5,3,35.0,36.61,804.63,910.84,350.0,309.19,0.5796,179.21,337.57,315.66,129.97,21.91,151.89,14.68,17.72,0.0,1.47,36.61,751.08,0.0,0.0,0.0,4.44,156.33,0.8527
2019-07-07 13:00:00,188,13.0,42,2487,1,0,2402.5,3,35.0,36.61,810.49,910.84,350.0,311.44,0.5796,180.52,337.57,315.66,130.92,21.91,152.83,14.68,17.72,0.0,1.47,36.61,751.08,0.0,0.0,0.0,4.44,157.28,0.8579
2019-07-07 13:00:00,188,13.0,43,2464,1,0,2402.5,3,35.0,37.21,818.94,910.84,350.0,314.69,0.5802,182.59,337.57,315.66,132.1,21.91,154.01,14.68,17.87,0.0,1.47,36.61,751.08,0.0,0.0,0.0,4.44,158.46,0.8643
2019-07-07 13:00:00,188,13.0,44,2555,1,0,2402.5,3,35.0,34.84,735.53,910.84,350.0,282.64,0.5779,163.34,337.57,315.66,119.3,21.91,141.21,14.68,17.28,0.0,1.47,36.61,751.08,0.0,0.0,0.0,4.44,145.65,0.7945
2019-07-07 13:00:00,188,13.0,45,2555,1,0,2402.5,3,35.0,34.84,943.54,910.84,350.0,362.56,0.5779,209.53,337.57,315.66,153.04,21.91,174.95,14.68,17.28,0.0,1.47,36.61,751.08,0.0,0.0,0.0,4.44,179.39,0.9785
2019-07-07 13:00:00,188,13.0,46,2555,1,0,2402.5,3,35.0,34.84,864.51,910.84,350.0,332.2,0.5779,191.98,337.57,315.66,140.22,21.91,162.13,14.68,17.28,0.0,1.47,36.61,751.08,0.0,0.0,0.0,4.44,166.57,0.9086
2019-07-07 13:00:00,188,13.0,47,2530,1,0,2402.5,3,35.0,35.49,793.07,910.84,350.0,304.75,0.5785,176.31,337.57,315.66,128.44,21.91,150.35,14.68,17.44,0.0,1.47,36.61,751.08,0.0,0.0,0.0,4.44,154.79,0.8443
2019-07-07 13:00:00,188,13.0,48,2510,1,0,2402.5,3,35.0,36.01,917.86,910.84,350.0,352.7,0.579,204.23,337.57,315.66,148.47,21.91,170.38,14.68,17.57,0.0,1.47,36.61,751.08,0.0,0.0,0.0,4.44,174.83,0.9536
2019-07-07 13:00:00,188,13.0,49,2534,1,0,2402.5,3,35.0,35.39,868.94,910.84,350.0,333.9,0.5784,193.14,337.57,315.66,140.76,21.91,162.67,14.68,17.41,0.0,1.47,36.61,751.08,0.0,0.0,0.0,4.44,167.12,0.9115
2019-07-07 13:00:00,188,13.0,50,2531,1,0,2402.5,3,35.0,35.47,676.19,910.84,350.0,259.83,0.5785,150.32,337.57,315.66,109.52,21.91,131.43,14.68,17.43,0.0,1.47,36.61,751.08,0.0,0.0,0.0,4.44,135.87,0.7411
2019-07-07 13:00:00,188,13.0,51,2531,1,0,2402.5,3,35.0,35.47,930.57,910.84,350.0,357.58,0.5785,206.86,337.57,315.66,150.72,21.91,172.63,14.68,17.43,0.0,1.47,36.61,751.08,0.0,0.0,0.0,4.44,177.07,0.9658
2019-07-07 13:00:00,188,13.0,52,2531,1,0,2402.5,3,35.0,35.47,846.45,910.84,350.0,325.26,0.5785,188.17,337.57,315.66,137.09,21.91,159.0,14.68,17.43,0.0,1.47,36.61,751.08,0.0,0.0,0.0,4.44,163.45,0.8915
2019-07-07 13:00:00,188,13.0,53,2507,1,0,2402.5,3,35.0,36.09,787.99,910.84,350.0,302.8,0.5791,175.36,337.57,315.66,127.44,21.91,149.35,14.68,17.59,0.0,1.47,36.61,751.08,0.0,0.0,0.0,4.44,153.8,0.8389
2019-07-07 13:00:00,188,13.0,54,2494,1,0,2402.5,3,35.0,36.43,950.33,910.84,350.0,365.17,0.5795,211.6,337.57,315.66,153.57,21.91,175.48,14.68,17.67,0.0,1.47,36.61,751.08,0.0,0.0,0.0,4.44,179.93,0.9814
2019-07-07 13:00:00,188,13.0,55,2531,1,0,2402.5,3,35.0,35.47,931.41,910.84,350.0,357.91,0.5785,207.05,337.57,315.66,150.85,21.91,172.76,14.68,17.43,0.0,1.47,36.61,751.08,0.0,0.0,0.0,4.44,177.21,0.9666
2019-07-07 13:00:00,188,13.0,56,2531,1,0,2402.5,3,35.0,35.47,850.59,910.84,350.0,326.85,0.5785,189.09,337.57,315.66,137.76,21.91,159.67,14.68,17.43,0.0,1.47,36.61,751.08,0.0,0.0,0.0,4.44,164.12,0.8952
2019-07-07 13:00:00,188,13.0,57,2507,1,0,2402.5,3,35.0,36.09,797.65,910.84,350.0,306.51,0.5791,177.5,337.57,315.66,129.0,21.91,150.91,14.68,17.59,0.0,1.47,36.61,751.08,0.0,0.0,0.0,4.44,155.36,0.8474
2019-07-07 13:00:00,188,13.0,58,2494,1,0,2402.5,3,35.0,36.43,980.99,910.84,350.0,376.96,0.5795,218.43,337.57,315.66,158.53,21.91,180.44,14.68,17.67,0.0,1.47,36.61,751.08,0.0,0.0,0.0,4.44,184.88,1.0085
2019-07-07 13:00:00,188,13.0,59,2506,1,0,2402.5,3,35.0,36.12,930.83,910.84,350.0,357.68,0.5791,207.15,337.57,315.66,150.53,21.91,172.44,14.68,17.6,0.0,1.47,36.61,751.08,0.0,0.0,0.0,4.44,176.89,0.9648
2019-07-07 13:00:00,188,13.0,60,2506,1,0,2402.5,3,35.0,36.12,855.55,910.84,350.0,328.76,0.5791,190.4,337.57,315.66,138.36,21.91,160.27,14.68,17.6,0.0,1.47,36.61,751.08,0.0,0.0,0.0,4.44,164.71,0.8984
2019-07-07 13:00:00,188,13.0,61,2485,1,0,2402.5,3,35.0,36.66,786.91,910.84,350.0,302.38,0.5797,175.28,337.57,315.66,127.1,21.91,149.01,14.68,17.73,0.0,1.47,36.61,751.08,0.0,0.0,0.0,4.44,153.45,0.837
2019-07-07 13:00:00,188,13.0,62,2469,1,0,2402.5,3,35.0,37.08,983.5,910.84,350.0,377.92,0.5801,219.23,337.57,315.66,158.69,21.91,180.61,14.68,17.84,0.0,1.47,36.61,751.08,0.0,0.0,0.0,4.44,185.05,1.0094
2019-07-07 13:00:00,188,13.0,63,2506,1,0,2402.5,3,35.0,36.12,599.36,910.84,350.0,230.31,0.5791,133.38,337.57,315.66,96.93,21.91,118.84,14.68,17.6,0.0,1.47,36.61,751.08,0.0,0.0,0.0,4.44,123.28,0.6724
2019-07-07 13:00:00,188,13.0,64,2506,1,0,2402.5,3,35.0,36.12,923.46,910.84,350.0,354.85,0.5791,205.51,337.57,315.66,149.34,21.91,171.25,14.68,17.6,0.0,1.47,36.61,751.08,0.0,0.0,0.0,4.44,175.69,0.9583
2019-07-07 13:00:00,188,13.0,65,2506,1,0,2402.5,3,35.0,36.12,856.96,910.84,350.0,329.3,0.5791,190.71,337.57,315.66,138.59,21.91,160.5,14.68,17.6,0.0,1.47,36.61,751.08,0.0,0.0,0.0,4.44,164.94,0.8997
2019-07-07 13:00:00,188,13.0,66,2485,1,0,2402.5,3,35.0,36.66,760.48,910.84,350.0,292.22,0.5797,169.4,337.57,315.66,122.83,21.91,144.74,14.68,17.73,0.0,1.47,36.61,751.08,0.0,0.0,0.0,4.44,149.18,0.8137
2019-07-07 13:00:00,188,13.0,67,2455,1,0,2402.5,3,35.0,37.44,943.05,910.84,350.0,362.38,0.5804,210.34,337.57,315.66,152.04,21.91,173.95,14.68,17.93,0.0,1.47,36.61,751.08,0.0,0.0,0.0,4.44,178.4,0.9731
2019-07-07 13:00:00,188,13.0,68,2489,1,0,2402.5,3,35.0,36.56,566.08,910.84,350.0,217.52,0.5796,126.07,337.57,315.66,91.45,21.91,113.36,14.68,17.71,0.0,1.47,36.61,751.08,0.0,0.0,0.0,4.44,117.81,0.6426
2019-07-07 13:00:00,188,13.0,69,2489,1,0,2402.5,3,35.0,36.56,926.96,910.84,350.0,356.19,0.5796,206.44,337.57,315.66,149.75,21.91,171.66,14.68,17.71,0.0,1.47,36.61,751.08,0.0,0.0,0.0,4.44,176.11,0.9606
2019-07-07 13:00:00,188,13.0,70,2489,1,0,2402.5,3,35.0,36.56,872.39,910.84,350.0,335.22,0.5796,194.29,337.57,315.66,140.94,21.91,162.85,14.68,17.71,0.0,1.47,36.61,751.08,0.0,0.0,0.0,4.44,167.29,0.9125
2019-07-07 13:00:00,188,13.0,71,2477,1,0,2402.5,3,35.0,36.87,780.17,910.84,350.0,299.79,0.5799,173.84,337.57,315.66,125.95,21.91,147.86,14.68,17.79,0.0,1.47,36.61,751.08,0.0,0.0,0.0,4.44,152.3,0.8307
2019-07-07 13:00:00,188,13.0,72,2455,1,0,2402.5,3,35.0,37.44,931.19,910.84,350.0,357.82,0.5804,207.69,337.57,315.66,150.13,21.91,172.04,14.68,17.93,0.0,1.47,36.61,751.08,0.0,0.0,0.0,4.44,176.48,0.9626
2019-07-07 13:00:00,188,13.0,73,2485,1,0,2402.5,3,35.0,36.66,509.2,910.84,350.0,195.66,0.5797,113.42,337.57,315.66,82.24,21.91,104.15,14.68,17.73,0.0,1.47,36.61,751.08,0.0,0.0,0.0,4.44,108.6,0.5923
2019-07-07 13:00:00,188,13.0,74,2485,1,0,2402.5,3,35.0,36.66,916.4,910.84,350.0,352.14,0.5797,204.13,337.57,315.66,148.01,21.91,169.92,14.68,17.73,0.0,1.47,36.61,751.08,0.0,0.0,0.0,4.44,174.37,0.9511
2019-07-07 13:00:00,188,13.0,75,2485,1,0,2402.5,3,35.0,36.66,853.46,910.84,350.0,327.95,0.5797,190.11,337.57,315.66,137.85,21.91,159.76,14.68,17.73,0.0,1.47,36.61,751.08,0.0,0.0,0.0,4.44,164.2,0.8956
2019-07-07 13:00:00,188,13.0,76,2466,1,0,2402.5,3,35.0,37.16,769.52,910.84,350.0,295.7,0.5802,171.55,337.57,315.66,124.15,21.91,146.06,14.68,17.86,0.0,1.47,36.61,751.08,0.0,0.0,0.0,4.44,150.5,0.8209
2019-07-07 13:00:00,188,13.0,77,2445,1,0,2402.5,3,35.0,37.7,943.85,910.84,350.0,362.69,0.5807,210.61,337.57,315.66,152.08,21.91,173.99,14.68,17.99,0.0,1.47,36.61,751.08,0.0,0.0,0.0,4.44,178.43,0.9733
2019-07-07 13:00:00,188,13.0,78,2478,1,0,2402.5,3,35.0,36.85,916.25,910.84,350.0,352.08,0.5799,204.16,337.57,315.66,147.92,21.91,169.83,14.68,17.78,0.0,1.47,36.61,751.08,0.0,0.0,0.0,4.44,174.28,0.9506
2019-07-07 13:00:00,188,13.0,79,2478,1,0,2402.5,3,35.0,36.85,820.65,910.84,350.0,315.34,0.5799,182.85,337.57,315.66,132.49,21.91,154.4,14.68,17.78,0.0,1.47,36.61,751.08,0.0,0.0,0.0,4.44,158.84,0.8664
2019-07-07 13:00:00,188,13.0,80,2449,1,0,2402.5,3,35.0,37.6,703.21,910.84,350.0,270.22,0.5806,156.89,337.57,315.66,113.33,21.91,135.24,14.68,17.97,0.0,1.47,36.61,751.08,0.0,0.0,0.0,4.44,139.69,0.7619
2019-07-07 13:00:00,188,13.0,81,2412,1,0,2402.5,3,35.0,38.56,916.13,910.84,350.0,352.03,0.5815,204.72,337.57,315.66,147.32,21.91,169.23,14.68,18.21,0.0,1.47,36.61,751.08,0.0,0.0,0.0,4.44,173.67,0.9473
2019-07-07 13:00:00,188,13.0,82,2443,1,0,2402.5,3,35.0,37.76,1046.05,910.84,350.0,401.96,0.5807,233.43,337.57,315.66,168.52,21.91,190.43,14.68,18.01,0.0,1.47,36.61,751.08,0.0,0.0,0.0,4.44,194.88,1.063
2019-07-07 13:00:00,188,13.0,83,2474,1,0,2402.5,3,35.0,36.95,904.65,910.84,350.0,347.62,0.58,201.61,337.57,315.66,146.02,21.91,167.93,14.68,17.8,0.0,1.47,36.61,751.08,0.0,0.0,0.0,4.44,172.37,0.9402
2019-07-07 13:00:00,188,13.0,84,2474,1,0,2402.5,3,35.0,36.95,773.64,910.84,350.0,297.28,0.58,172.41,337.57,315.66,124.87,21.91,146.78,14.68,17.8,0.0,1.47,36.61,751.08,0.0,0.0,0.0,4.44,151.23,0.8249
2019-07-07 13:00:00,188,13.0,85,2436,1,0,2402.5,3,35.0,37.94,624.02,910.84,350.0,239.79,0.5809,139.3,337.57,315.66,100.49,21.91,122.4,14.68,18.05,0.0,1.47,36.61,751.08,0.0,0.0,0.0,4.44,126.84,0.6919
2019-07-07 13:00:00,188,13.0,86,2397,0,0,2402.5,3,35.0,38.95,854.06,910.84,350.0,328.18,0.2445,80.23,337.57,315.66,247.95,21.91,269.87,14.68,18.3,0.0,1.47,36.61,751.08,0.0,0.0,0.0,24.44,294.31,1.5814
2019-07-07 13:00:00,188,13.0,87,2415,1,0,2402.5,3,35.0,38.48,991.36,910.84,350.0,380.94,0.5815,221.5,337.57,315.66,159.44,21.91,181.35,14.68,18.19,0.0,1.47,36.61,751.08,0.0,0.0,0.0,4.44,185.8,1.0134
2019-07-07 13:00:00,188,13.0,88,2476,1,0,2402.5,3,35.0,36.9,692.17,910.84,350.0,265.97,0.5799,154.24,337.57,315.66,111.73,21.91,133.64,14.68,17.79,0.0,1.47,36.61,751.08,0.0,0.0,0.0,4.44,138.09,0.7532
2019-07-07 13:00:00,188,13.0,89,2428,1,0,2402.5,3,35.0,38.15,532.69,910.84,350.0,204.69,0.5811,118.95,337.57,315.66,85.74,21.91,107.65,14.68,18.1,0.0,1.47,36.61,751.08,0.0,0.0,0.0,4.44,112.1,0.6114
2019-07-07 13:00:00,188,13.0,90,2377,0,0,2402.5,3,35.0,39.47,764.16,910.84,350.0,293.64,0.245,71.93,337.57,315.66,221.71,21.91,243.62,14.68,18.43,0.0,1.47,36.61,751.08,0.0,0.0,0.0,24.44,268.06,1.4403
2019-07-07 13:00:00,188,13.0,91,2378,0,0,2402.5,3,35.0,39.45,945.16,910.84,350.0,363.19,0.2449,88.96,337.57,315.66,274.23,21.91,296.14,14.68,18.43,0.0,1.47,36.61,751.08,0.0,0.0,0.0,24.44,320.58,1.7225
2019-07-07 13:00:00,188,13.0,92,2496,1,0,2402.5,3,35.0,36.38,517.29,910.84,350.0,198.77,0.5794,115.17,337.57,315.66,83.6,21.91,105.51,14.68,17.66,0.0,1.47,36.61,751.08,0.0,0.0,0.0,4.44,109.96,0.5998
2019-07-07 13:00:00,188,13.0,93,2423,1,0,2402.5,3,35.0,38.28,551.82,910.84,350.0,212.04,0.5813,123.25,337.57,315.66,88.79,21.91,110.7,14.68,18.14,0.0,1.47,36.61,751.08,0.0,0.0,0.0,4.44,115.15,0.6281
2019-07-07 13:00:00,188,13.0,95,2372,0,0,2402.5,3,35.0,39.6,648.72,910.84,350.0,249.28,0.2451,61.1,337.57,315.66,188.18,21.91,210.09,14.68,18.47,0.0,1.47,36.61,751.08,0.0,0.0,0.0,24.44,234.54,1.2602
2019-07-07 13:00:00,188,13.0,97,2358,0,0,2402.5,3,35.0,39.97,896.13,910.84,350.0,344.35,0.2454,84.52,337.57,315.66,259.83,21.91,281.74,14.68,18.56,0.0,1.47,36.61,751.08,0.0,0.0,0.0,24.44,306.18,1.6452
2019-07-07 13:00:00,188,13.0,98,2554,1,0,2402.5,3,35.0,34.87,437.84,910.84,350.0,168.25,0.5779,97.23,337.57,315.66,71.01,21.91,92.92,14.68,17.28,0.0,1.47,36.61,751.08,0.0,0.0,0.0,4.44,97.37,0.5311
2019-07-07 13:00:00,188,13.0,99,2451,1,0,2402.5,3,35.0,37.55,699.82,910.84,350.0,268.91,0.5805,156.11,337.57,315.66,112.8,21.91,134.71,14.68,17.95,0.0,1.47,36.61,751.08,0.0,0.0,0.0,4.44,139.15,0.759
2019-07-07 13:00:00,188,13.0,100,2361,0,0,2402.5,3,35.0,39.89,520.28,910.84,350.0,199.92,0.2454,49.06,337.57,315.66,150.87,21.91,172.78,14.68,18.54,0.0,1.47,36.61,751.08,0.0,0.0,0.0,24.44,197.22,1.0597
2019-07-07 13:30:00,188,13.5,94,2563,1,0,2402.5,3,35.0,34.64,844.76,922.18,714.6,654.61,0.5777,378.17,327.63,315.66,276.44,11.97,288.41,15.62,17.23,0.0,1.47,36.52,751.1,0.0,0.0,0.0,4.44,292.85,1.5974
2019-07-07 13:30:00,188,13.5,96,2549,1,0,2402.5,3,35.0,35.0,922.18,922.18,714.6,714.6,0.5781,413.08,327.63,315.66,301.52,11.97,313.49,15.62,17.32,0.0,1.47,36.52,751.1,0.0,0.0,0.0,4.44,317.93,1.7342
2019-07-07 13:30:00,188,13.5,1,2612,1,0,2402.5,3,35.0,33.36,867.16,922.18,714.6,671.97,0.5765,387.36,327.63,315.66,284.61,11.97,296.57,15.62,16.91,0.0,1.47,36.52,751.1,0.0,0.0,0.0,4.44,301.02,1.6419
2019-07-07 13:30:00,188,13.5,2,2612,1,0,2402.5,3,35.0,33.36,913.45,922.18,714.6,707.83,0.5765,408.04,327.63,315.66,299.8,11.97,311.76,15.62,16.91,0.0,1.47,36.52,751.1,0.0,0.0,0.0,4.44,316.21,1.7248
2019-07-07 13:30:00,188,13.5,3,2610,1,0,2402.5,3,35.0,33.41,820.69,922.18,714.6,635.95,0.5765,366.63,327.63,315.66,269.32,11.97,281.29,15.62,16.92,0.0,1.47,36.52,751.1,0.0,0.0,0.0,4.44,285.73,1.5585
2019-07-07 13:30:00,188,13.5,4,2583,1,0,2402.5,3,35.0,34.12,878.52,922.18,714.6,680.77,0.5772,392.93,327.63,315.66,287.83,11.97,299.8,15.62,17.1,0.0,1.47,36.52,751.1,0.0,0.0,0.0,4.44,304.25,1.6595
2019-07-07 13:30:00,188,13.5,5,2583,1,0,2402.5,3,35.0,34.12,828.52,922.18,714.6,642.02,0.5772,370.57,327.63,315.66,271.45,11.97,283.42,15.62,17.1,0.0,1.47,36.52,751.1,0.0,0.0,0.0,4.44,287.87,1.5702
2019-07-07 13:30:00,188,13.5,6,2546,1,0,2402.5,3,35.0,35.08,822.27,922.18,714.6,637.18,0.5781,368.37,327.63,315.66,268.8,11.97,280.77,15.62,17.34,0.0,1.47,36.52,751.1,0.0,0.0,0.0,4.44,285.22,1.5557
2019-07-07 13:30:00,188,13.5,7,2546,1,0,2402.5,3,35.0,35.08,805.26,922.18,714.6,624.0,0.5781,360.76,327.63,315.66,263.25,11.97,275.22,15.62,17.34,0.0,1.47,36.52,751.1,0.0,0.0,0.0,4.44,279.66,1.5254
2019-07-07 13:30:00,188,13.5,8,2639,1,0,2402.5,3,35.0,32.66,876.05,922.18,714.6,678.85,0.5758,390.87,327.63,315.66,287.99,11.97,299.96,15.62,16.73,0.0,1.47,36.52,751.1,0.0,0.0,0.0,4.44,304.4,1.6604
2019-07-07 13:30:00,188,13.5,9,2610,1,0,2402.5,3,35.0,33.41,823.74,922.18,714.6,638.32,0.5765,368.0,327.63,315.66,270.32,11.97,282.29,15.62,16.92,0.0,1.47,36.52,751.1,0.0,0.0,0.0,4.44,286.74,1.564
2019-07-07 13:30:00,188,13.5,10,2579,1,0,2402.5,3,35.0,34.22,883.16,922.18,714.6,684.37,0.5773,395.08,327.63,315.66,289.28,11.97,301.25,15.62,17.12,0.0,1.47,36.52,751.1,0.0,0.0,0.0,4.44,305.7,1.6674
2019-07-07 13:30:00,188,13.5,11,2579,1,0,2402.5,3,35.0,34.22,893.57,922.18,714.6,692.43,0.5773,399.74,327.63,315.66,292.69,11.97,304.66,15.62,17.12,0.0,1.47,36.52,751.1,0.0,0.0,0.0,4.44,309.11,1.686
2019-07-07 13:30:00,188,13.5,12,2546,1,0,2402.5,3,35.0,35.08,830.04,922.18,714.6,643.2,0.5781,371.86,327.63,315.66,271.35,11.97,283.32,15.62,17.34,0.0,1.47,36.52,751.1,0.0,0.0,0.0,4.44,287.76,1.5696
2019-07-07 13:30:00,188,13.5,13,2530,1,0,2402.5,3,35.0,35.49,907.88,922.18,714.6,703.52,0.5785,407.01,327.63,315.66,296.5,11.97,308.47,15.62,17.44,0.0,1.47,36.52,751.1,0.0,0.0,0.0,4.44,312.92,1.7068
2019-07-07 13:30:00,188,13.5,14,2530,1,0,2402.5,3,35.0,35.49,863.26,922.18,714.6,668.94,0.5785,387.01,327.63,315.66,281.93,11.97,293.9,15.62,17.44,0.0,1.47,36.52,751.1,0.0,0.0,0.0,4.44,298.35,1.6273
2019-07-07 13:30:00,188,13.5,15,2494,1,0,2402.5,3,35.0,36.43,859.33,922.18,714.6,665.9,0.5795,385.86,327.63,315.66,280.04,11.97,292.01,15.62,17.67,0.0,1.47,36.52,751.1,0.0,0.0,0.0,4.44,296.46,1.617
2019-07-07 13:30:00,188,13.5,16,2494,1,0,2402.5,3,35.0,36.43,854.1,922.18,714.6,661.85,0.5795,383.51,327.63,315.66,278.34,11.97,290.31,15.62,17.67,0.0,1.47,36.52,751.1,0.0,0.0,0.0,4.44,294.75,1.6077
2019-07-07 13:30:00,188,13.5,17,2462,1,0,2402.5,3,35.0,37.26,868.67,922.18,714.6,673.13,0.5803,390.59,327.63,315.66,282.54,11.97,294.51,15.62,17.88,0.0,1.47,36.52,751.1,0.0,0.0,0.0,4.44,298.95,1.6307
2019-07-07 13:30:00,188,13.5,18,2630,1,0,2402.5,3,35.0,32.89,974.13,922.18,714.6,754.85,0.576,434.8,327.63,315.66,320.06,11.97,332.03,15.62,16.79,0.0,1.47,36.52,751.1,0.0,0.0,0.0,4.44,336.47,1.8353
2019-07-07 13:30:00,188,13.5,19,2630,1,0,2402.5,3,35.0,32.89,924.73,922.18,714.6,716.58,0.576,412.75,327.63,315.66,303.83,11.97,315.8,15.62,16.79,0.0,1.47,36.52,751.1,0.0,0.0,0.0,4.44,320.24,1.7468
2019-07-07 13:30:00,188,13.5,20,2604,1,0,2402.5,3,35.0,33.57,821.95,922.18,714.6,636.93,0.5767,367.29,327.63,315.66,269.64,11.97,281.61,15.62,16.96,0.0,1.47,36.52,751.1,0.0,0.0,0.0,4.44,286.05,1.5603
2019-07-07 13:30:00,188,13.5,21,2563,1,0,2402.5,3,35.0,34.64,844.76,922.18,714.6,654.61,0.5777,378.17,327.63,315.66,276.44,11.97,288.41,15.62,17.23,0.0,1.47,36.52,751.1,0.0,0.0,0.0,4.44,292.85,1.5974
2019-07-07 13:30:00,188,13.5,22,2556,1,0,2402.5,3,35.0,34.82,901.81,922.18,714.6,698.82,0.5779,403.83,327.63,315.66,294.99,11.97,306.96,15.62,17.27,0.0,1.47,36.52,751.1,0.0,0.0,0.0,4.44,311.4,1.6985
2019-07-07 13:30:00,188,13.5,23,2549,1,0,2402.5,3,35.0,35.0,922.18,922.18,714.6,714.6,0.5781,413.08,327.63,315.66,301.52,11.97,313.49,15.62,17.32,0.0,1.47,36.52,751.1,0.0,0.0,0.0,4.44,317.93,1.7342
2019-07-07 13:30:00,188,13.5,24,2549,1,0,2402.5,3,35.0,35.0,861.7,922.18,714.6,667.74,0.5781,385.99,327.63,315.66,281.75,11.97,293.72,15.62,17.32,0.0,1.47,36.52,751.1,0.0,0.0,0.0,4.44,298.16,1.6263
2019-07-07 13:30:00,188,13.5,25,2524,1,0,2402.5,3,35.0,35.65,777.03,922.18,714.6,602.12,0.5787,348.44,327.63,315.66,253.68,11.97,265.65,15.62,17.48,0.0,1.47,36.52,751.1,0.0,0.0,0.0,4.44,270.09,1.4732
2019-07-07 13:30:00,188,13.5,26,2502,1,0,2402.5,3,35.0,36.22,870.86,922.18,714.6,674.84,0.5792,390.9,327.63,315.66,283.94,11.97,295.91,15.62,17.62,0.0,1.47,36.52,751.1,0.0,0.0,0.0,4.44,300.35,1.6383
2019-07-07 13:30:00,188,13.5,27,2502,1,0,2402.5,3,35.0,36.22,852.52,922.18,714.6,660.62,0.5792,382.66,327.63,315.66,277.96,11.97,289.93,15.62,17.62,0.0,1.47,36.52,751.1,0.0,0.0,0.0,4.44,294.37,1.6057
2019-07-07 13:30:00,188,13.5,28,2477,1,0,2402.5,3,35.0,36.87,843.57,922.18,714.6,653.69,0.5799,379.06,327.63,315.66,274.63,11.97,286.6,15.62,17.79,0.0,1.47,36.52,751.1,0.0,0.0,0.0,4.44,291.04,1.5875
2019-07-07 13:30:00,188,13.5,29,2477,1,0,2402.5,3,35.0,36.87,820.57,922.18,714.6,635.86,0.5799,368.72,327.63,315.66,267.14,11.97,279.11,15.62,17.79,0.0,1.47,36.52,751.1,0.0,0.0,0.0,4.44,283.55,1.5466
2019-07-07 13:30:00,188,13.5,30,2440,1,0,2402.5,3,35.0,37.83,828.1,922.18,714.6,641.7,0.5808,372.71,327.63,315.66,268.99,11.97,280.96,15.62,18.03,0.0,1.47,36.52,751.1,0.0,0.0,0.0,4.44,285.4,1.5567
2019-07-07 13:30:00,188,13.5,31,2620,1,0,2402.5,3,35.0,33.15,83.51,922.18,714.6,64.71,0.5763,37.29,327.63,315.66,27.42,11.97,39.39,15.62,16.86,0.0,1.47,36.52,751.1,0.0,0.0,0.0,4.44,43.84,0.2391
2019-07-07 13:30:00,188,13.5,32,2576,1,0,2402.5,3,35.0,34.3,821.74,922.18,714.6,636.77,0.5774,367.65,327.63,315.66,269.12,11.97,281.08,15.62,17.14,0.0,1.47,36.52,751.1,0.0,0.0,0.0,4.44,285.53,1.5574
2019-07-07 13:30:00,188,13.5,33,2576,1,0,2402.5,3,35.0,34.3,967.02,922.18,714.6,749.35,0.5774,432.65,327.63,315.66,316.69,11.97,328.66,15.62,17.14,0.0,1.47,36.52,751.1,0.0,0.0,0.0,4.44,333.11,1.817
2019-07-07 13:30:00,188,13.5,34,2576,1,0,2402.5,3,35.0,34.3,898.21,922.18,714.6,696.03,0.5774,401.87,327.63,315.66,294.16,11.97,306.13,15.62,17.14,0.0,1.47,36.52,751.1,0.0,0.0,0.0,4.44,310.58,1.694
2019-07-07 13:30:00,188,13.5,35,2556,1,0,2402.5,3,35.0,34.82,802.85,922.18,714.6,622.13,0.5779,359.52,327.63,315.66,262.61,11.97,274.58,15.62,17.27,0.0,1.47,36.52,751.1,0.0,0.0,0.0,4.44,279.03,1.522
2019-07-07 13:30:00,188,13.5,36,2533,1,0,2402.5,3,35.0,35.42,872.12,922.18,714.6,675.81,0.5785,390.93,327.63,315.66,284.88,11.97,296.85,15.62,17.42,0.0,1.47,36.52,751.1,0.0,0.0,0.0,4.44,301.29,1.6434
2019-07-07 13:30:00,188,13.5,37,2532,1,0,2402.5,3,35.0,35.44,943.25,922.18,714.6,730.93,0.5785,422.83,327.63,315.66,308.09,11.97,320.06,15.62,17.43,0.0,1.47,36.52,751.1,0.0,0.0,0.0,4.44,324.51,1.77
2019-07-07 13:30:00,188,13.5,38,2534,1,0,2402.5,3,35.0,35.39,920.5,922.18,714.6,713.3,0.5784,412.6,327.63,315.66,300.7,11.97,312.67,15.62,17.41,0.0,1.47,36.52,751.1,0.0,0.0,0.0,4.44,317.11,1.7297
2019-07-07 13:30:00,188,13.5,39,2534,1,0,2402.5,3,35.0,35.39,843.38,922.18,714.6,653.54,0.5784,378.03,327.63,315.66,275.51,11.97,287.48,15.62,17.41,0.0,1.47,36.52,751.1,0.0,0.0,0.0,4.44,291.92,1.5923
2019-07-07 13:30:00,188,13.5,40,2515,1,0,2402.5,3,35.0,35.88,728.33,922.18,714.6,564.38,0.5789,326.73,327.63,315.66,237.65,11.97,249.62,15.62,17.54,0.0,1.47,36.52,751.1,0.0,0.0,0.0,4.44,254.07,1.3858
2019-07-07 13:30:00,188,13.5,41,2487,1,0,2402.5,3,35.0,36.61,782.71,922.18,714.6,606.52,0.5796,351.56,327.63,315.66,254.97,11.97,266.94,15.62,17.72,0.0,1.47,36.52,751.1,0.0,0.0,0.0,4.44,271.38,1.4803
2019-07-07 13:30:00,188,13.5,42,2487,1,0,2402.5,3,35.0,36.61,792.36,922.18,714.6,614.0,0.5796,355.89,327.63,315.66,258.11,11.97,270.08,15.62,17.72,0.0,1.47,36.52,751.1,0.0,0.0,0.0,4.44,274.52,1.4974
2019-07-07 13:30:00,188,13.5,43,2464,1,0,2402.5,3,35.0,37.21,805.52,922.18,714.6,624.2,0.5802,362.17,327.63,315.66,262.03,11.97,274.0,15.62,17.87,0.0,1.47,36.52,751.1,0.0,0.0,0.0,4.44,278.45,1.5188
2019-07-07 13:30:00,188,13.5,44,2555,1,0,2402.5,3,35.0,34.84,745.94,922.18,714.6,578.03,0.5779,334.05,327.63,315.66,243.98,11.97,255.95,15.62,17.28,0.0,1.47,36.52,751.1,0.0,0.0,0.0,4.44,260.4,1.4204
2019-07-07 13:30:00,188,13.5,45,2555,1,0,2402.5,3,35.0,34.84,947.45,922.18,714.6,734.18,0.5779,424.29,327.63,315.66,309.89,11.97,321.86,15.62,17.28,0.0,1.47,36.52,751.1,0.0,0.0,0.0,4.44,326.31,1.7799
2019-07-07 13:30:00,188,13.5,46,2555,1,0,2402.5,3,35.0,34.84,873.74,922.18,714.6,677.06,0.5779,391.28,327.63,315.66,285.79,11.97,297.76,15.62,17.28,0.0,1.47,36.52,751.1,0.0,0.0,0.0,4.44,302.2,1.6484
2019-07-07 13:30:00,188,13.5,47,2530,1,0,2402.5,3,35.0,35.49,805.53,922.18,714.6,624.21,0.5785,361.13,327.63,315.66,263.08,11.97,275.05,15.62,17.44,0.0,1.47,36.52,751.1,0.0,0.0,0.0,4.44,279.49,1.5245
2019-07-07 13:30:00,188,13.5,48,2510,1,0,2402.5,3,35.0,36.01,915.73,922.18,714.6,709.6,0.579,410.89,327.63,315.66,298.71,11.97,310.68,15.62,17.57,0.0,1.47,36.52,751.1,0.0,0.0,0.0,4.44,315.12,1.7189
2019-07-07 13:30:00,188,13.5,49,2534,1,0,2402.5,3,35.0,35.39,841.59,922.18,714.6,652.15,0.5784,377.23,327.63,315.66,274.92,11.97,286.89,15.62,17.41,0.0,1.47,36.52,751.1,0.0,0.0,0.0,4.44,291.34,1.5891
2019-07-07 13:30:00,188,13.5,50,2531,1,0,2402.5,3,35.0,35.47,677.09,922.18,714.6,524.68,0.5785,303.53,327.63,315.66,221.15,11.97,233.12,15.62,17.43,0.0,1.47,36.52,751.1,0.0,0.0,0.0,4.44,237.56,1.2958
2019-07-07 13:30:00,188,13.5,51,2531,1,0,2402.5,3,35.0,35.47,920.47,922.18,714.6,713.28,0.5785,412.64,327.63,315.66,300.64,11.97,312.61,15.62,17.43,0.0,1.47,36.52,751.1,0.0,0.0,0.0,4.44,317.05,1.7294
2019-07-07 13:30:00,188,13.5,52,2531,1,0,2402.5,3,35.0,35.47,841.25,922.18,714.6,651.88,0.5785,377.12,327.63,315.66,274.76,11.97,286.73,15.62,17.43,0.0,1.47,36.52,751.1,0.0,0.0,0.0,4.44,291.17,1.5882
2019-07-07 13:30:00,188,13.5,53,2507,1,0,2402.5,3,35.0,36.09,784.33,922.18,714.6,607.78,0.5791,351.98,327.63,315.66,255.8,11.97,267.77,15.62,17.59,0.0,1.47,36.52,751.1,0.0,0.0,0.0,4.44,272.21,1.4848
2019-07-07 13:30:00,188,13.5,54,2494,1,0,2402.5,3,35.0,36.43,931.03,922.18,714.6,721.46,0.5795,418.05,327.63,315.66,303.41,11.97,315.38,15.62,17.67,0.0,1.47,36.52,751.1,0.0,0.0,0.0,4.44,319.82,1.7445
2019-07-07 13:30:00,188,13.5,55,2531,1,0,2402.5,3,35.0,35.47,922.0,922.18,714.6,714.46,0.5785,413.32,327.63,315.66,301.13,11.97,313.1,15.62,17.43,0.0,1.47,36.52,751.1,0.0,0.0,0.0,4.44,317.55,1.7321
2019-07-07 13:30:00,188,13.5,56,2531,1,0,2402.5,3,35.0,35.47,845.51,922.18,714.6,655.19,0.5785,379.04,327.63,315.66,276.15,11.97,288.12,15.62,17.43,0.0,1.47,36.52,751.1,0.0,0.0,0.0,4.44,292.57,1.5958
2019-07-07 13:30:00,188,13.5,57,2507,1,0,2402.5,3,35.0,36.09,794.9,922.18,714.6,615.97,0.5791,356.72,327.63,315.66,259.25,11.97,271.22,15.62,17.59,0.0,1.47,36.52,751.1,0.0,0.0,0.0,4.44,275.66,1.5036
2019-07-07 13:30:00,188,13.5,58,2494,1,0,2402.5,3,35.0,36.43,965.52,922.18,714.6,748.19,0.5795,433.54,327.63,315.66,314.65,11.97,326.62,15.62,17.67,0.0,1.47,36.52,751.1,0.0,0.0,0.0,4.44,331.06,1.8058
2019-07-07 13:30:00,188,13.5,59,2506,1,0,2402.5,3,35.0,36.12,921.41,922.18,714.6,714.0,0.5791,413.51,327.63,315.66,300.49,11.97,312.46,15.62,17.6,0.0,1.47,36.52,751.1,0.0,0.0,0.0,4.44,316.9,1.7286
2019-07-07 13:30:00,188,13.5,60,2506,1,0,2402.5,3,35.0,36.12,850.15,922.18,714.6,658.78,0.5791,381.53,327.63,315.66,277.25,11.97,289.22,15.62,17.6,0.0,1.47,36.52,751.1,0.0,0.0,0.0,4.44,293.67,1.6018
2019-07-07 13:30:00,188,13.5,61,2485,1,0,2402.5,3,35.0,36.66,787.14,922.18,714.6,609.96,0.5797,353.58,327.63,315.66,256.38,11.97,268.35,15.62,17.73,0.0,1.47,36.52,751.1,0.0,0.0,0.0,4.44,272.79,1.488
2019-07-07 13:30:00,188,13.5,62,2469,1,0,2402.5,3,35.0,37.08,977.4,922.18,714.6,757.39,0.5801,439.35,327.63,315.66,318.04,11.97,330.01,15.62,17.84,0.0,1.47,36.52,751.1,0.0,0.0,0.0,4.44,334.45,1.8243
2019-07-07 13:30:00,188,13.5,63,2506,1,0,2402.5,3,35.0,36.12,599.98,922.18,714.6,464.93,0.5791,269.26,327.63,315.66,195.67,11.97,207.63,15.62,17.6,0.0,1.47,36.52,751.1,0.0,0.0,0.0,4.44,212.08,1.1568
2019-07-07 13:30:00,188,13.5,64,2506,1,0,2402.5,3,35.0,36.12,908.6,922.18,714.6,704.08,0.5791,407.76,327.63,315.66,296.31,11.97,308.28,15.62,17.6,0.0,1.47,36.52,751.1,0.0,0.0,0.0,4.44,312.73,1.7058
2019-07-07 13:30:00,188,13.5,65,2506,1,0,2402.5,3,35.0,36.12,844.53,922.18,714.6,654.43,0.5791,379.01,327.63,315.66,275.42,11.97,287.39,15.62,17.6,0.0,1.47,36.52,751.1,0.0,0.0,0.0,4.44,291.83,1.5918
2019-07-07 13:30:00,188,13.5,66,2485,1,0,2402.5,3,35.0,36.66,751.25,922.18,714.6,582.15,0.5797,337.46,327.63,315.66,244.69,11.97,256.66,15.62,17.73,0.0,1.47,36.52,751.1,0.0,0.0,0.0,4.44,261.1,1.4242
2019-07-07 13:30:00,188,13.5,67,2455,1,0,2402.5,3,35.0,37.44,925.51,922.18,714.6,717.18,0.5804,416.28,327.63,315.66,300.9,11.97,312.87,15.62,17.93,0.0,1.47,36.52,751.1,0.0,0.0,0.0,4.44,317.31,1.7308
2019-07-07 13:30:00,188,13.5,68,2489,1,0,2402.5,3,35.0,36.56,568.7,922.18,714.6,440.69,0.5796,255.41,327.63,315.66,185.28,11.97,197.25,15.62,17.71,0.0,1.47,36.52,751.1,0.0,0.0,0.0,4.44,201.69,1.1001
2019-07-07 13:30:00,188,13.5,69,2489,1,0,2402.5,3,35.0,36.56,914.82,922.18,714.6,708.9,0.5796,410.86,327.63,315.66,298.04,11.97,310.01,15.62,17.71,0.0,1.47,36.52,751.1,0.0,0.0,0.0,4.44,314.45,1.7152
2019-07-07 13:30:00,188,13.5,70,2489,1,0,2402.5,3,35.0,36.56,863.26,922.18,714.6,668.94,0.5796,387.7,327.63,315.66,281.24,11.97,293.21,15.62,17.71,0.0,1.47,36.52,751.1,0.0,0.0,0.0,4.44,297.65,1.6236
2019-07-07 13:30:00,188,13.5,71,2477,1,0,2402.5,3,35.0,36.87,773.85,922.18,714.6,599.66,0.5799,347.73,327.63,315.66,251.93,11.97,263.9,15.62,17.79,0.0,1.47,36.52,751.1,0.0,0.0,0.0,4.44,268.34,1.4637
2019-07-07 13:30:00,188,13.5,72,2455,1,0,2402.5,3,35.0,37.44,913.12,922.18,714.6,707.58,0.5804,410.71,327.63,315.66,296.87,11.97,308.84,15.62,17.93,0.0,1.47,36.52,751.1,0.0,0.0,0.0,4.44,313.29,1.7088
2019-07-07 13:30:00,188,13.5,73,2485,1,0,2402.5,3,35.0,36.66,508.01,922.18,714.6,393.66,0.5797,228.2,327.63,315.66,165.46,11.97,177.43,15.62,17.73,0.0,1.47,36.52,751.1,0.0,0.0,0.0,4.44,181.88,0.9921
2019-07-07 13:30:00,188,13.5,74,2485,1,0,2402.5,3,35.0,36.66,897.45,922.18,714.6,695.44,0.5797,403.13,327.63,315.66,292.31,11.97,304.28,15.62,17.73,0.0,1.47,36.52,751.1,0.0,0.0,0.0,4.44,308.72,1.6839
2019-07-07 13:30:00,188,13.5,75,2485,1,0,2402.5,3,35.0,36.66,841.58,922.18,714.6,652.14,0.5797,378.03,327.63,315.66,274.11,11.97,286.08,15.62,17.73,0.0,1.47,36.52,751.1,0.0,0.0,0.0,4.44,290.52,1.5847
2019-07-07 13:30:00,188,13.5,76,2466,1,0,2402.5,3,35.0,37.16,770.96,922.18,714.6,597.42,0.5802,346.6,327.63,315.66,250.82,11.97,262.79,15.62,17.86,0.0,1.47,36.52,751.1,0.0,0.0,0.0,4.44,267.23,1.4576
2019-07-07 13:30:00,188,13.5,77,2445,1,0,2402.5,3,35.0,37.7,943.25,922.18,714.6,730.93,0.5807,424.45,327.63,315.66,306.48,11.97,318.45,15.62,17.99,0.0,1.47,36.52,751.1,0.0,0.0,0.0,4.44,322.9,1.7613
2019-07-07 13:30:00,188,13.5,78,2478,1,0,2402.5,3,35.0,36.85,897.3,922.18,714.6,695.32,0.5799,403.19,327.63,315.66,292.13,11.97,304.1,15.62,17.78,0.0,1.47,36.52,751.1,0.0,0.0,0.0,4.44,308.55,1.683
2019-07-07 13:30:00,188,13.5,79,2478,1,0,2402.5,3,35.0,36.85,811.01,922.18,714.6,628.46,0.5799,364.41,327.63,315.66,264.04,11.97,276.01,15.62,17.78,0.0,1.47,36.52,751.1,0.0,0.0,0.0,4.44,280.46,1.5298
2019-07-07 13:30:00,188,13.5,80,2449,1,0,2402.5,3,35.0,37.6,709.32,922.18,714.6,549.66,0.5806,319.13,327.63,315.66,230.53,11.97,242.5,15.62,17.97,0.0,1.47,36.52,751.1,0.0,0.0,0.0,4.44,246.94,1.347
2019-07-07 13:30:00,188,13.5,81,2412,1,0,2402.5,3,35.0,38.56,921.47,922.18,714.6,714.05,0.5815,415.24,327.63,315.66,298.81,11.97,310.78,15.62,18.21,0.0,1.47,36.52,751.1,0.0,0.0,0.0,4.44,315.22,1.7194
2019-07-07 13:30:00,188,13.5,82,2443,1,0,2402.5,3,35.0,37.76,1055.66,922.18,714.6,818.03,0.5807,475.07,327.63,315.66,342.96,11.97,354.93,15.62,18.01,0.0,1.47,36.52,751.1,0.0,0.0,0.0,4.44,359.38,1.9602
2019-07-07 13:30:00,188,13.5,83,2474,1,0,2402.5,3,35.0,36.95,879.57,922.18,714.6,681.58,0.58,395.29,327.63,315.66,286.29,11.97,298.26,15.62,17.8,0.0,1.47,36.52,751.1,0.0,0.0,0.0,4.44,302.71,1.6511
2019-07-07 13:30:00,188,13.5,84,2474,1,0,2402.5,3,35.0,36.95,760.03,922.18,714.6,588.95,0.58,341.57,327.63,315.66,247.38,11.97,259.35,15.62,17.8,0.0,1.47,36.52,751.1,0.0,0.0,0.0,4.44,263.8,1.4389
2019-07-07 13:30:00,188,13.5,85,2436,1,0,2402.5,3,35.0,37.94,627.07,922.18,714.6,485.92,0.5809,282.28,327.63,315.66,203.64,11.97,215.61,15.62,18.05,0.0,1.47,36.52,751.1,0.0,0.0,0.0,4.44,220.05,1.2003
2019-07-07 13:30:00,188,13.5,86,2397,0,0,2402.5,3,35.0,38.95,858.89,922.18,714.6,665.56,0.2445,162.7,327.63,315.66,502.86,11.97,514.82,15.62,18.3,0.0,1.47,36.52,751.1,0.0,0.0,0.0,24.44,539.27,2.8976
2019-07-07 13:30:00,188,13.5,87,2415,1,0,2402.5,3,35.0,38.48,999.71,922.18,714.6,774.67,0.5815,450.44,327.63,315.66,324.24,11.97,336.21,15.62,18.19,0.0,1.47,36.52,751.1,0.0,0.0,0.0,4.44,340.65,1.8581
2019-07-07 13:30:00,188,13.5,88,2476,1,0,2402.5,3,35.0,36.9,668.49,922.18,714.6,518.02,0.5799,300.4,327.63,315.66,217.61,11.97,229.58,15.62,17.79,0.0,1.47,36.52,751.1,0.0,0.0,0.0,4.44,234.03,1.2765
2019-07-07 13:30:00,188,13.5,89,2428,1,0,2402.5,3,35.0,38.15,531.79,922.18,714.6,412.09,0.5811,239.47,327.63,315.66,172.61,11.97,184.58,15.62,18.1,0.0,1.47,36.52,751.1,0.0,0.0,0.0,4.44,189.03,1.0311
2019-07-07 13:30:00,188,13.5,90,2377,0,0,2402.5,3,35.0,39.47,767.46,922.18,714.6,594.7,0.245,145.68,327.63,315.66,449.02,11.97,460.99,15.62,18.43,0.0,1.47,36.52,751.1,0.0,0.0,0.0,24.44,485.43,2.6083
2019-07-07 13:30:00,188,13.5,91,2378,0,0,2402.5,3,35.0,39.45,951.24,922.18,714.6,737.12,0.2449,180.55,327.63,315.66,556.57,11.97,568.54,15.62,18.43,0.0,1.47,36.52,751.1,0.0,0.0,0.0,24.44,592.98,3.1862
2019-07-07 13:30:00,188,13.5,92,2496,1,0,2402.5,3,35.0,36.38,469.18,922.18,714.6,363.57,0.5794,210.65,327.63,315.66,152.92,11.97,164.89,15.62,17.66,0.0,1.47,36.52,751.1,0.0,0.0,0.0,4.44,169.33,0.9236
2019-07-07 13:30:00,188,13.5,93,2423,1,0,2402.5,3,35.0,38.28,561.31,922.18,714.6,434.96,0.5813,252.82,327.63,315.66,182.14,11.97,194.11,15.62,18.14,0.0,1.47,36.52,751.1,0.0,0.0,0.0,4.44,198.55,1.083
2019-07-07 13:30:00,188,13.5,95,2372,0,0,2402.5,3,35.0,39.6,643.44,922.18,714.6,498.6,0.2451,122.2,327.63,315.66,376.4,11.97,388.37,15.62,18.47,0.0,1.47,36.52,751.1,0.0,0.0,0.0,24.44,412.81,2.2181
2019-07-07 13:30:00,188,13.5,97,2358,0,0,2402.5,3,35.0,39.97,888.65,922.18,714.6,688.61,0.2454,169.02,327.63,315.66,519.59,11.97,531.56,15.62,18.56,0.0,1.47,36.52,751.1,0.0,0.0,0.0,24.44,556.01,2.9875
2019-07-07 13:30:00,188,13.5,98,2554,1,0,2402.5,3,35.0,34.87,391.63,922.18,714.6,303.48,0.5779,175.39,327.63,315.66,128.09,11.97,140.06,15.62,17.28,0.0,1.47,36.52,751.1,0.0,0.0,0.0,4.44,144.5,0.7882
2019-07-07 13:30:00,188,13.5,99,2451,1,0,2402.5,3,35.0,37.55,707.23,922.18,714.6,548.03,0.5805,318.16,327.63,315.66,229.88,11.97,241.85,15.62,17.95,0.0,1.47,36.52,751.1,0.0,0.0,0.0,4.44,246.29,1.3434
2019-07-07 13:30:00,188,13.5,100,2361,0,0,2402.5,3,35.0,39.89,515.22,922.18,714.6,399.25,0.2454,97.96,327.63,315.66,301.28,11.97,313.25,15.62,18.54,0.0,1.47,36.52,751.1,0.0,0.0,0.0,24.44,337.7,1.8145
2019-07-07 14:00:00,188,14.0,94,2563,1,0,2402.5,3,35.0,34.64,876.0,922.26,281.1,267.0,0.5777,154.25,303.86,315.66,112.75,-11.8,100.95,14.68,17.23,0.0,1.32,38.71,751.09,0.0,0.0,0.0,4.44,105.4,0.5749
2019-07-07 14:00:00,188,14.0,96,2549,1,0,2402.5,3,35.0,35.0,922.26,922.26,281.1,281.1,0.5781,162.49,303.86,315.66,118.61,-11.8,106.81,14.68,17.32,0.0,1.32,38.71,751.09,0.0,0.0,0.0,4.44,111.25,0.6068
2019-07-07 14:00:00,188,14.0,1,2612,1,0,2402.5,3,35.0,33.36,890.95,922.26,281.1,271.56,0.5765,156.54,303.86,315.66,115.01,-11.8,103.22,14.68,16.91,0.0,1.32,38.71,751.09,0.0,0.0,0.0,4.44,107.66,0.5872
2019-07-07 14:00:00,188,14.0,2,2612,1,0,2402.5,3,35.0,33.36,933.23,922.26,281.1,284.44,0.5765,163.97,303.86,315.66,120.47,-11.8,108.67,14.68,16.91,0.0,1.32,38.71,751.09,0.0,0.0,0.0,4.44,113.12,0.617
2019-07-07 14:00:00,188,14.0,3,2610,1,0,2402.5,3,35.0,33.41,842.29,922.26,281.1,256.72,0.5765,148.0,303.86,315.66,108.72,-11.8,96.92,14.68,16.92,0.0,1.32,38.71,751.09,0.0,0.0,0.0,4.44,101.36,0.5529
2019-07-07 14:00:00,188,14.0,4,2583,1,0,2402.5,3,35.0,34.12,888.73,922.26,281.1,270.88,0.5772,156.35,303.86,315.66,114.53,-11.8,102.73,14.68,17.1,0.0,1.32,38.71,751.09,0.0,0.0,0.0,4.44,107.17,0.5846
2019-07-07 14:00:00,188,14.0,5,2583,1,0,2402.5,3,35.0,34.12,837.38,922.26,281.1,255.23,0.5772,147.32,303.86,315.66,107.91,-11.8,96.11,14.68,17.1,0.0,1.32,38.71,751.09,0.0,0.0,0.0,4.44,100.56,0.5485
2019-07-07 14:00:00,188,14.0,6,2546,1,0,2402.5,3,35.0,35.08,827.91,922.26,281.1,252.34,0.5781,145.89,303.86,315.66,106.46,-11.8,94.66,14.68,17.34,0.0,1.32,38.71,751.09,0.0,0.0,0.0,4.44,99.1,0.5405
2019-07-07 14:00:00,188,14.0,7,2546,1,0,2402.5,3,35.0,35.08,805.92,922.26,281.1,245.64,0.5781,142.01,303.86,315.66,103.63,-11.8,91.83,14.68,17.34,0.0,1.32,38.71,751.09,0.0,0.0,0.0,4.44,96.27,0.5251
2019-07-07 14:00:00,188,14.0,8,2639,1,0,2402.5,3,35.0,32.66,898.07,922.26,281.1,273.73,0.5758,157.6,303.86,315.66,116.12,-11.8,104.32,14.68,16.73,0.0,1.32,38.71,751.09,0.0,0.0,0.0,4.44,108.77,0.5933
2019-07-07 14:00:00,188,14.0,9,2610,1,0,2402.5,3,35.0,33.41,852.11,922.26,281.1,259.72,0.5765,149.73,303.86,315.66,109.99,-11.8,98.19,14.68,16.92,0.0,1.32,38.71,751.09,0.0,0.0,0.0,4.44,102.63,0.5598
2019-07-07 14:00:00,188,14.0,10,2579,1,0,2402.5,3,35.0,34.22,897.55,922.26,281.1,273.57,0.5773,157.93,303.86,315.66,115.64,-11.8,103.84,14.68,17.12,0.0,1.32,38.71,751.09,0.0,0.0,0.0,4.44,108.28,0.5906
2019-07-07 14:00:00,188,14.0,11,2579,1,0,2402.5,3,35.0,34.22,905.97,922.26,281.1,276.13,0.5773,159.41,303.86,315.66,116.72,-11.8,104.92,14.68,17.12,0.0,1.32,38.71,751.09,0.0,0.0,0.0,4.44,109.37,0.5965
2019-07-07 14:00:00,188,14.0,12,2546,1,0,2402.5,3,35.0,35.08,852.81,922.26,281.1,259.93,0.5781,150.27,303.86,315.66,109.66,-11.8,97.86,14.68,17.34,0.0,1.32,38.71,751.09,0.0,0.0,0.0,4.44,102.3,0.558
2019-07-07 14:00:00,188,14.0,13,2530,1,0,2402.5,3,35.0,35.49,926.77,922.26,281.1,282.47,0.5785,163.42,303.86,315.66,119.05,-11.8,107.25,14.68,17.44,0.0,1.32,38.71,751.09,0.0,0.0,0.0,4.44,111.7,0.6093
2019-07-07 14:00:00,188,14.0,14,2530,1,0,2402.5,3,35.0,35.49,883.14,922.26,281.1,269.18,0.5785,155.73,303.86,315.66,113.45,-11.8,101.65,14.68,17.44,0.0,1.32,38.71,751.09,0.0,0.0,0.0,4.44,106.09,0.5787
2019-07-07 14:00:00,188,14.0,15,2494,1,0,2402.5,3,35.0,36.43,875.99,922.26,281.1,267.0,0.5795,154.71,303.86,315.66,112.28,-11.8,100.49,14.68,17.67,0.0,1.32,38.71,751.09,0.0,0.0,0.0,4.44,104.93,0.5723
2019-07-07 14:00:00,188,14.0,16,2494,1,0,2402.5,3,35.0,36.43,869.38,922.26,281.1,264.98,0.5795,153.54,303.86,315.66,111.44,-11.8,99.64,14.68,17.67,0.0,1.32,38.71,751.09,0.0,0.0,0.0,4.44,104.08,0.5677
2019-07-07 14:00:00,188,14.0,17,2462,1,0,2402.5,3,35.0,37.26,882.79,922.26,281.1,269.07,0.5803,156.13,303.86,315.66,112.94,-11.8,101.14,14.68,17.88,0.0,1.32,38.71,751.09,0.0,0.0,0.0,4.44,105.58,0.5759
2019-07-07 14:00:00,188,14.0,18,2630,1,0,2402.5,3,35.0,32.89,981.36,922.26,281.1,299.11,0.576,172.29,303.86,315.66,126.82,-11.8,115.02,14.68,16.79,0.0,1.32,38.71,751.09,0.0,0.0,0.0,4.44,119.47,0.6516
2019-07-07 14:00:00,188,14.0,19,2630,1,0,2402.5,3,35.0,32.89,942.15,922.26,281.1,287.16,0.576,165.41,303.86,315.66,121.76,-11.8,109.96,14.68,16.79,0.0,1.32,38.71,751.09,0.0,0.0,0.0,4.44,114.4,0.624
2019-07-07 14:00:00,188,14.0,20,2604,1,0,2402.5,3,35.0,33.57,854.03,922.26,281.1,260.3,0.5767,150.11,303.86,315.66,110.2,-11.8,98.4,14.68,16.96,0.0,1.32,38.71,751.09,0.0,0.0,0.0,4.44,102.84,0.5609
2019-07-07 14:00:00,188,14.0,21,2563,1,0,2402.5,3,35.0,34.64,876.0,922.26,281.1,267.0,0.5777,154.25,303.86,315.66,112.75,-11.8,100.95,14.68,17.23,0.0,1.32,38.71,751.09,0.0,0.0,0.0,4.44,105.4,0.5749
2019-07-07 14:00:00,188,14.0,22,2556,1,0,2402.5,3,35.0,34.82,918.19,922.26,281.1,279.86,0.5779,161.72,303.86,315.66,118.13,-11.8,106.33,14.68,17.27,0.0,1.32,38.71,751.09,0.0,0.0,0.0,4.44,110.78,0.6042
2019-07-07 14:00:00,188,14.0,23,2549,1,0,2402.5,3,35.0,35.0,922.26,922.26,281.1,281.1,0.5781,162.49,303.86,315.66,118.61,-11.8,106.81,14.68,17.32,0.0,1.32,38.71,751.09,0.0,0.0,0.0,4.44,111.25,0.6068
2019-07-07 14:00:00,188,14.0,24,2549,1,0,2402.5,3,35.0,35.0,858.73,922.26,281.1,261.74,0.5781,151.3,303.86,315.66,110.44,-11.8,98.64,14.68,17.32,0.0,1.32,38.71,751.09,0.0,0.0,0.0,4.44,103.08,0.5623
2019-07-07 14:00:00,188,14.0,25,2524,1,0,2402.5,3,35.0,35.65,777.62,922.26,281.1,237.01,0.5787,137.16,303.86,315.66,99.86,-11.8,88.06,14.68,17.48,0.0,1.32,38.71,751.09,0.0,0.0,0.0,4.44,92.5,0.5046
2019-07-07 14:00:00,188,14.0,26,2502,1,0,2402.5,3,35.0,36.22,865.99,922.26,281.1,263.95,0.5792,152.89,303.86,315.66,111.06,-11.8,99.26,14.68,17.62,0.0,1.32,38.71,751.09,0.0,0.0,0.0,4.44,103.7,0.5656
2019-07-07 14:00:00,188,14.0,27,2502,1,0,2402.5,3,35.0,36.22,848.94,922.26,281.1,258.75,0.5792,149.88,303.86,315.66,108.87,-11.8,97.07,14.68,17.62,0.0,1.32,38.71,751.09,0.0,0.0,0.0,4.44,101.52,0.5537
2019-07-07 14:00:00,188,14.0,28,2477,1,0,2402.5,3,35.0,36.87,836.01,922.26,281.1,254.81,0.5799,147.76,303.86,315.66,107.05,-11.8,95.25,14.68,17.79,0.0,1.32,38.71,751.09,0.0,0.0,0.0,4.44,99.69,0.5438
2019-07-07 14:00:00,188,14.0,29,2477,1,0,2402.5,3,35.0,36.87,809.89,922.26,281.1,246.85,0.5799,143.14,303.86,315.66,103.71,-11.8,91.91,14.68,17.79,0.0,1.32,38.71,751.09,0.0,0.0,0.0,4.44,96.35,0.5255
2019-07-07 14:00:00,188,14.0,30,2440,1,0,2402.5,3,35.0,37.83,809.92,922.26,281.1,246.86,0.5808,143.38,303.86,315.66,103.48,-11.8,91.68,14.68,18.03,0.0,1.32,38.71,751.09,0.0,0.0,0.0,4.44,96.12,0.5243
2019-07-07 14:00:00,188,14.0,31,2620,1,0,2402.5,3,35.0,33.15,82.82,922.26,281.1,25.24,0.5763,14.55,303.86,315.66,10.7,-11.8,-1.1,14.68,16.86,0.0,1.32,38.71,751.09,0.0,0.0,0.0,4.44,3.34,0.0182
2019-07-07 14:00:00,188,14.0,32,2576,1,0,2402.5,3,35.0,34.3,840.05,922.26,281.1,256.04,0.5774,147.83,303.86,315.66,108.21,-11.8,96.41,14.68,17.14,0.0,1.32,38.71,751.09,0.0,0.0,0.0,4.44,100.85,0.5501
2019-07-07 14:00:00,188,14.0,33,2576,1,0,2402.5,3,35.0,34.3,976.83,922.26,281.1,297.73,0.5774,171.9,303.86,315.66,125.83,-11.8,114.03,14.68,17.14,0.0,1.32,38.71,751.09,0.0,0.0,0.0,4.44,118.47,0.6462
2019-07-07 14:00:00,188,14.0,34,2576,1,0,2402.5,3,35.0,34.3,913.78,922.26,281.1,278.51,0.5774,160.81,303.86,315.66,117.71,-11.8,105.91,14.68,17.14,0.0,1.32,38.71,751.09,0.0,0.0,0.0,4.44,110.35,0.6019
2019-07-07 14:00:00,188,14.0,35,2556,1,0,2402.5,3,35.0,34.82,821.77,922.26,281.1,250.47,0.5779,144.74,303.86,315.66,105.73,-11.8,93.93,14.68,17.27,0.0,1.32,38.71,751.09,0.0,0.0,0.0,4.44,98.37,0.5366
2019-07-07 14:00:00,188,14.0,36,2533,1,0,2402.5,3,35.0,35.42,876.46,922.26,281.1,267.14,0.5785,154.53,303.86,315.66,112.61,-11.8,100.81,14.68,17.42,0.0,1.32,38.71,751.09,0.0,0.0,0.0,4.44,105.25,0.5741
2019-07-07 14:00:00,188,14.0,37,2532,1,0,2402.5,3,35.0,35.44,927.62,922.26,281.1,282.73,0.5785,163.56,303.86,315.66,119.18,-11.8,107.38,14.68,17.43,0.0,1.32,38.71,751.09,0.0,0.0,0.0,4.44,111.82,0.6099
2019-07-07 14:00:00,188,14.0,38,2534,1,0,2402.5,3,35.0,35.39,896.01,922.26,281.1,273.1,0.5784,157.97,303.86,315.66,115.13,-11.8,103.33,14.68,17.41,0.0,1.32,38.71,751.09,0.0,0.0,0.0,4.44,107.77,0.5878
2019-07-07 14:00:00,188,14.0,39,2534,1,0,2402.5,3,35.0,35.39,817.56,922.26,281.1,249.19,0.5784,144.14,303.86,315.66,105.05,-11.8,93.25,14.68,17.41,0.0,1.32,38.71,751.09,0.0,0.0,0.0,4.44,97.69,0.5329
2019-07-07 14:00:00,188,14.0,40,2515,1,0,2402.5,3,35.0,35.88,704.7,922.26,281.1,214.79,0.5789,124.34,303.86,315.66,90.44,-11.8,78.64,14.68,17.54,0.0,1.32,38.71,751.09,0.0,0.0,0.0,4.44,83.09,0.4532
2019-07-07 14:00:00,188,14.0,41,2487,1,0,2402.5,3,35.0,36.61,753.06,922.26,281.1,229.53,0.5796,133.04,303.86,315.66,96.49,-11.8,84.69,14.68,17.72,0.0,1.32,38.71,751.09,0.0,0.0,0.0,4.44,89.13,0.4862
2019-07-07 14:00:00,188,14.0,42,2487,1,0,2402.5,3,35.0,36.61,766.29,922.26,281.1,233.56,0.5796,135.38,303.86,315.66,98.18,-11.8,86.38,14.68,17.72,0.0,1.32,38.71,751.09,0.0,0.0,0.0,4.44,90.83,0.4954
2019-07-07 14:00:00,188,14.0,43,2464,1,0,2402.5,3,35.0,37.21,783.84,922.26,281.1,238.91,0.5802,138.62,303.86,315.66,100.29,-11.8,88.49,14.68,17.87,0.0,1.32,38.71,751.09,0.0,0.0,0.0,4.44,92.94,0.5069
2019-07-07 14:00:00,188,14.0,44,2555,1,0,2402.5,3,35.0,34.84,98.2,922.26,281.1,29.93,0.5779,17.3,303.86,315.66,12.63,-11.8,0.83,14.68,17.28,0.0,1.32,38.71,751.09,0.0,0.0,0.0,4.44,5.28,0.0288
2019-07-07 14:00:00,188,14.0,45,2555,1,0,2402.5,3,35.0,34.84,939.54,922.26,281.1,286.37,0.5779,165.49,303.86,315.66,120.87,-11.8,109.07,14.68,17.28,0.0,1.32,38.71,751.09,0.0,0.0,0.0,4.44,113.52,0.6192
2019-07-07 14:00:00,188,14.0,46,2555,1,0,2402.5,3,35.0,34.84,872.95,922.26,281.1,266.07,0.5779,153.76,303.86,315.66,112.31,-11.8,100.51,14.68,17.28,0.0,1.32,38.71,751.09,0.0,0.0,0.0,4.44,104.95,0.5725
2019-07-07 14:00:00,188,14.0,47,2530,1,0,2402.5,3,35.0,35.49,809.52,922.26,281.1,246.74,0.5785,142.75,303.86,315.66,103.99,-11.8,92.19,14.68,17.44,0.0,1.32,38.71,751.09,0.0,0.0,0.0,4.44,96.63,0.5271
2019-07-07 14:00:00,188,14.0,48,2510,1,0,2402.5,3,35.0,36.01,902.63,922.26,281.1,275.12,0.579,159.3,303.86,315.66,115.81,-11.8,104.01,14.68,17.57,0.0,1.32,38.71,751.09,0.0,0.0,0.0,4.44,108.46,0.5916
2019-07-07 14:00:00,188,14.0,49,2534,1,0,2402.5,3,35.0,35.39,805.11,922.26,281.1,245.39,0.5784,141.94,303.86,315.66,103.45,-11.8,91.65,14.68,17.41,0.0,1.32,38.71,751.09,0.0,0.0,0.0,4.44,96.09,0.5241
2019-07-07 14:00:00,188,14.0,50,2531,1,0,2402.5,3,35.0,35.47,97.96,922.26,281.1,29.86,0.5785,17.27,303.86,315.66,12.58,-11.8,0.78,14.68,17.43,0.0,1.32,38.71,751.09,0.0,0.0,0.0,4.44,5.23,0.0285
2019-07-07 14:00:00,188,14.0,51,2531,1,0,2402.5,3,35.0,35.47,899.33,922.26,281.1,274.11,0.5785,158.58,303.86,315.66,115.53,-11.8,103.73,14.68,17.43,0.0,1.32,38.71,751.09,0.0,0.0,0.0,4.44,108.18,0.5901
2019-07-07 14:00:00,188,14.0,52,2531,1,0,2402.5,3,35.0,35.47,826.92,922.26,281.1,252.04,0.5785,145.81,303.86,315.66,106.23,-11.8,94.43,14.68,17.43,0.0,1.32,38.71,751.09,0.0,0.0,0.0,4.44,98.88,0.5393
2019-07-07 14:00:00,188,14.0,53,2507,1,0,2402.5,3,35.0,36.09,772.85,922.26,281.1,235.56,0.5791,136.42,303.86,315.66,99.14,-11.8,87.34,14.68,17.59,0.0,1.32,38.71,751.09,0.0,0.0,0.0,4.44,91.79,0.5007
2019-07-07 14:00:00,188,14.0,54,2494,1,0,2402.5,3,35.0,36.43,900.38,922.26,281.1,274.43,0.5795,159.02,303.86,315.66,115.41,-11.8,103.61,14.68,17.67,0.0,1.32,38.71,751.09,0.0,0.0,0.0,4.44,108.06,0.5894
2019-07-07 14:00:00,188,14.0,55,2531,1,0,2402.5,3,35.0,35.47,901.49,922.26,281.1,274.77,0.5785,158.96,303.86,315.66,115.81,-11.8,104.01,14.68,17.43,0.0,1.32,38.71,751.09,0.0,0.0,0.0,4.44,108.46,0.5916
2019-07-07 14:00:00,188,14.0,56,2531,1,0,2402.5,3,35.0,35.47,831.21,922.26,281.1,253.35,0.5785,146.57,303.86,315.66,106.78,-11.8,94.98,14.68,17.43,0.0,1.32,38.71,751.09,0.0,0.0,0.0,4.44,99.43,0.5423
2019-07-07 14:00:00,188,14.0,57,2507,1,0,2402.5,3,35.0,36.09,784.08,922.26,281.1,238.98,0.5791,138.4,303.86,315.66,100.58,-11.8,88.78,14.68,17.59,0.0,1.32,38.71,751.09,0.0,0.0,0.0,4.44,93.23,0.5085
2019-07-07 14:00:00,188,14.0,58,2494,1,0,2402.5,3,35.0,36.43,937.8,922.26,281.1,285.84,0.5795,165.63,303.86,315.66,120.21,-11.8,108.41,14.68,17.67,0.0,1.32,38.71,751.09,0.0,0.0,0.0,4.44,112.85,0.6156
2019-07-07 14:00:00,188,14.0,59,2506,1,0,2402.5,3,35.0,36.12,900.9,922.26,281.1,274.59,0.5791,159.03,303.86,315.66,115.56,-11.8,103.76,14.68,17.6,0.0,1.32,38.71,751.09,0.0,0.0,0.0,4.44,108.21,0.5902
2019-07-07 14:00:00,188,14.0,60,2506,1,0,2402.5,3,35.0,36.12,835.41,922.26,281.1,254.63,0.5791,147.47,303.86,315.66,107.16,-11.8,95.36,14.68,17.6,0.0,1.32,38.71,751.09,0.0,0.0,0.0,4.44,99.81,0.5444
2019-07-07 14:00:00,188,14.0,61,2485,1,0,2402.5,3,35.0,36.66,779.47,922.26,281.1,237.58,0.5797,137.72,303.86,315.66,99.86,-11.8,88.06,14.68,17.73,0.0,1.32,38.71,751.09,0.0,0.0,0.0,4.44,92.5,0.5046
2019-07-07 14:00:00,188,14.0,62,2469,1,0,2402.5,3,35.0,37.08,958.71,922.26,281.1,292.21,0.5801,169.51,303.86,315.66,122.7,-11.8,110.9,14.68,17.84,0.0,1.32,38.71,751.09,0.0,0.0,0.0,4.44,115.35,0.6292
2019-07-07 14:00:00,188,14.0,63,2506,1,0,2402.5,3,35.0,36.12,596.77,922.26,281.1,181.89,0.5791,105.34,303.86,315.66,76.55,-11.8,64.75,14.68,17.6,0.0,1.32,38.71,751.09,0.0,0.0,0.0,4.44,69.19,0.3774
2019-07-07 14:00:00,188,14.0,64,2506,1,0,2402.5,3,35.0,36.12,882.99,922.26,281.1,269.13,0.5791,155.87,303.86,315.66,113.26,-11.8,101.46,14.68,17.6,0.0,1.32,38.71,751.09,0.0,0.0,0.0,4.44,105.91,0.5777
2019-07-07 14:00:00,188,14.0,65,2506,1,0,2402.5,3,35.0,36.12,822.92,922.26,281.1,250.82,0.5791,145.26,303.86,315.66,105.56,-11.8,93.76,14.68,17.6,0.0,1.32,38.71,751.09,0.0,0.0,0.0,4.44,98.2,0.5357
2019-07-07 14:00:00,188,14.0,66,2485,1,0,2402.5,3,35.0,36.66,735.0,922.26,281.1,224.02,0.5797,129.86,303.86,315.66,94.16,-11.8,82.36,14.68,17.73,0.0,1.32,38.71,751.09,0.0,0.0,0.0,4.44,86.81,0.4735
2019-07-07 14:00:00,188,14.0,67,2455,1,0,2402.5,3,35.0,37.44,896.75,922.26,281.1,273.32,0.5804,158.65,303.86,315.66,114.68,-11.8,102.88,14.68,17.93,0.0,1.32,38.71,751.09,0.0,0.0,0.0,4.44,107.32,0.5854
2019-07-07 14:00:00,188,14.0,68,2489,1,0,2402.5,3,35.0,36.56,568.11,922.26,281.1,173.16,0.5796,100.36,303.86,315.66,72.8,-11.8,61.0,14.68,17.71,0.0,1.32,38.71,751.09,0.0,0.0,0.0,4.44,65.44,0.357
2019-07-07 14:00:00,188,14.0,69,2489,1,0,2402.5,3,35.0,36.56,891.76,922.26,281.1,271.8,0.5796,157.53,303.86,315.66,114.27,-11.8,102.47,14.68,17.71,0.0,1.32,38.71,751.09,0.0,0.0,0.0,4.44,106.92,0.5832
2019-07-07 14:00:00,188,14.0,70,2489,1,0,2402.5,3,35.0,36.56,844.49,922.26,281.1,257.39,0.5796,149.18,303.86,315.66,108.21,-11.8,96.41,14.68,17.71,0.0,1.32,38.71,751.09,0.0,0.0,0.0,4.44,100.86,0.5501
2019-07-07 14:00:00,188,14.0,71,2477,1,0,2402.5,3,35.0,36.87,759.96,922.26,281.1,231.63,0.5799,134.32,303.86,315.66,97.31,-11.8,85.51,14.68,17.79,0.0,1.32,38.71,751.09,0.0,0.0,0.0,4.44,89.96,0.4907
2019-07-07 14:00:00,188,14.0,72,2455,1,0,2402.5,3,35.0,37.44,884.15,922.26,281.1,269.48,0.5804,156.42,303.86,315.66,113.07,-11.8,101.27,14.68,17.93,0.0,1.32,38.71,751.09,0.0,0.0,0.0,4.44,105.71,0.5766
2019-07-07 14:00:00,188,14.0,73,2485,1,0,2402.5,3,35.0,36.66,93.07,922.26,281.1,28.37,0.5797,16.44,303.86,315.66,11.92,-11.8,0.12,14.68,17.73,0.0,1.32,38.71,751.09,0.0,0.0,0.0,4.44,4.57,0.0249
2019-07-07 14:00:00,188,14.0,74,2485,1,0,2402.5,3,35.0,36.66,868.02,922.26,281.1,264.57,0.5797,153.36,303.86,315.66,111.2,-11.8,99.4,14.68,17.73,0.0,1.32,38.71,751.09,0.0,0.0,0.0,4.44,103.85,0.5664
2019-07-07 14:00:00,188,14.0,75,2485,1,0,2402.5,3,35.0,36.66,820.59,922.26,281.1,250.11,0.5797,144.98,303.86,315.66,105.13,-11.8,93.33,14.68,17.73,0.0,1.32,38.71,751.09,0.0,0.0,0.0,4.44,97.77,0.5333
2019-07-07 14:00:00,188,14.0,76,2466,1,0,2402.5,3,35.0,37.16,764.84,922.26,281.1,233.12,0.5802,135.25,303.86,315.66,97.87,-11.8,86.07,14.68,17.86,0.0,1.32,38.71,751.09,0.0,0.0,0.0,4.44,90.52,0.4937
2019-07-07 14:00:00,188,14.0,77,2445,1,0,2402.5,3,35.0,37.7,930.93,922.26,281.1,283.74,0.5807,164.77,303.86,315.66,118.98,-11.8,107.18,14.68,17.99,0.0,1.32,38.71,751.09,0.0,0.0,0.0,4.44,111.62,0.6088
2019-07-07 14:00:00,188,14.0,78,2478,1,0,2402.5,3,35.0,36.85,867.87,922.26,281.1,264.52,0.5799,153.38,303.86,315.66,111.14,-11.8,99.34,14.68,17.78,0.0,1.32,38.71,751.09,0.0,0.0,0.0,4.44,103.78,0.5661
2019-07-07 14:00:00,188,14.0,79,2478,1,0,2402.5,3,35.0,36.85,792.98,922.26,281.1,241.69,0.5799,140.15,303.86,315.66,101.55,-11.8,89.75,14.68,17.78,0.0,1.32,38.71,751.09,0.0,0.0,0.0,4.44,94.19,0.5138
2019-07-07 14:00:00,188,14.0,80,2449,1,0,2402.5,3,35.0,37.6,709.19,922.26,281.1,216.16,0.5806,125.5,303.86,315.66,90.66,-11.8,78.86,14.68,17.97,0.0,1.32,38.71,751.09,0.0,0.0,0.0,4.44,83.3,0.4544
2019-07-07 14:00:00,188,14.0,81,2412,1,0,2402.5,3,35.0,38.56,915.58,922.26,281.1,279.06,0.5815,162.28,303.86,315.66,116.78,-11.8,104.98,14.68,18.21,0.0,1.32,38.71,751.09,0.0,0.0,0.0,4.44,109.42,0.5969
2019-07-07 14:00:00,188,14.0,82,2443,1,0,2402.5,3,35.0,37.76,1050.2,922.26,281.1,320.09,0.5807,185.89,303.86,315.66,134.2,-11.8,122.4,14.68,18.01,0.0,1.32,38.71,751.09,0.0,0.0,0.0,4.44,126.85,0.6919
2019-07-07 14:00:00,188,14.0,83,2474,1,0,2402.5,3,35.0,36.95,844.43,922.26,281.1,257.38,0.58,149.27,303.86,315.66,108.11,-11.8,96.31,14.68,17.8,0.0,1.32,38.71,751.09,0.0,0.0,0.0,4.44,100.75,0.5496
2019-07-07 14:00:00,188,14.0,84,2474,1,0,2402.5,3,35.0,36.95,739.2,922.26,281.1,225.3,0.58,130.67,303.86,315.66,94.64,-11.8,82.84,14.68,17.8,0.0,1.32,38.71,751.09,0.0,0.0,0.0,4.44,87.28,0.4761
2019-07-07 14:00:00,188,14.0,85,2436,1,0,2402.5,3,35.0,37.94,625.68,922.26,281.1,190.7,0.5809,110.78,303.86,315.66,79.92,-11.8,68.12,14.68,18.05,0.0,1.32,38.71,751.09,0.0,0.0,0.0,4.44,72.56,0.3958
2019-07-07 14:00:00,188,14.0,86,2397,0,0,2402.5,3,35.0,38.95,854.04,922.26,281.1,260.31,0.2445,63.63,303.86,315.66,196.67,-11.8,184.87,14.68,18.3,0.0,1.32,38.71,751.09,0.0,0.0,0.0,24.44,209.32,1.1247
2019-07-07 14:00:00,188,14.0,87,2415,1,0,2402.5,3,35.0,38.48,994.69,922.26,281.1,303.17,0.5815,176.28,303.86,315.66,126.89,-11.8,115.09,14.68,18.19,0.0,1.32,38.71,751.09,0.0,0.0,0.0,4.44,119.54,0.652
2019-07-07 14:00:00,188,14.0,88,2476,1,0,2402.5,3,35.0,36.9,639.64,922.26,281.1,194.96,0.5799,113.06,303.86,315.66,81.9,-11.8,70.1,14.68,17.79,0.0,1.32,38.71,751.09,0.0,0.0,0.0,4.44,74.54,0.4066
2019-07-07 14:00:00,188,14.0,89,2428,1,0,2402.5,3,35.0,38.15,528.45,922.26,281.1,161.07,0.5811,93.6,303.86,315.66,67.47,-11.8,55.67,14.68,18.1,0.0,1.32,38.71,751.09,0.0,0.0,0.0,4.44,60.11,0.3279
2019-07-07 14:00:00,188,14.0,90,2377,0,0,2402.5,3,35.0,39.47,763.22,922.26,281.1,232.62,0.245,56.99,303.86,315.66,175.64,-11.8,163.84,14.68,18.43,0.0,1.32,38.71,751.09,0.0,0.0,0.0,24.44,188.28,1.0117
2019-07-07 14:00:00,188,14.0,91,2378,0,0,2402.5,3,35.0,39.45,945.29,922.26,281.1,288.12,0.2449,70.57,303.86,315.66,217.55,-11.8,205.75,14.68,18.43,0.0,1.32,38.71,751.09,0.0,0.0,0.0,24.44,230.19,1.2368
2019-07-07 14:00:00,188,14.0,92,2496,1,0,2402.5,3,35.0,36.38,419.93,922.26,281.1,127.99,0.5794,74.16,303.86,315.66,53.83,-11.8,42.03,14.68,17.66,0.0,1.32,38.71,751.09,0.0,0.0,0.0,4.44,46.48,0.2535
2019-07-07 14:00:00,188,14.0,93,2423,1,0,2402.5,3,35.0,38.28,567.7,922.26,281.1,173.03,0.5813,100.58,303.86,315.66,72.46,-11.8,60.66,14.68,18.14,0.0,1.32,38.71,751.09,0.0,0.0,0.0,4.44,65.1,0.3551
2019-07-07 14:00:00,188,14.0,95,2372,0,0,2402.5,3,35.0,39.6,633.41,922.26,281.1,193.06,0.2451,47.32,303.86,315.66,145.74,-11.8,133.94,14.68,18.47,0.0,1.32,38.71,751.09,0.0,0.0,0.0,24.44,158.39,0.851
2019-07-07 14:00:00,188,14.0,97,2358,0,0,2402.5,3,35.0,39.97,870.83,922.26,281.1,265.42,0.2454,65.15,303.86,315.66,200.28,-11.8,188.48,14.68,18.56,0.0,1.32,38.71,751.09,0.0,0.0,0.0,24.44,212.92,1.1441
2019-07-07 14:00:00,188,14.0,98,2554,1,0,2402.5,3,35.0,34.87,345.83,922.26,281.1,105.41,0.5779,60.92,303.86,315.66,44.49,-11.8,32.69,14.68,17.28,0.0,1.32,38.71,751.09,0.0,0.0,0.0,4.44,37.13,0.2025
2019-07-07 14:00:00,188,14.0,99,2451,1,0,2402.5,3,35.0,37.55,708.66,922.26,281.1,215.99,0.5805,125.39,303.86,315.66,90.6,-11.8,78.8,14.68,17.95,0.0,1.32,38.71,751.09,0.0,0.0,0.0,4.44,83.25,0.4541
2019-07-07 14:00:00,188,14.0,100,2361,0,0,2402.5,3,35.0,39.89,508.08,922.26,281.1,154.86,0.2454,38.0,303.86,315.66,116.86,-11.8,105.06,14.68,18.54,0.0,1.32,38.71,751.09,0.0,0.0,0.0,24.44,129.51,0.6958
2019-07-07 14:30:00,188,14.5,94,2563,1,0,2402.5,3,35.0,34.64,896.18,910.81,272.1,267.73,0.5777,154.67,320.88,315.66,113.06,5.22,118.29,14.18,17.23,0.0,1.46,40.04,750.97,0.0,0.0,0.0,4.44,122.73,0.6694
2019-07-07 14:30:00,188,14.5,96,2549,1,0,2402.5,3,35.0,35.0,910.81,910.81,272.1,272.1,0.5781,157.29,320.88,315.66,114.81,5.22,120.04,14.18,17.32,0.0,1.46,40.04,750.97,0.0,0.0,0.0,4.44,124.48,0.679
2019-07-07 14:30:00,188,14.5,1,2612,1,0,2402.5,3,35.0,33.36,903.55,910.81,272.1,269.93,0.5765,155.6,320.88,315.66,114.33,5.22,119.55,14.18,16.91,0.0,1.46,40.04,750.97,0.0,0.0,0.0,4.44,124.0,0.6763
2019-07-07 14:30:00,188,14.5,2,2612,1,0,2402.5,3,35.0,33.36,940.85,910.81,272.1,281.08,0.5765,162.03,320.88,315.66,119.05,5.22,124.27,14.18,16.91,0.0,1.46,40.04,750.97,0.0,0.0,0.0,4.44,128.72,0.7021
2019-07-07 14:30:00,188,14.5,3,2610,1,0,2402.5,3,35.0,33.41,853.96,910.81,272.1,255.12,0.5765,147.08,320.88,315.66,108.04,5.22,113.26,14.18,16.92,0.0,1.46,40.04,750.97,0.0,0.0,0.0,4.44,117.71,0.642
2019-07-07 14:30:00,188,14.5,4,2583,1,0,2402.5,3,35.0,34.12,888.1,910.81,272.1,265.32,0.5772,153.14,320.88,315.66,112.18,5.22,117.4,14.18,17.1,0.0,1.46,40.04,750.97,0.0,0.0,0.0,4.44,121.85,0.6646
2019-07-07 14:30:00,188,14.5,5,2583,1,0,2402.5,3,35.0,34.12,836.67,910.81,272.1,249.95,0.5772,144.27,320.88,315.66,105.68,5.22,110.91,14.18,17.1,0.0,1.46,40.04,750.97,0.0,0.0,0.0,4.44,115.35,0.6292
2019-07-07 14:30:00,188,14.5,6,2546,1,0,2402.5,3,35.0,35.08,824.27,910.81,272.1,246.25,0.5781,142.36,320.88,315.66,103.88,5.22,109.11,14.18,17.34,0.0,1.46,40.04,750.97,0.0,0.0,0.0,4.44,113.55,0.6194
2019-07-07 14:30:00,188,14.5,7,2546,1,0,2402.5,3,35.0,35.08,797.88,910.81,272.1,238.36,0.5781,137.81,320.88,315.66,100.56,5.22,105.78,14.18,17.34,0.0,1.46,40.04,750.97,0.0,0.0,0.0,4.44,110.23,0.6012
2019-07-07 14:30:00,188,14.5,8,2639,1,0,2402.5,3,35.0,32.66,908.79,910.81,272.1,271.5,0.5758,156.32,320.88,315.66,115.18,5.22,120.4,14.18,16.73,0.0,1.46,40.04,750.97,0.0,0.0,0.0,4.44,124.84,0.681
2019-07-07 14:30:00,188,14.5,9,2610,1,0,2402.5,3,35.0,33.41,870.13,910.81,272.1,259.95,0.5765,149.86,320.88,315.66,110.09,5.22,115.31,14.18,16.92,0.0,1.46,40.04,750.97,0.0,0.0,0.0,4.44,119.75,0.6532
2019-07-07 14:30:00,188,14.5,10,2579,1,0,2402.5,3,35.0,34.22,900.8,910.81,272.1,269.11,0.5773,155.36,320.88,315.66,113.75,5.22,118.98,14.18,17.12,0.0,1.46,40.04,750.97,0.0,0.0,0.0,4.44,123.42,0.6732
2019-07-07 14:30:00,188,14.5,11,2579,1,0,2402.5,3,35.0,34.22,907.05,910.81,272.1,270.98,0.5773,156.43,320.88,315.66,114.54,5.22,119.77,14.18,17.12,0.0,1.46,40.04,750.97,0.0,0.0,0.0,4.44,124.21,0.6775
2019-07-07 14:30:00,188,14.5,12,2546,1,0,2402.5,3,35.0,35.08,865.32,910.81,272.1,258.51,0.5781,149.45,320.88,315.66,109.06,5.22,114.28,14.18,17.34,0.0,1.46,40.04,750.97,0.0,0.0,0.0,4.44,118.73,0.6476
2019-07-07 14:30:00,188,14.5,13,2530,1,0,2402.5,3,35.0,35.49,933.63,910.81,272.1,278.92,0.5785,161.37,320.88,315.66,117.55,5.22,122.78,14.18,17.44,0.0,1.46,40.04,750.97,0.0,0.0,0.0,4.44,127.22,0.6939
2019-07-07 14:30:00,188,14.5,14,2530,1,0,2402.5,3,35.0,35.49,892.1,910.81,272.1,266.51,0.5785,154.19,320.88,315.66,112.32,5.22,117.55,14.18,17.44,0.0,1.46,40.04,750.97,0.0,0.0,0.0,4.44,121.99,0.6654
2019-07-07 14:30:00,188,14.5,15,2494,1,0,2402.5,3,35.0,36.43,881.95,910.81,272.1,263.48,0.5795,152.67,320.88,315.66,110.81,5.22,116.03,14.18,17.67,0.0,1.46,40.04,750.97,0.0,0.0,0.0,4.44,120.47,0.6571
2019-07-07 14:30:00,188,14.5,16,2494,1,0,2402.5,3,35.0,36.43,874.15,910.81,272.1,261.15,0.5795,151.32,320.88,315.66,109.83,5.22,115.05,14.18,17.67,0.0,1.46,40.04,750.97,0.0,0.0,0.0,4.44,119.49,0.6518
2019-07-07 14:30:00,188,14.5,17,2462,1,0,2402.5,3,35.0,37.26,886.09,910.81,272.1,264.72,0.5803,153.6,320.88,315.66,111.11,5.22,116.34,14.18,17.88,0.0,1.46,40.04,750.97,0.0,0.0,0.0,4.44,120.78,0.6588
2019-07-07 14:30:00,188,14.5,18,2630,1,0,2402.5,3,35.0,32.89,975.4,910.81,272.1,291.4,0.576,167.85,320.88,315.66,123.55,5.22,128.78,14.18,16.79,0.0,1.46,40.04,750.97,0.0,0.0,0.0,4.44,133.22,0.7267
2019-07-07 14:30:00,188,14.5,19,2630,1,0,2402.5,3,35.0,32.89,947.24,910.81,272.1,282.98,0.576,163.0,320.88,315.66,119.98,5.22,125.21,14.18,16.79,0.0,1.46,40.04,750.97,0.0,0.0,0.0,4.44,129.65,0.7072
2019-07-07 14:30:00,188,14.5,20,2604,1,0,2402.5,3,35.0,33.57,875.58,910.81,272.1,261.58,0.5767,150.84,320.88,315.66,110.74,5.22,115.96,14.18,16.96,0.0,1.46,40.04,750.97,0.0,0.0,0.0,4.44,120.4,0.6568
2019-07-07 14:30:00,188,14.5,21,2563,1,0,2402.5,3,35.0,34.64,896.18,910.81,272.1,267.73,0.5777,154.67,320.88,315.66,113.06,5.22,118.29,14.18,17.23,0.0,1.46,40.04,750.97,0.0,0.0,0.0,4.44,122.73,0.6694
2019-07-07 14:30:00,188,14.5,22,2556,1,0,2402.5,3,35.0,34.82,922.83,910.81,272.1,275.69,0.5779,159.32,320.88,315.66,116.38,5.22,121.6,14.18,17.27,0.0,1.46,40.04,750.97,0.0,0.0,0.0,4.44,126.04,0.6875
2019-07-07 14:30:00,188,14.5,23,2549,1,0,2402.5,3,35.0,35.0,910.81,910.81,272.1,272.1,0.5781,157.29,320.88,315.66,114.81,5.22,120.04,14.18,17.32,0.0,1.46,40.04,750.97,0.0,0.0,0.0,4.44,124.48,0.679
2019-07-07 14:30:00,188,14.5,24,2549,1,0,2402.5,3,35.0,35.0,845.86,910.81,272.1,252.7,0.5781,146.07,320.88,315.66,106.62,5.22,111.85,14.18,17.32,0.0,1.46,40.04,750.97,0.0,0.0,0.0,4.44,116.29,0.6343
2019-07-07 14:30:00,188,14.5,25,2524,1,0,2402.5,3,35.0,35.65,770.17,910.81,272.1,230.09,0.5787,133.15,320.88,315.66,96.94,5.22,102.16,14.18,17.48,0.0,1.46,40.04,750.97,0.0,0.0,0.0,4.44,106.61,0.5815
2019-07-07 14:30:00,188,14.5,26,2502,1,0,2402.5,3,35.0,36.22,851.02,910.81,272.1,254.24,0.5792,147.27,320.88,315.66,106.97,5.22,112.2,14.18,17.62,0.0,1.46,40.04,750.97,0.0,0.0,0.0,4.44,116.64,0.6362
2019-07-07 14:30:00,188,14.5,27,2502,1,0,2402.5,3,35.0,36.22,835.69,910.81,272.1,249.66,0.5792,144.61,320.88,315.66,105.04,5.22,110.27,14.18,17.62,0.0,1.46,40.04,750.97,0.0,0.0,0.0,4.44,114.71,0.6257
2019-07-07 14:30:00,188,14.5,28,2477,1,0,2402.5,3,35.0,36.87,819.1,910.81,272.1,244.7,0.5799,141.9,320.88,315.66,102.8,5.22,108.03,14.18,17.79,0.0,1.46,40.04,750.97,0.0,0.0,0.0,4.44,112.47,0.6135
2019-07-07 14:30:00,188,14.5,29,2477,1,0,2402.5,3,35.0,36.87,790.53,910.81,272.1,236.17,0.5799,136.95,320.88,315.66,99.22,5.22,104.44,14.18,17.79,0.0,1.46,40.04,750.97,0.0,0.0,0.0,4.44,108.89,0.5939
2019-07-07 14:30:00,188,14.5,30,2440,1,0,2402.5,3,35.0,37.83,783.09,910.81,272.1,233.94,0.5808,135.88,320.88,315.66,98.06,5.22,103.29,14.18,18.03,0.0,1.46,40.04,750.97,0.0,0.0,0.0,4.44,107.73,0.5876
2019-07-07 14:30:00,188,14.5,31,2620,1,0,2402.5,3,35.0,33.15,81.72,910.81,272.1,24.41,0.5763,14.07,320.88,315.66,10.35,5.22,15.57,14.18,16.86,0.0,1.46,40.04,750.97,0.0,0.0,0.0,4.44,20.01,0.1092
2019-07-07 14:30:00,188,14.5,32,2576,1,0,2402.5,3,35.0,34.3,94.97,910.81,272.1,28.37,0.5774,16.38,320.88,315.66,11.99,5.22,17.22,14.18,17.14,0.0,1.46,40.04,750.97,0.0,0.0,0.0,4.44,21.66,0.1181
2019-07-07 14:30:00,188,14.5,33,2576,1,0,2402.5,3,35.0,34.3,973.51,910.81,272.1,290.83,0.5774,167.92,320.88,315.66,122.91,5.22,128.14,14.18,17.14,0.0,1.46,40.04,750.97,0.0,0.0,0.0,4.44,132.58,0.7232
2019-07-07 14:30:00,188,14.5,34,2576,1,0,2402.5,3,35.0,34.3,917.76,910.81,272.1,274.18,0.5774,158.3,320.88,315.66,115.87,5.22,121.1,14.18,17.14,0.0,1.46,40.04,750.97,0.0,0.0,0.0,4.44,125.54,0.6848
2019-07-07 14:30:00,188,14.5,35,2556,1,0,2402.5,3,35.0,34.82,831.29,910.81,272.1,248.34,0.5779,143.51,320.88,315.66,104.83,5.22,110.06,14.18,17.27,0.0,1.46,40.04,750.97,0.0,0.0,0.0,4.44,114.5,0.6245
2019-07-07 14:30:00,188,14.5,36,2533,1,0,2402.5,3,35.0,35.42,870.34,910.81,272.1,260.01,0.5785,150.41,320.88,315.66,109.6,5.22,114.83,14.18,17.42,0.0,1.46,40.04,750.97,0.0,0.0,0.0,4.44,119.27,0.6506
2019-07-07 14:30:00,188,14.5,37,2532,1,0,2402.5,3,35.0,35.44,900.43,910.81,272.1,269.0,0.5785,155.61,320.88,315.66,113.39,5.22,118.61,14.18,17.43,0.0,1.46,40.04,750.97,0.0,0.0,0.0,4.44,123.06,0.6712
2019-07-07 14:30:00,188,14.5,38,2534,1,0,2402.5,3,35.0,35.39,860.78,910.81,272.1,257.16,0.5784,148.75,320.88,315.66,108.41,5.22,113.63,14.18,17.41,0.0,1.46,40.04,750.97,0.0,0.0,0.0,4.44,118.08,0.6441
2019-07-07 14:30:00,188,14.5,39,2534,1,0,2402.5,3,35.0,35.39,782.95,910.81,272.1,233.9,0.5784,135.3,320.88,315.66,98.6,5.22,103.83,14.18,17.41,0.0,1.46,40.04,750.97,0.0,0.0,0.0,4.44,108.27,0.5906
2019-07-07 14:30:00,188,14.5,40,2515,1,0,2402.5,3,35.0,35.88,674.89,910.81,272.1,201.62,0.5789,116.72,320.88,315.66,84.9,5.22,90.12,14.18,17.54,0.0,1.46,40.04,750.97,0.0,0.0,0.0,4.44,94.57,0.5158
2019-07-07 14:30:00,188,14.5,41,2487,1,0,2402.5,3,35.0,36.61,716.13,910.81,272.1,213.94,0.5796,124.01,320.88,315.66,89.93,5.22,95.16,14.18,17.72,0.0,1.46,40.04,750.97,0.0,0.0,0.0,4.44,99.6,0.5433
2019-07-07 14:30:00,188,14.5,42,2487,1,0,2402.5,3,35.0,36.61,732.63,910.81,272.1,218.87,0.5796,126.86,320.88,315.66,92.01,5.22,97.23,14.18,17.72,0.0,1.46,40.04,750.97,0.0,0.0,0.0,4.44,101.68,0.5546
2019-07-07 14:30:00,188,14.5,43,2464,1,0,2402.5,3,35.0,37.21,754.13,910.81,272.1,225.29,0.5802,130.72,320.88,315.66,94.58,5.22,99.8,14.18,17.87,0.0,1.46,40.04,750.97,0.0,0.0,0.0,4.44,104.24,0.5686
2019-07-07 14:30:00,188,14.5,44,2555,1,0,2402.5,3,35.0,34.84,96.9,910.81,272.1,28.95,0.5779,16.73,320.88,315.66,12.22,5.22,17.44,14.18,17.28,0.0,1.46,40.04,750.97,0.0,0.0,0.0,4.44,21.89,0.1194
2019-07-07 14:30:00,188,14.5,45,2555,1,0,2402.5,3,35.0,34.84,919.73,910.81,272.1,274.77,0.5779,158.79,320.88,315.66,115.98,5.22,121.2,14.18,17.28,0.0,1.46,40.04,750.97,0.0,0.0,0.0,4.44,125.65,0.6853
2019-07-07 14:30:00,188,14.5,46,2555,1,0,2402.5,3,35.0,34.84,861.88,910.81,272.1,257.48,0.5779,148.8,320.88,315.66,108.68,5.22,113.91,14.18,17.28,0.0,1.46,40.04,750.97,0.0,0.0,0.0,4.44,118.35,0.6456
2019-07-07 14:30:00,188,14.5,47,2530,1,0,2402.5,3,35.0,35.49,804.68,910.81,272.1,240.4,0.5785,139.08,320.88,315.66,101.32,5.22,106.54,14.18,17.44,0.0,1.46,40.04,750.97,0.0,0.0,0.0,4.44,110.99,0.6054
2019-07-07 14:30:00,188,14.5,48,2510,1,0,2402.5,3,35.0,36.01,878.59,910.81,272.1,262.48,0.579,151.99,320.88,315.66,110.49,5.22,115.72,14.18,17.57,0.0,1.46,40.04,750.97,0.0,0.0,0.0,4.44,120.16,0.6554
2019-07-07 14:30:00,188,14.5,49,2534,1,0,2402.5,3,35.0,35.39,760.12,910.81,272.1,227.08,0.5784,131.35,320.88,315.66,95.73,5.22,100.95,14.18,17.41,0.0,1.46,40.04,750.97,0.0,0.0,0.0,4.44,105.4,0.5749
2019-07-07 14:30:00,188,14.5,50,2531,1,0,2402.5,3,35.0,35.47,96.66,910.81,272.1,28.88,0.5785,16.71,320.88,315.66,12.17,5.22,17.4,14.18,17.43,0.0,1.46,40.04,750.97,0.0,0.0,0.0,4.44,21.84,0.1191
2019-07-07 14:30:00,188,14.5,51,2531,1,0,2402.5,3,35.0,35.47,867.38,910.81,272.1,259.13,0.5785,149.91,320.88,315.66,109.22,5.22,114.44,14.18,17.43,0.0,1.46,40.04,750.97,0.0,0.0,0.0,4.44,118.89,0.6485
2019-07-07 14:30:00,188,14.5,52,2531,1,0,2402.5,3,35.0,35.47,803.56,910.81,272.1,240.06,0.5785,138.88,320.88,315.66,101.18,5.22,106.41,14.18,17.43,0.0,1.46,40.04,750.97,0.0,0.0,0.0,4.44,110.85,0.6046
2019-07-07 14:30:00,188,14.5,53,2507,1,0,2402.5,3,35.0,36.09,753.58,910.81,272.1,225.13,0.5791,130.38,320.88,315.66,94.75,5.22,99.98,14.18,17.59,0.0,1.46,40.04,750.97,0.0,0.0,0.0,4.44,104.42,0.5696
2019-07-07 14:30:00,188,14.5,54,2494,1,0,2402.5,3,35.0,36.43,858.84,910.81,272.1,256.58,0.5795,148.67,320.88,315.66,107.9,5.22,113.13,14.18,17.67,0.0,1.46,40.04,750.97,0.0,0.0,0.0,4.44,117.57,0.6413
2019-07-07 14:30:00,188,14.5,55,2531,1,0,2402.5,3,35.0,35.47,870.12,910.81,272.1,259.94,0.5785,150.38,320.88,315.66,109.56,5.22,114.79,14.18,17.43,0.0,1.46,40.04,750.97,0.0,0.0,0.0,4.44,119.23,0.6504
2019-07-07 14:30:00,188,14.5,56,2531,1,0,2402.5,3,35.0,35.47,807.77,910.81,272.1,241.32,0.5785,139.6,320.88,315.66,101.71,5.22,106.94,14.18,17.43,0.0,1.46,40.04,750.97,0.0,0.0,0.0,4.44,111.38,0.6075
2019-07-07 14:30:00,188,14.5,57,2507,1,0,2402.5,3,35.0,36.09,765.2,910.81,272.1,228.6,0.5791,132.39,320.88,315.66,96.21,5.22,101.44,14.18,17.59,0.0,1.46,40.04,750.97,0.0,0.0,0.0,4.44,105.88,0.5775
2019-07-07 14:30:00,188,14.5,58,2494,1,0,2402.5,3,35.0,36.43,898.21,910.81,272.1,268.34,0.5795,155.49,320.88,315.66,112.85,5.22,118.07,14.18,17.67,0.0,1.46,40.04,750.97,0.0,0.0,0.0,4.44,122.52,0.6683
2019-07-07 14:30:00,188,14.5,59,2506,1,0,2402.5,3,35.0,36.12,869.53,910.81,272.1,259.77,0.5791,150.44,320.88,315.66,109.32,5.22,114.55,14.18,17.6,0.0,1.46,40.04,750.97,0.0,0.0,0.0,4.44,118.99,0.6491
2019-07-07 14:30:00,188,14.5,60,2506,1,0,2402.5,3,35.0,36.12,811.42,910.81,272.1,242.41,0.5791,140.39,320.88,315.66,102.02,5.22,107.24,14.18,17.6,0.0,1.46,40.04,750.97,0.0,0.0,0.0,4.44,111.69,0.6092
2019-07-07 14:30:00,188,14.5,61,2485,1,0,2402.5,3,35.0,36.66,763.79,910.81,272.1,228.18,0.5797,132.27,320.88,315.66,95.91,5.22,101.13,14.18,17.73,0.0,1.46,40.04,750.97,0.0,0.0,0.0,4.44,105.58,0.5759
2019-07-07 14:30:00,188,14.5,62,2469,1,0,2402.5,3,35.0,37.08,927.59,910.81,272.1,277.11,0.5801,160.75,320.88,315.66,116.36,5.22,121.59,14.18,17.84,0.0,1.46,40.04,750.97,0.0,0.0,0.0,4.44,126.03,0.6875
2019-07-07 14:30:00,188,14.5,63,2506,1,0,2402.5,3,35.0,36.12,94.57,910.81,272.1,28.25,0.5791,16.36,320.88,315.66,11.89,5.22,17.11,14.18,17.6,0.0,1.46,40.04,750.97,0.0,0.0,0.0,4.44,21.56,0.1176
2019-07-07 14:30:00,188,14.5,64,2506,1,0,2402.5,3,35.0,36.12,846.96,910.81,272.1,253.03,0.5791,146.54,320.88,315.66,106.49,5.22,111.71,14.18,17.6,0.0,1.46,40.04,750.97,0.0,0.0,0.0,4.44,116.16,0.6336
2019-07-07 14:30:00,188,14.5,65,2506,1,0,2402.5,3,35.0,36.12,792.39,910.81,272.1,236.72,0.5791,137.1,320.88,315.66,99.63,5.22,104.85,14.18,17.6,0.0,1.46,40.04,750.97,0.0,0.0,0.0,4.44,109.29,0.5962
2019-07-07 14:30:00,188,14.5,66,2485,1,0,2402.5,3,35.0,36.66,711.84,910.81,272.1,212.66,0.5797,123.27,320.88,315.66,89.39,5.22,94.61,14.18,17.73,0.0,1.46,40.04,750.97,0.0,0.0,0.0,4.44,99.05,0.5403
2019-07-07 14:30:00,188,14.5,67,2455,1,0,2402.5,3,35.0,37.44,857.18,910.81,272.1,256.08,0.5804,148.64,320.88,315.66,107.44,5.22,112.67,14.18,17.93,0.0,1.46,40.04,750.97,0.0,0.0,0.0,4.44,117.11,0.6388
2019-07-07 14:30:00,188,14.5,68,2489,1,0,2402.5,3,35.0,36.56,93.37,910.81,272.1,27.89,0.5796,16.17,320.88,315.66,11.73,5.22,16.95,14.18,17.71,0.0,1.46,40.04,750.97,0.0,0.0,0.0,4.44,21.4,0.1167
2019-07-07 14:30:00,188,14.5,69,2489,1,0,2402.5,3,35.0,36.56,858.07,910.81,272.1,256.34,0.5796,148.57,320.88,315.66,107.77,5.22,113.0,14.18,17.71,0.0,1.46,40.04,750.97,0.0,0.0,0.0,4.44,117.44,0.6406
2019-07-07 14:30:00,188,14.5,70,2489,1,0,2402.5,3,35.0,36.56,816.25,910.81,272.1,243.85,0.5796,141.33,320.88,315.66,102.52,5.22,107.75,14.18,17.71,0.0,1.46,40.04,750.97,0.0,0.0,0.0,4.44,112.19,0.6119
2019-07-07 14:30:00,188,14.5,71,2477,1,0,2402.5,3,35.0,36.87,738.58,910.81,272.1,220.65,0.5799,127.95,320.88,315.66,92.7,5.22,97.92,14.18,17.79,0.0,1.46,40.04,750.97,0.0,0.0,0.0,4.44,102.37,0.5584
2019-07-07 14:30:00,188,14.5,72,2455,1,0,2402.5,3,35.0,37.44,844.71,910.81,272.1,252.35,0.5804,146.48,320.88,315.66,105.88,5.22,111.1,14.18,17.93,0.0,1.46,40.04,750.97,0.0,0.0,0.0,4.44,115.55,0.6303
2019-07-07 14:30:00,188,14.5,73,2485,1,0,2402.5,3,35.0,36.66,91.84,910.81,272.1,27.44,0.5797,15.9,320.88,315.66,11.53,5.22,16.76,14.18,17.73,0.0,1.46,40.04,750.97,0.0,0.0,0.0,4.44,21.2,0.1156
2019-07-07 14:30:00,188,14.5,74,2485,1,0,2402.5,3,35.0,36.66,828.53,910.81,272.1,247.52,0.5797,143.48,320.88,315.66,104.04,5.22,109.26,14.18,17.73,0.0,1.46,40.04,750.97,0.0,0.0,0.0,4.44,113.71,0.6202
2019-07-07 14:30:00,188,14.5,75,2485,1,0,2402.5,3,35.0,36.66,790.71,910.81,272.1,236.22,0.5797,136.93,320.88,315.66,99.29,5.22,104.51,14.18,17.73,0.0,1.46,40.04,750.97,0.0,0.0,0.0,4.44,108.96,0.5943
2019-07-07 14:30:00,188,14.5,76,2466,1,0,2402.5,3,35.0,37.16,751.03,910.81,272.1,224.37,0.5802,130.17,320.88,315.66,94.2,5.22,99.42,14.18,17.86,0.0,1.46,40.04,750.97,0.0,0.0,0.0,4.44,103.87,0.5665
2019-07-07 14:30:00,188,14.5,77,2445,1,0,2402.5,3,35.0,37.7,906.91,910.81,272.1,270.94,0.5807,157.33,320.88,315.66,113.61,5.22,118.83,14.18,17.99,0.0,1.46,40.04,750.97,0.0,0.0,0.0,4.44,123.27,0.6724
2019-07-07 14:30:00,188,14.5,78,2478,1,0,2402.5,3,35.0,36.85,828.38,910.81,272.1,247.47,0.5799,143.5,320.88,315.66,103.97,5.22,109.2,14.18,17.78,0.0,1.46,40.04,750.97,0.0,0.0,0.0,4.44,113.64,0.6199
2019-07-07 14:30:00,188,14.5,79,2478,1,0,2402.5,3,35.0,36.85,766.7,910.81,272.1,229.05,0.5799,132.82,320.88,315.66,96.23,5.22,101.46,14.18,17.78,0.0,1.46,40.04,750.97,0.0,0.0,0.0,4.44,105.9,0.5776
2019-07-07 14:30:00,188,14.5,80,2449,1,0,2402.5,3,35.0,37.6,702.55,910.81,272.1,209.88,0.5806,121.86,320.88,315.66,88.03,5.22,93.25,14.18,17.97,0.0,1.46,40.04,750.97,0.0,0.0,0.0,4.44,97.7,0.5329
2019-07-07 14:30:00,188,14.5,81,2412,1,0,2402.5,3,35.0,38.56,898.32,910.81,272.1,268.37,0.5815,156.06,320.88,315.66,112.3,5.22,117.53,14.18,18.21,0.0,1.46,40.04,750.97,0.0,0.0,0.0,4.44,121.97,0.6653
2019-07-07 14:30:00,188,14.5,82,2443,1,0,2402.5,3,35.0,37.76,1029.53,910.81,272.1,307.57,0.5807,178.62,320.88,315.66,128.95,5.22,134.17,14.18,18.01,0.0,1.46,40.04,750.97,0.0,0.0,0.0,4.44,138.62,0.7561
2019-07-07 14:30:00,188,14.5,83,2474,1,0,2402.5,3,35.0,36.95,799.78,910.81,272.1,238.93,0.58,138.57,320.88,315.66,100.36,5.22,105.59,14.18,17.8,0.0,1.46,40.04,750.97,0.0,0.0,0.0,4.44,110.03,0.6002
2019-07-07 14:30:00,188,14.5,84,2474,1,0,2402.5,3,35.0,36.95,711.39,910.81,272.1,212.53,0.58,123.26,320.88,315.66,89.27,5.22,94.49,14.18,17.8,0.0,1.46,40.04,750.97,0.0,0.0,0.0,4.44,98.94,0.5397
2019-07-07 14:30:00,188,14.5,85,2436,1,0,2402.5,3,35.0,37.94,619.61,910.81,272.1,185.11,0.5809,107.53,320.88,315.66,77.57,5.22,82.8,14.18,18.05,0.0,1.46,40.04,750.97,0.0,0.0,0.0,4.44,87.24,0.4759
2019-07-07 14:30:00,188,14.5,86,2397,0,0,2402.5,3,35.0,38.95,839.35,910.81,272.1,250.75,0.2445,61.3,320.88,315.66,189.45,5.22,194.68,14.18,18.3,0.0,1.46,40.04,750.97,0.0,0.0,0.0,24.44,219.12,1.1774
2019-07-07 14:30:00,188,14.5,87,2415,1,0,2402.5,3,35.0,38.48,976.14,910.81,272.1,291.62,0.5815,169.56,320.88,315.66,122.06,5.22,127.28,14.18,18.19,0.0,1.46,40.04,750.97,0.0,0.0,0.0,4.44,131.73,0.7185
2019-07-07 14:30:00,188,14.5,88,2476,1,0,2402.5,3,35.0,36.9,606.04,910.81,272.1,181.05,0.5799,104.99,320.88,315.66,76.06,5.22,81.28,14.18,17.79,0.0,1.46,40.04,750.97,0.0,0.0,0.0,4.44,85.73,0.4676
2019-07-07 14:30:00,188,14.5,89,2428,1,0,2402.5,3,35.0,38.15,522.49,910.81,272.1,156.09,0.5811,90.71,320.88,315.66,65.38,5.22,70.61,14.18,18.1,0.0,1.46,40.04,750.97,0.0,0.0,0.0,4.44,75.05,0.4094
2019-07-07 14:30:00,188,14.5,90,2377,0,0,2402.5,3,35.0,39.47,751.28,910.81,272.1,224.44,0.245,54.98,320.88,315.66,169.46,5.22,174.68,14.18,18.43,0.0,1.46,40.04,750.97,0.0,0.0,0.0,24.44,199.13,1.0699
2019-07-07 14:30:00,188,14.5,91,2378,0,0,2402.5,3,35.0,39.45,927.17,910.81,272.1,276.99,0.2449,67.85,320.88,315.66,209.14,5.22,214.37,14.18,18.43,0.0,1.46,40.04,750.97,0.0,0.0,0.0,24.44,238.81,1.2832
2019-07-07 14:30:00,188,14.5,92,2496,1,0,2402.5,3,35.0,36.38,370.48,910.81,272.1,110.68,0.5794,64.13,320.88,315.66,46.55,5.22,51.78,14.18,17.66,0.0,1.46,40.04,750.97,0.0,0.0,0.0,4.44,56.22,0.3067
2019-07-07 14:30:00,188,14.5,93,2423,1,0,2402.5,3,35.0,38.28,570.57,910.81,272.1,170.46,0.5813,99.08,320.88,315.66,71.38,5.22,76.6,14.18,18.14,0.0,1.46,40.04,750.97,0.0,0.0,0.0,4.44,81.05,0.4421
2019-07-07 14:30:00,188,14.5,95,2372,0,0,2402.5,3,35.0,39.6,618.63,910.81,272.1,184.81,0.2451,45.3,320.88,315.66,139.52,5.22,144.74,14.18,18.47,0.0,1.46,40.04,750.97,0.0,0.0,0.0,24.44,169.19,0.9091
2019-07-07 14:30:00,188,14.5,97,2358,0,0,2402.5,3,35.0,39.97,842.85,910.81,272.1,251.8,0.2454,61.8,320.88,315.66,189.99,5.22,195.22,14.18,18.56,0.0,1.46,40.04,750.97,0.0,0.0,0.0,24.44,219.66,1.1803
2019-07-07 14:30:00,188,14.5,98,2554,1,0,2402.5,3,35.0,34.87,301.32,910.81,272.1,90.02,0.5779,52.02,320.88,315.66,37.99,5.22,43.22,14.18,17.28,0.0,1.46,40.04,750.97,0.0,0.0,0.0,4.44,47.66,0.26
2019-07-07 14:30:00,188,14.5,99,2451,1,0,2402.5,3,35.0,37.55,703.79,910.81,272.1,210.26,0.5805,122.06,320.88,315.66,88.19,5.22,93.42,14.18,17.95,0.0,1.46,40.04,750.97,0.0,0.0,0.0,4.44,97.86,0.5338
2019-07-07 14:30:00,188,14.5,100,2361,0,0,2402.5,3,35.0,39.89,92.56,910.81,272.1,27.65,0.2454,6.78,320.88,315.66,20.87,5.22,26.09,14.18,18.54,0.0,1.46,40.04,750.97,0.0,0.0,0.0,24.44,50.54,0.2715
2019-07-07 15:00:00,188,15.0,94,2563,1,0,2402.5,3,35.0,34.64,904.4,887.7,224.9,229.13,0.5777,132.37,327.98,315.66,96.76,12.32,109.08,13.87,17.23,0.0,1.03,41.85,750.91,0.0,0.0,0.0,4.44,113.52,0.6192
2019-07-07 15:00:00,188,15.0,96,2549,1,0,2402.5,3,35.0,35.0,887.7,887.7,224.9,224.9,0.5781,130.0,327.98,315.66,94.9,12.32,107.21,13.87,17.32,0.0,1.03,41.85,750.91,0.0,0.0,0.0,4.44,111.66,0.609
2019-07-07 15:00:00,188,15.0,1,2612,1,0,2402.5,3,35.0,33.36,904.25,887.7,224.9,229.09,0.5765,132.06,327.98,315.66,97.03,12.32,109.35,13.87,16.91,0.0,1.03,41.85,750.91,0.0,0.0,0.0,4.44,113.79,0.6207
2019-07-07 15:00:00,188,15.0,2,2612,1,0,2402.5,3,35.0,33.36,935.71,887.7,224.9,237.06,0.5765,136.66,327.98,315.66,100.41,12.32,112.72,13.87,16.91,0.0,1.03,41.85,750.91,0.0,0.0,0.0,4.44,117.17,0.6391
2019-07-07 15:00:00,188,15.0,3,2610,1,0,2402.5,3,35.0,33.41,855.01,887.7,224.9,216.62,0.5765,124.88,327.98,315.66,91.74,12.32,104.05,13.87,16.92,0.0,1.03,41.85,750.91,0.0,0.0,0.0,4.44,108.5,0.5918
2019-07-07 15:00:00,188,15.0,4,2583,1,0,2402.5,3,35.0,34.12,876.26,887.7,224.9,222.0,0.5772,128.14,327.98,315.66,93.86,12.32,106.18,13.87,17.1,0.0,1.03,41.85,750.91,0.0,0.0,0.0,4.44,110.63,0.6034
2019-07-07 15:00:00,188,15.0,5,2583,1,0,2402.5,3,35.0,34.12,826.05,887.7,224.9,209.28,0.5772,120.8,327.98,315.66,88.48,12.32,100.8,13.87,17.1,0.0,1.03,41.85,750.91,0.0,0.0,0.0,4.44,105.25,0.5741
2019-07-07 15:00:00,188,15.0,6,2546,1,0,2402.5,3,35.0,35.08,811.04,887.7,224.9,205.48,0.5781,118.79,327.98,315.66,86.68,12.32,99.0,13.87,17.34,0.0,1.03,41.85,750.91,0.0,0.0,0.0,4.44,103.45,0.5643
2019-07-07 15:00:00,188,15.0,7,2546,1,0,2402.5,3,35.0,35.08,780.96,887.7,224.9,197.86,0.5781,114.39,327.98,315.66,83.47,12.32,95.79,13.87,17.34,0.0,1.03,41.85,750.91,0.0,0.0,0.0,4.44,100.23,0.5467
2019-07-07 15:00:00,188,15.0,8,2639,1,0,2402.5,3,35.0,32.66,907.54,887.7,224.9,229.92,0.5758,132.38,327.98,315.66,97.54,12.32,109.86,13.87,16.73,0.0,1.03,41.85,750.91,0.0,0.0,0.0,4.44,114.3,0.6235
2019-07-07 15:00:00,188,15.0,9,2610,1,0,2402.5,3,35.0,33.41,876.94,887.7,224.9,222.17,0.5765,128.09,327.98,315.66,94.09,12.32,106.41,13.87,16.92,0.0,1.03,41.85,750.91,0.0,0.0,0.0,4.44,110.85,0.6046
2019-07-07 15:00:00,188,15.0,10,2579,1,0,2402.5,3,35.0,34.22,892.43,887.7,224.9,226.1,0.5773,130.52,327.98,315.66,95.57,12.32,107.89,13.87,17.12,0.0,1.03,41.85,750.91,0.0,0.0,0.0,4.44,112.34,0.6127
2019-07-07 15:00:00,188,15.0,11,2579,1,0,2402.5,3,35.0,34.22,896.39,887.7,224.9,227.1,0.5773,131.1,327.98,315.66,96.0,12.32,108.32,13.87,17.12,0.0,1.03,41.85,750.91,0.0,0.0,0.0,4.44,112.76,0.6151
2019-07-07 15:00:00,188,15.0,12,2546,1,0,2402.5,3,35.0,35.08,866.87,887.7,224.9,219.62,0.5781,126.97,327.98,315.66,92.65,12.32,104.97,13.87,17.34,0.0,1.03,41.85,750.91,0.0,0.0,0.0,4.44,109.42,0.5968
2019-07-07 15:00:00,188,15.0,13,2530,1,0,2402.5,3,35.0,35.49,927.91,887.7,224.9,235.09,0.5785,136.01,327.98,315.66,99.08,12.32,111.4,13.87,17.44,0.0,1.03,41.85,750.91,0.0,0.0,0.0,4.44,115.84,0.6319
2019-07-07 15:00:00,188,15.0,14,2530,1,0,2402.5,3,35.0,35.49,889.5,887.7,224.9,225.35,0.5785,130.38,327.98,315.66,94.98,12.32,107.3,13.87,17.44,0.0,1.03,41.85,750.91,0.0,0.0,0.0,4.44,111.74,0.6095
2019-07-07 15:00:00,188,15.0,15,2494,1,0,2402.5,3,35.0,36.43,876.66,887.7,224.9,222.1,0.5795,128.7,327.98,315.66,93.41,12.32,105.72,13.87,17.67,0.0,1.03,41.85,750.91,0.0,0.0,0.0,4.44,110.17,0.6009
2019-07-07 15:00:00,188,15.0,16,2494,1,0,2402.5,3,35.0,36.43,867.9,887.7,224.9,219.88,0.5795,127.41,327.98,315.66,92.47,12.32,104.79,13.87,17.67,0.0,1.03,41.85,750.91,0.0,0.0,0.0,4.44,109.24,0.5958
2019-07-07 15:00:00,188,15.0,17,2462,1,0,2402.5,3,35.0,37.26,878.08,887.7,224.9,222.46,0.5803,129.09,327.98,315.66,93.38,12.32,105.7,13.87,17.88,0.0,1.03,41.85,750.91,0.0,0.0,0.0,4.44,110.14,0.6008
2019-07-07 15:00:00,188,15.0,18,2630,1,0,2402.5,3,35.0,32.89,956.02,887.7,224.9,242.21,0.576,139.51,327.98,315.66,102.7,12.32,115.01,13.87,16.79,0.0,1.03,41.85,750.91,0.0,0.0,0.0,4.44,119.46,0.6516
2019-07-07 15:00:00,188,15.0,19,2630,1,0,2402.5,3,35.0,32.89,939.47,887.7,224.9,238.01,0.576,137.1,327.98,315.66,100.92,12.32,113.24,13.87,16.79,0.0,1.03,41.85,750.91,0.0,0.0,0.0,4.44,117.68,0.6419
2019-07-07 15:00:00,188,15.0,20,2604,1,0,2402.5,3,35.0,33.57,885.69,887.7,224.9,224.39,0.5767,129.4,327.98,315.66,94.99,12.32,107.31,13.87,16.96,0.0,1.03,41.85,750.91,0.0,0.0,0.0,4.44,111.76,0.6096
2019-07-07 15:00:00,188,15.0,21,2563,1,0,2402.5,3,35.0,34.64,904.4,887.7,224.9,229.13,0.5777,132.37,327.98,315.66,96.76,12.32,109.08,13.87,17.23,0.0,1.03,41.85,750.91,0.0,0.0,0.0,4.44,113.52,0.6192
2019-07-07 15:00:00,188,15.0,22,2556,1,0,2402.5,3,35.0,34.82,915.24,887.7,224.9,231.88,0.5779,134.0,327.98,315.66,97.88,12.32,110.2,13.87,17.27,0.0,1.03,41.85,750.91,0.0,0.0,0.0,4.44,114.64,0.6253
2019-07-07 15:00:00,188,15.0,23,2549,1,0,2402.5,3,35.0,35.0,887.7,887.7,224.9,224.9,0.5781,130.0,327.98,315.66,94.9,12.32,107.21,13.87,17.32,0.0,1.03,41.85,750.91,0.0,0.0,0.0,4.44,111.66,0.609
2019-07-07 15:00:00,188,15.0,24,2549,1,0,2402.5,3,35.0,35.0,823.01,887.7,224.9,208.51,0.5781,120.53,327.98,315.66,87.98,12.32,100.3,13.87,17.32,0.0,1.03,41.85,750.91,0.0,0.0,0.0,4.44,104.74,0.5713
2019-07-07 15:00:00,188,15.0,25,2524,1,0,2402.5,3,35.0,35.65,754.48,887.7,224.9,191.15,0.5787,110.62,327.98,315.66,80.53,12.32,92.85,13.87,17.48,0.0,1.03,41.85,750.91,0.0,0.0,0.0,4.44,97.3,0.5307
2019-07-07 15:00:00,188,15.0,26,2502,1,0,2402.5,3,35.0,36.22,825.97,887.7,224.9,209.26,0.5792,121.21,327.98,315.66,88.05,12.32,100.37,13.87,17.62,0.0,1.03,41.85,750.91,0.0,0.0,0.0,4.44,104.81,0.5717
2019-07-07 15:00:00,188,15.0,27,2502,1,0,2402.5,3,35.0,36.22,812.69,887.7,224.9,205.9,0.5792,119.26,327.98,315.66,86.63,12.32,98.95,13.87,17.62,0.0,1.03,41.85,750.91,0.0,0.0,0.0,4.44,103.39,0.564
2019-07-07 15:00:00,188,15.0,28,2477,1,0,2402.5,3,35.0,36.87,792.9,887.7,224.9,200.88,0.5799,116.49,327.98,315.66,84.39,12.32,96.71,13.87,17.79,0.0,1.03,41.85,750.91,0.0,0.0,0.0,4.44,101.16,0.5518
2019-07-07 15:00:00,188,15.0,29,2477,1,0,2402.5,3,35.0,36.87,762.58,887.7,224.9,193.2,0.5799,112.03,327.98,315.66,81.17,12.32,93.49,13.87,17.79,0.0,1.03,41.85,750.91,0.0,0.0,0.0,4.44,97.93,0.5342
2019-07-07 15:00:00,188,15.0,30,2440,1,0,2402.5,3,35.0,37.83,747.9,887.7,224.9,189.48,0.5808,110.05,327.98,315.66,79.43,12.32,91.75,13.87,18.03,0.0,1.03,41.85,750.91,0.0,0.0,0.0,4.44,96.19,0.5247
2019-07-07 15:00:00,188,15.0,31,2620,1,0,2402.5,3,35.0,33.15,80.1,887.7,224.9,20.29,0.5763,11.69,327.98,315.66,8.6,12.32,20.92,13.87,16.86,0.0,1.03,41.85,750.91,0.0,0.0,0.0,4.44,25.36,0.1383
2019-07-07 15:00:00,188,15.0,32,2576,1,0,2402.5,3,35.0,34.3,93.08,887.7,224.9,23.58,0.5774,13.62,327.98,315.66,9.97,12.32,22.29,13.87,17.14,0.0,1.03,41.85,750.91,0.0,0.0,0.0,4.44,26.73,0.1458
2019-07-07 15:00:00,188,15.0,33,2576,1,0,2402.5,3,35.0,34.3,956.73,887.7,224.9,242.39,0.5774,139.95,327.98,315.66,102.44,12.32,114.76,13.87,17.14,0.0,1.03,41.85,750.91,0.0,0.0,0.0,4.44,119.2,0.6502
2019-07-07 15:00:00,188,15.0,34,2576,1,0,2402.5,3,35.0,34.3,909.66,887.7,224.9,230.46,0.5774,133.06,327.98,315.66,97.4,12.32,109.72,13.87,17.14,0.0,1.03,41.85,750.91,0.0,0.0,0.0,4.44,114.16,0.6227
2019-07-07 15:00:00,188,15.0,35,2556,1,0,2402.5,3,35.0,34.82,830.77,887.7,224.9,210.48,0.5779,121.63,327.98,315.66,88.85,12.32,101.17,13.87,17.27,0.0,1.03,41.85,750.91,0.0,0.0,0.0,4.44,105.61,0.5761
2019-07-07 15:00:00,188,15.0,36,2533,1,0,2402.5,3,35.0,35.42,853.54,887.7,224.9,216.24,0.5785,125.09,327.98,315.66,91.16,12.32,103.47,13.87,17.42,0.0,1.03,41.85,750.91,0.0,0.0,0.0,4.44,107.92,0.5886
2019-07-07 15:00:00,188,15.0,37,2532,1,0,2402.5,3,35.0,35.44,861.98,887.7,224.9,218.38,0.5785,126.33,327.98,315.66,92.05,12.32,104.37,13.87,17.43,0.0,1.03,41.85,750.91,0.0,0.0,0.0,4.44,108.81,0.5935
2019-07-07 15:00:00,188,15.0,38,2534,1,0,2402.5,3,35.0,35.39,815.34,887.7,224.9,206.57,0.5784,119.49,327.98,315.66,87.08,12.32,99.4,13.87,17.41,0.0,1.03,41.85,750.91,0.0,0.0,0.0,4.44,103.84,0.5664
2019-07-07 15:00:00,188,15.0,39,2534,1,0,2402.5,3,35.0,35.39,740.05,887.7,224.9,187.49,0.5784,108.45,327.98,315.66,79.04,12.32,91.36,13.87,17.41,0.0,1.03,41.85,750.91,0.0,0.0,0.0,4.44,95.8,0.5226
2019-07-07 15:00:00,188,15.0,40,2515,1,0,2402.5,3,35.0,35.88,639.3,887.7,224.9,161.97,0.5789,93.77,327.98,315.66,68.2,12.32,80.52,13.87,17.54,0.0,1.03,41.85,750.91,0.0,0.0,0.0,4.44,84.96,0.4634
2019-07-07 15:00:00,188,15.0,41,2487,1,0,2402.5,3,35.0,36.61,672.48,887.7,224.9,170.37,0.5796,98.75,327.98,315.66,71.62,12.32,83.94,13.87,17.72,0.0,1.03,41.85,750.91,0.0,0.0,0.0,4.44,88.38,0.4821
2019-07-07 15:00:00,188,15.0,42,2487,1,0,2402.5,3,35.0,36.61,691.86,887.7,224.9,175.28,0.5796,101.6,327.98,315.66,73.68,12.32,86.0,13.87,17.72,0.0,1.03,41.85,750.91,0.0,0.0,0.0,4.44,90.45,0.4933
2019-07-07 15:00:00,188,15.0,43,2464,1,0,2402.5,3,35.0,37.21,716.79,887.7,224.9,181.6,0.5802,105.37,327.98,315.66,76.23,12.32,88.55,13.87,17.87,0.0,1.03,41.85,750.91,0.0,0.0,0.0,4.44,93.0,0.5073
2019-07-07 15:00:00,188,15.0,44,2555,1,0,2402.5,3,35.0,34.84,94.97,887.7,224.9,24.06,0.5779,13.91,327.98,315.66,10.16,12.32,22.48,13.87,17.28,0.0,1.03,41.85,750.91,0.0,0.0,0.0,4.44,26.92,0.1468
2019-07-07 15:00:00,188,15.0,45,2555,1,0,2402.5,3,35.0,34.84,97.46,887.7,224.9,24.69,0.5779,14.27,327.98,315.66,10.42,12.32,22.74,13.87,17.28,0.0,1.03,41.85,750.91,0.0,0.0,0.0,4.44,27.19,0.1483
2019-07-07 15:00:00,188,15.0,46,2555,1,0,2402.5,3,35.0,34.84,840.42,887.7,224.9,212.92,0.5779,123.05,327.98,315.66,89.87,12.32,102.19,13.87,17.28,0.0,1.03,41.85,750.91,0.0,0.0,0.0,4.44,106.64,0.5817
2019-07-07 15:00:00,188,15.0,47,2530,1,0,2402.5,3,35.0,35.49,790.75,887.7,224.9,200.34,0.5785,115.9,327.98,315.66,84.43,12.32,96.75,13.87,17.44,0.0,1.03,41.85,750.91,0.0,0.0,0.0,4.44,101.2,0.552
2019-07-07 15:00:00,188,15.0,48,2510,1,0,2402.5,3,35.0,36.01,843.84,887.7,224.9,213.79,0.579,123.79,327.98,315.66,89.99,12.32,102.31,13.87,17.57,0.0,1.03,41.85,750.91,0.0,0.0,0.0,4.44,106.76,0.5823
2019-07-07 15:00:00,188,15.0,49,2534,1,0,2402.5,3,35.0,35.39,707.39,887.7,224.9,179.22,0.5784,103.67,327.98,315.66,75.55,12.32,87.87,13.87,17.41,0.0,1.03,41.85,750.91,0.0,0.0,0.0,4.44,92.31,0.5035
2019-07-07 15:00:00,188,15.0,50,2531,1,0,2402.5,3,35.0,35.47,94.74,887.7,224.9,24.0,0.5785,13.89,327.98,315.66,10.12,12.32,22.44,13.87,17.43,0.0,1.03,41.85,750.91,0.0,0.0,0.0,4.44,26.88,0.1466
2019-07-07 15:00:00,188,15.0,51,2531,1,0,2402.5,3,35.0,35.47,99.03,887.7,224.9,25.09,0.5785,14.51,327.98,315.66,10.58,12.32,22.89,13.87,17.43,0.0,1.03,41.85,750.91,0.0,0.0,0.0,4.44,27.34,0.1491
2019-07-07 15:00:00,188,15.0,52,2531,1,0,2402.5,3,35.0,35.47,771.35,887.7,224.9,195.42,0.5785,113.05,327.98,315.66,82.37,12.32,94.69,13.87,17.43,0.0,1.03,41.85,750.91,0.0,0.0,0.0,4.44,99.13,0.5407
2019-07-07 15:00:00,188,15.0,53,2507,1,0,2402.5,3,35.0,36.09,726.61,887.7,224.9,184.09,0.5791,106.61,327.98,315.66,77.48,12.32,89.8,13.87,17.59,0.0,1.03,41.85,750.91,0.0,0.0,0.0,4.44,94.24,0.514
2019-07-07 15:00:00,188,15.0,54,2494,1,0,2402.5,3,35.0,36.43,807.09,887.7,224.9,204.48,0.5795,118.48,327.98,315.66,85.99,12.32,98.31,13.87,17.67,0.0,1.03,41.85,750.91,0.0,0.0,0.0,4.44,102.76,0.5605
2019-07-07 15:00:00,188,15.0,55,2531,1,0,2402.5,3,35.0,35.47,98.98,887.7,224.9,25.08,0.5785,14.51,327.98,315.66,10.57,12.32,22.89,13.87,17.43,0.0,1.03,41.85,750.91,0.0,0.0,0.0,4.44,27.33,0.1491
2019-07-07 15:00:00,188,15.0,56,2531,1,0,2402.5,3,35.0,35.47,775.38,887.7,224.9,196.44,0.5785,113.64,327.98,315.66,82.8,12.32,95.12,13.87,17.43,0.0,1.03,41.85,750.91,0.0,0.0,0.0,4.44,99.56,0.5431
2019-07-07 15:00:00,188,15.0,57,2507,1,0,2402.5,3,35.0,36.09,738.35,887.7,224.9,187.06,0.5791,108.33,327.98,315.66,78.73,12.32,91.05,13.87,17.59,0.0,1.03,41.85,750.91,0.0,0.0,0.0,4.44,95.49,0.5209
2019-07-07 15:00:00,188,15.0,58,2494,1,0,2402.5,3,35.0,36.43,847.37,887.7,224.9,214.68,0.5795,124.4,327.98,315.66,90.28,12.32,102.6,13.87,17.67,0.0,1.03,41.85,750.91,0.0,0.0,0.0,4.44,107.05,0.5839
2019-07-07 15:00:00,188,15.0,59,2506,1,0,2402.5,3,35.0,36.12,98.98,887.7,224.9,25.08,0.5791,14.52,327.98,315.66,10.55,12.32,22.87,13.87,17.6,0.0,1.03,41.85,750.91,0.0,0.0,0.0,4.44,27.32,0.149
2019-07-07 15:00:00,188,15.0,60,2506,1,0,2402.5,3,35.0,36.12,778.39,887.7,224.9,197.21,0.5791,114.21,327.98,315.66,82.99,12.32,95.31,13.87,17.6,0.0,1.03,41.85,750.91,0.0,0.0,0.0,4.44,99.76,0.5441
2019-07-07 15:00:00,188,15.0,61,2485,1,0,2402.5,3,35.0,36.66,740.13,887.7,224.9,187.51,0.5797,108.7,327.98,315.66,78.82,12.32,91.13,13.87,17.73,0.0,1.03,41.85,750.91,0.0,0.0,0.0,4.44,95.58,0.5213
2019-07-07 15:00:00,188,15.0,62,2469,1,0,2402.5,3,35.0,37.08,884.45,887.7,224.9,224.08,0.5801,129.98,327.98,315.66,94.09,12.32,106.41,13.87,17.84,0.0,1.03,41.85,750.91,0.0,0.0,0.0,4.44,110.86,0.6047
2019-07-07 15:00:00,188,15.0,63,2506,1,0,2402.5,3,35.0,36.12,92.69,887.7,224.9,23.48,0.5791,13.6,327.98,315.66,9.88,12.32,22.2,13.87,17.6,0.0,1.03,41.85,750.91,0.0,0.0,0.0,4.44,26.65,0.1453
2019-07-07 15:00:00,188,15.0,64,2506,1,0,2402.5,3,35.0,36.12,99.37,887.7,224.9,25.17,0.5791,14.58,327.98,315.66,10.59,12.32,22.91,13.87,17.6,0.0,1.03,41.85,750.91,0.0,0.0,0.0,4.44,27.36,0.1492
2019-07-07 15:00:00,188,15.0,65,2506,1,0,2402.5,3,35.0,36.12,753.32,887.7,224.9,190.85,0.5791,110.53,327.98,315.66,80.32,12.32,92.64,13.87,17.6,0.0,1.03,41.85,750.91,0.0,0.0,0.0,4.44,97.08,0.5296
2019-07-07 15:00:00,188,15.0,66,2485,1,0,2402.5,3,35.0,36.66,681.98,887.7,224.9,172.78,0.5797,100.16,327.98,315.66,72.62,12.32,84.94,13.87,17.73,0.0,1.03,41.85,750.91,0.0,0.0,0.0,4.44,89.39,0.4876
2019-07-07 15:00:00,188,15.0,67,2455,1,0,2402.5,3,35.0,37.44,807.44,887.7,224.9,204.57,0.5804,118.74,327.98,315.66,85.83,12.32,98.15,13.87,17.93,0.0,1.03,41.85,750.91,0.0,0.0,0.0,4.44,102.59,0.5596
2019-07-07 15:00:00,188,15.0,68,2489,1,0,2402.5,3,35.0,36.56,91.51,887.7,224.9,23.18,0.5796,13.44,327.98,315.66,9.75,12.32,22.07,13.87,17.71,0.0,1.03,41.85,750.91,0.0,0.0,0.0,4.44,26.51,0.1446
2019-07-07 15:00:00,188,15.0,69,2489,1,0,2402.5,3,35.0,36.56,99.19,887.7,224.9,25.13,0.5796,14.56,327.98,315.66,10.56,12.32,22.88,13.87,17.71,0.0,1.03,41.85,750.91,0.0,0.0,0.0,4.44,27.33,0.1491
2019-07-07 15:00:00,188,15.0,70,2489,1,0,2402.5,3,35.0,36.56,778.88,887.7,224.9,197.33,0.5796,114.37,327.98,315.66,82.96,12.32,95.28,13.87,17.71,0.0,1.03,41.85,750.91,0.0,0.0,0.0,4.44,99.73,0.544
2019-07-07 15:00:00,188,15.0,71,2477,1,0,2402.5,3,35.0,36.87,709.86,887.7,224.9,179.84,0.5799,104.29,327.98,315.66,75.56,12.32,87.87,13.87,17.79,0.0,1.03,41.85,750.91,0.0,0.0,0.0,4.44,92.32,0.5036
2019-07-07 15:00:00,188,15.0,72,2455,1,0,2402.5,3,35.0,37.44,795.41,887.7,224.9,201.52,0.5804,116.97,327.98,315.66,84.55,12.32,96.87,13.87,17.93,0.0,1.03,41.85,750.91,0.0,0.0,0.0,4.44,101.31,0.5526
2019-07-07 15:00:00,188,15.0,73,2485,1,0,2402.5,3,35.0,36.66,90.01,887.7,224.9,22.8,0.5797,13.22,327.98,315.66,9.59,12.32,21.9,13.87,17.73,0.0,1.03,41.85,750.91,0.0,0.0,0.0,4.44,26.35,0.1437
2019-07-07 15:00:00,188,15.0,74,2485,1,0,2402.5,3,35.0,36.66,99.56,887.7,224.9,25.22,0.5797,14.62,327.98,315.66,10.6,12.32,22.92,13.87,17.73,0.0,1.03,41.85,750.91,0.0,0.0,0.0,4.44,27.37,0.1493
2019-07-07 15:00:00,188,15.0,75,2485,1,0,2402.5,3,35.0,36.66,752.32,887.7,224.9,190.6,0.5797,110.49,327.98,315.66,80.11,12.32,92.43,13.87,17.73,0.0,1.03,41.85,750.91,0.0,0.0,0.0,4.44,96.88,0.5284
2019-07-07 15:00:00,188,15.0,76,2466,1,0,2402.5,3,35.0,37.16,729.5,887.7,224.9,184.82,0.5802,107.23,327.98,315.66,77.59,12.32,89.91,13.87,17.86,0.0,1.03,41.85,750.91,0.0,0.0,0.0,4.44,94.36,0.5147
2019-07-07 15:00:00,188,15.0,77,2445,1,0,2402.5,3,35.0,37.7,871.4,887.7,224.9,220.77,0.5807,128.2,327.98,315.66,92.57,12.32,104.89,13.87,17.99,0.0,1.03,41.85,750.91,0.0,0.0,0.0,4.44,109.33,0.5964
2019-07-07 15:00:00,188,15.0,78,2478,1,0,2402.5,3,35.0,36.85,99.56,887.7,224.9,25.22,0.5799,14.63,327.98,315.66,10.6,12.32,22.92,13.87,17.78,0.0,1.03,41.85,750.91,0.0,0.0,0.0,4.44,27.36,0.1492
2019-07-07 15:00:00,188,15.0,79,2478,1,0,2402.5,3,35.0,36.85,732.47,887.7,224.9,185.57,0.5799,107.61,327.98,315.66,77.97,12.32,90.29,13.87,17.78,0.0,1.03,41.85,750.91,0.0,0.0,0.0,4.44,94.73,0.5167
2019-07-07 15:00:00,188,15.0,80,2449,1,0,2402.5,3,35.0,37.6,689.19,887.7,224.9,174.61,0.5806,101.38,327.98,315.66,73.23,12.32,85.55,13.87,17.97,0.0,1.03,41.85,750.91,0.0,0.0,0.0,4.44,90.0,0.4909
2019-07-07 15:00:00,188,15.0,81,2412,1,0,2402.5,3,35.0,38.56,869.74,887.7,224.9,220.35,0.5815,128.14,327.98,315.66,92.21,12.32,104.53,13.87,18.21,0.0,1.03,41.85,750.91,0.0,0.0,0.0,4.44,108.97,0.5944
2019-07-07 15:00:00,188,15.0,82,2443,1,0,2402.5,3,35.0,37.76,993.78,887.7,224.9,251.77,0.5807,146.22,327.98,315.66,105.56,12.32,117.88,13.87,18.01,0.0,1.03,41.85,750.91,0.0,0.0,0.0,4.44,122.32,0.6672
2019-07-07 15:00:00,188,15.0,83,2474,1,0,2402.5,3,35.0,36.95,99.71,887.7,224.9,25.26,0.58,14.65,327.98,315.66,10.61,12.32,22.93,13.87,17.8,0.0,1.03,41.85,750.91,0.0,0.0,0.0,4.44,27.37,0.1493
2019-07-07 15:00:00,188,15.0,84,2474,1,0,2402.5,3,35.0,36.95,676.94,887.7,224.9,171.5,0.58,99.46,327.98,315.66,72.04,12.32,84.36,13.87,17.8,0.0,1.03,41.85,750.91,0.0,0.0,0.0,4.44,88.8,0.4844
2019-07-07 15:00:00,188,15.0,85,2436,1,0,2402.5,3,35.0,37.94,608.66,887.7,224.9,154.21,0.5809,89.58,327.98,315.66,64.62,12.32,76.94,13.87,18.05,0.0,1.03,41.85,750.91,0.0,0.0,0.0,4.44,81.39,0.4439
2019-07-07 15:00:00,188,15.0,86,2397,0,0,2402.5,3,35.0,38.95,814.81,887.7,224.9,206.43,0.2445,50.46,327.98,315.66,155.97,12.32,168.29,13.87,18.3,0.0,1.03,41.85,750.91,0.0,0.0,0.0,24.44,192.73,1.0356
2019-07-07 15:00:00,188,15.0,87,2415,1,0,2402.5,3,35.0,38.48,944.15,887.7,224.9,239.2,0.5815,139.08,327.98,315.66,100.12,12.32,112.44,13.87,18.19,0.0,1.03,41.85,750.91,0.0,0.0,0.0,4.44,116.88,0.6375
2019-07-07 15:00:00,188,15.0,88,2476,1,0,2402.5,3,35.0,36.9,568.19,887.7,224.9,143.95,0.5799,83.48,327.98,315.66,60.47,12.32,72.79,13.87,17.79,0.0,1.03,41.85,750.91,0.0,0.0,0.0,4.44,77.24,0.4213
2019-07-07 15:00:00,188,15.0,89,2428,1,0,2402.5,3,35.0,38.15,513.73,887.7,224.9,130.15,0.5811,75.63,327.98,315.66,54.52,12.32,66.84,13.87,18.1,0.0,1.03,41.85,750.91,0.0,0.0,0.0,4.44,71.28,0.3888
2019-07-07 15:00:00,188,15.0,90,2377,0,0,2402.5,3,35.0,39.47,731.55,887.7,224.9,185.34,0.245,45.4,327.98,315.66,139.94,12.32,152.26,13.87,18.43,0.0,1.03,41.85,750.91,0.0,0.0,0.0,24.44,176.7,0.9494
2019-07-07 15:00:00,188,15.0,91,2378,0,0,2402.5,3,35.0,39.45,896.96,887.7,224.9,227.24,0.2449,55.66,327.98,315.66,171.58,12.32,183.9,13.87,18.43,0.0,1.03,41.85,750.91,0.0,0.0,0.0,24.44,208.35,1.1195
2019-07-07 15:00:00,188,15.0,92,2496,1,0,2402.5,3,35.0,36.38,321.79,887.7,224.9,81.52,0.5794,47.24,327.98,315.66,34.29,12.32,46.61,13.87,17.66,0.0,1.03,41.85,750.91,0.0,0.0,0.0,4.44,51.05,0.2785
2019-07-07 15:00:00,188,15.0,93,2423,1,0,2402.5,3,35.0,38.28,569.5,887.7,224.9,144.28,0.5813,83.86,327.98,315.66,60.42,12.32,72.74,13.87,18.14,0.0,1.03,41.85,750.91,0.0,0.0,0.0,4.44,77.18,0.421
2019-07-07 15:00:00,188,15.0,95,2372,0,0,2402.5,3,35.0,39.6,599.11,887.7,224.9,151.78,0.2451,37.2,327.98,315.66,114.58,12.32,126.9,13.87,18.47,0.0,1.03,41.85,750.91,0.0,0.0,0.0,24.44,151.35,0.8132
2019-07-07 15:00:00,188,15.0,97,2358,0,0,2402.5,3,35.0,39.97,805.01,887.7,224.9,203.95,0.2454,50.06,327.98,315.66,153.89,12.32,166.21,13.87,18.56,0.0,1.03,41.85,750.91,0.0,0.0,0.0,24.44,190.65,1.0244
2019-07-07 15:00:00,188,15.0,98,2554,1,0,2402.5,3,35.0,34.87,258.94,887.7,224.9,65.6,0.5779,37.91,327.98,315.66,27.69,12.32,40.01,13.87,17.28,0.0,1.03,41.85,750.91,0.0,0.0,0.0,4.44,44.45,0.2425
2019-07-07 15:00:00,188,15.0,99,2451,1,0,2402.5,3,35.0,37.55,79.52,887.7,224.9,20.15,0.5805,11.7,327.98,315.66,8.45,12.32,20.77,13.87,17.95,0.0,1.03,41.85,750.91,0.0,0.0,0.0,4.44,25.21,0.1375
2019-07-07 15:00:00,188,15.0,100,2361,0,0,2402.5,3,35.0,39.89,90.72,887.7,224.9,22.98,0.2454,5.64,327.98,315.66,17.34,12.32,29.66,13.87,18.54,0.0,1.03,41.85,750.91,0.0,0.0,0.0,24.44,54.11,0.2907
2019-07-07 15:30:00,188,15.5,94,2563,1,0,2402.5,3,35.0,34.64,899.9,853.05,252.1,265.95,0.5777,153.64,310.76,315.66,112.31,-4.9,107.41,13.93,17.23,0.0,1.03,41.38,751.03,0.0,0.0,0.0,4.44,111.85,0.6101
2019-07-07 15:30:00,188,15.5,96,2549,1,0,2402.5,3,35.0,35.0,853.05,853.05,252.1,252.1,0.5781,145.73,310.76,315.66,106.37,-4.9,101.47,13.93,17.32,0.0,1.03,41.38,751.03,0.0,0.0,0.0,4.44,105.92,0.5777
2019-07-07 15:30:00,188,15.5,1,2612,1,0,2402.5,3,35.0,33.36,892.49,853.05,252.1,263.76,0.5765,152.04,310.76,315.66,111.71,-4.9,106.81,13.93,16.91,0.0,1.03,41.38,751.03,0.0,0.0,0.0,4.44,111.25,0.6068
2019-07-07 15:30:00,188,15.5,2,2612,1,0,2402.5,3,35.0,33.36,917.41,853.05,252.1,271.12,0.5765,156.29,310.76,315.66,114.83,-4.9,109.93,13.93,16.91,0.0,1.03,41.38,751.03,0.0,0.0,0.0,4.44,114.37,0.6239
2019-07-07 15:30:00,188,15.5,3,2610,1,0,2402.5,3,35.0,33.41,844.88,853.05,252.1,249.69,0.5765,143.95,310.76,315.66,105.74,-4.9,100.84,13.93,16.92,0.0,1.03,41.38,751.03,0.0,0.0,0.0,4.44,105.28,0.5743
2019-07-07 15:30:00,188,15.5,4,2583,1,0,2402.5,3,35.0,34.12,852.99,853.05,252.1,252.08,0.5772,145.5,310.76,315.66,106.58,-4.9,101.68,13.93,17.1,0.0,1.03,41.38,751.03,0.0,0.0,0.0,4.44,106.13,0.5789
2019-07-07 15:30:00,188,15.5,5,2583,1,0,2402.5,3,35.0,34.12,805.26,853.05,252.1,237.98,0.5772,137.36,310.76,315.66,100.62,-4.9,95.72,13.93,17.1,0.0,1.03,41.38,751.03,0.0,0.0,0.0,4.44,100.16,0.5463
2019-07-07 15:30:00,188,15.5,6,2546,1,0,2402.5,3,35.0,35.08,788.06,853.05,252.1,232.89,0.5781,134.64,310.76,315.66,98.25,-4.9,93.35,13.93,17.34,0.0,1.03,41.38,751.03,0.0,0.0,0.0,4.44,97.79,0.5334
2019-07-07 15:30:00,188,15.5,7,2546,1,0,2402.5,3,35.0,35.08,755.11,853.05,252.1,223.16,0.5781,129.01,310.76,315.66,94.14,-4.9,89.24,13.93,17.34,0.0,1.03,41.38,751.03,0.0,0.0,0.0,4.44,93.69,0.511
2019-07-07 15:30:00,188,15.5,8,2639,1,0,2402.5,3,35.0,32.66,893.81,853.05,252.1,264.15,0.5758,152.09,310.76,315.66,112.06,-4.9,107.16,13.93,16.73,0.0,1.03,41.38,751.03,0.0,0.0,0.0,4.44,111.6,0.6087
2019-07-07 15:30:00,188,15.5,9,2610,1,0,2402.5,3,35.0,33.41,871.84,853.05,252.1,257.65,0.5765,148.54,310.76,315.66,109.11,-4.9,104.21,13.93,16.92,0.0,1.03,41.38,751.03,0.0,0.0,0.0,4.44,108.66,0.5927
2019-07-07 15:30:00,188,15.5,10,2579,1,0,2402.5,3,35.0,34.22,872.13,853.05,252.1,257.74,0.5773,148.79,310.76,315.66,108.95,-4.9,104.05,13.93,17.12,0.0,1.03,41.38,751.03,0.0,0.0,0.0,4.44,108.49,0.5918
2019-07-07 15:30:00,188,15.5,11,2579,1,0,2402.5,3,35.0,34.22,873.75,853.05,252.1,258.22,0.5773,149.07,310.76,315.66,109.15,-4.9,104.25,13.93,17.12,0.0,1.03,41.38,751.03,0.0,0.0,0.0,4.44,108.69,0.5929
2019-07-07 15:30:00,188,15.5,12,2546,1,0,2402.5,3,35.0,35.08,856.89,853.05,252.1,253.24,0.5781,146.4,310.76,315.66,106.83,-4.9,101.93,13.93,17.34,0.0,1.03,41.38,751.03,0.0,0.0,0.0,4.44,106.38,0.5802
2019-07-07 15:30:00,188,15.5,13,2530,1,0,2402.5,3,35.0,35.49,909.2,853.05,252.1,268.69,0.5785,155.45,310.76,315.66,113.24,-4.9,108.34,13.93,17.44,0.0,1.03,41.38,751.03,0.0,0.0,0.0,4.44,112.79,0.6152
2019-07-07 15:30:00,188,15.5,14,2530,1,0,2402.5,3,35.0,35.49,874.87,853.05,252.1,258.55,0.5785,149.58,310.76,315.66,108.97,-4.9,104.07,13.93,17.44,0.0,1.03,41.38,751.03,0.0,0.0,0.0,4.44,108.51,0.5919
2019-07-07 15:30:00,188,15.5,15,2494,1,0,2402.5,3,35.0,36.43,859.74,853.05,252.1,254.08,0.5795,147.23,310.76,315.66,106.85,-4.9,101.95,13.93,17.67,0.0,1.03,41.38,751.03,0.0,0.0,0.0,4.44,106.4,0.5803
2019-07-07 15:30:00,188,15.5,16,2494,1,0,2402.5,3,35.0,36.43,850.27,853.05,252.1,251.28,0.5795,145.6,310.76,315.66,105.68,-4.9,100.77,13.93,17.67,0.0,1.03,41.38,751.03,0.0,0.0,0.0,4.44,105.22,0.5739
2019-07-07 15:30:00,188,15.5,17,2462,1,0,2402.5,3,35.0,37.26,858.45,853.05,252.1,253.7,0.5803,147.21,310.76,315.66,106.49,-4.9,101.59,13.93,17.88,0.0,1.03,41.38,751.03,0.0,0.0,0.0,4.44,106.03,0.5783
2019-07-07 15:30:00,188,15.5,18,2630,1,0,2402.5,3,35.0,32.89,923.18,853.05,252.1,272.83,0.576,157.15,310.76,315.66,115.68,-4.9,110.78,13.93,16.79,0.0,1.03,41.38,751.03,0.0,0.0,0.0,4.44,115.22,0.6285
2019-07-07 15:30:00,188,15.5,19,2630,1,0,2402.5,3,35.0,32.89,918.5,853.05,252.1,271.44,0.576,156.35,310.76,315.66,115.09,-4.9,110.19,13.93,16.79,0.0,1.03,41.38,751.03,0.0,0.0,0.0,4.44,114.63,0.6253
2019-07-07 15:30:00,188,15.5,20,2604,1,0,2402.5,3,35.0,33.57,883.53,853.05,252.1,261.11,0.5767,150.57,310.76,315.66,110.54,-4.9,105.64,13.93,16.96,0.0,1.03,41.38,751.03,0.0,0.0,0.0,4.44,110.08,0.6004
2019-07-07 15:30:00,188,15.5,21,2563,1,0,2402.5,3,35.0,34.64,899.9,853.05,252.1,265.95,0.5777,153.64,310.76,315.66,112.31,-4.9,107.41,13.93,17.23,0.0,1.03,41.38,751.03,0.0,0.0,0.0,4.44,111.85,0.6101
2019-07-07 15:30:00,188,15.5,22,2556,1,0,2402.5,3,35.0,34.82,895.07,853.05,252.1,264.52,0.5779,152.86,310.76,315.66,111.66,-4.9,106.76,13.93,17.27,0.0,1.03,41.38,751.03,0.0,0.0,0.0,4.44,111.2,0.6066
2019-07-07 15:30:00,188,15.5,23,2549,1,0,2402.5,3,35.0,35.0,853.05,853.05,252.1,252.1,0.5781,145.73,310.76,315.66,106.37,-4.9,101.47,13.93,17.32,0.0,1.03,41.38,751.03,0.0,0.0,0.0,4.44,105.92,0.5777
2019-07-07 15:30:00,188,15.5,24,2549,1,0,2402.5,3,35.0,35.0,790.28,853.05,252.1,233.55,0.5781,135.01,310.76,315.66,98.55,-4.9,93.64,13.93,17.32,0.0,1.03,41.38,751.03,0.0,0.0,0.0,4.44,98.09,0.535
2019-07-07 15:30:00,188,15.5,25,2524,1,0,2402.5,3,35.0,35.65,730.47,853.05,252.1,215.88,0.5787,124.92,310.76,315.66,90.95,-4.9,86.05,13.93,17.48,0.0,1.03,41.38,751.03,0.0,0.0,0.0,4.44,90.49,0.4936
2019-07-07 15:30:00,188,15.5,26,2502,1,0,2402.5,3,35.0,36.22,790.96,853.05,252.1,233.75,0.5792,135.4,310.76,315.66,98.35,-4.9,93.45,13.93,17.62,0.0,1.03,41.38,751.03,0.0,0.0,0.0,4.44,97.89,0.534
2019-07-07 15:30:00,188,15.5,27,2502,1,0,2402.5,3,35.0,36.22,780.06,853.05,252.1,230.53,0.5792,133.53,310.76,315.66,97.0,-4.9,92.09,13.93,17.62,0.0,1.03,41.38,751.03,0.0,0.0,0.0,4.44,96.54,0.5266
2019-07-07 15:30:00,188,15.5,28,2477,1,0,2402.5,3,35.0,36.87,757.59,853.05,252.1,223.89,0.5799,129.83,310.76,315.66,94.06,-4.9,89.16,13.93,17.79,0.0,1.03,41.38,751.03,0.0,0.0,0.0,4.44,93.6,0.5106
2019-07-07 15:30:00,188,15.5,29,2477,1,0,2402.5,3,35.0,36.87,726.3,853.05,252.1,214.64,0.5799,124.47,310.76,315.66,90.18,-4.9,85.27,13.93,17.79,0.0,1.03,41.38,751.03,0.0,0.0,0.0,4.44,89.72,0.4894
2019-07-07 15:30:00,188,15.5,30,2440,1,0,2402.5,3,35.0,37.83,704.8,853.05,252.1,208.29,0.5808,120.98,310.76,315.66,87.31,-4.9,82.41,13.93,18.03,0.0,1.03,41.38,751.03,0.0,0.0,0.0,4.44,86.85,0.4737
2019-07-07 15:30:00,188,15.5,31,2620,1,0,2402.5,3,35.0,33.15,77.81,853.05,252.1,23.0,0.5763,13.25,310.76,315.66,9.74,-4.9,4.84,13.93,16.86,0.0,1.03,41.38,751.03,0.0,0.0,0.0,4.44,9.29,0.0507
2019-07-07 15:30:00,188,15.5,32,2576,1,0,2402.5,3,35.0,34.3,90.43,853.05,252.1,26.72,0.5774,15.43,310.76,315.66,11.29,-4.9,6.39,13.93,17.14,0.0,1.03,41.38,751.03,0.0,0.0,0.0,4.44,10.84,0.0591
2019-07-07 15:30:00,188,15.5,33,2576,1,0,2402.5,3,35.0,34.3,91.43,853.05,252.1,27.02,0.5774,15.6,310.76,315.66,11.42,-4.9,6.52,13.93,17.14,0.0,1.03,41.38,751.03,0.0,0.0,0.0,4.44,10.96,0.0598
2019-07-07 15:30:00,188,15.5,34,2576,1,0,2402.5,3,35.0,34.3,889.16,853.05,252.1,262.77,0.5774,151.72,310.76,315.66,111.05,-4.9,106.15,13.93,17.14,0.0,1.03,41.38,751.03,0.0,0.0,0.0,4.44,110.6,0.6033
2019-07-07 15:30:00,188,15.5,35,2556,1,0,2402.5,3,35.0,34.82,819.71,853.05,252.1,242.25,0.5779,139.99,310.76,315.66,102.26,-4.9,97.36,13.93,17.27,0.0,1.03,41.38,751.03,0.0,0.0,0.0,4.44,101.8,0.5553
2019-07-07 15:30:00,188,15.5,36,2533,1,0,2402.5,3,35.0,35.42,825.97,853.05,252.1,244.1,0.5785,141.2,310.76,315.66,102.9,-4.9,97.99,13.93,17.42,0.0,1.03,41.38,751.03,0.0,0.0,0.0,4.44,102.44,0.5588
2019-07-07 15:30:00,188,15.5,37,2532,1,0,2402.5,3,35.0,35.44,812.78,853.05,252.1,240.2,0.5785,138.95,310.76,315.66,101.25,-4.9,96.35,13.93,17.43,0.0,1.03,41.38,751.03,0.0,0.0,0.0,4.44,100.79,0.5498
2019-07-07 15:30:00,188,15.5,38,2534,1,0,2402.5,3,35.0,35.39,760.39,853.05,252.1,224.72,0.5784,129.98,310.76,315.66,94.73,-4.9,89.83,13.93,17.41,0.0,1.03,41.38,751.03,0.0,0.0,0.0,4.44,94.28,0.5142
2019-07-07 15:30:00,188,15.5,39,2534,1,0,2402.5,3,35.0,35.39,689.54,853.05,252.1,203.78,0.5784,117.87,310.76,315.66,85.9,-4.9,81.0,13.93,17.41,0.0,1.03,41.38,751.03,0.0,0.0,0.0,4.44,85.45,0.4661
2019-07-07 15:30:00,188,15.5,40,2515,1,0,2402.5,3,35.0,35.88,598.39,853.05,252.1,176.84,0.5789,102.38,310.76,315.66,74.47,-4.9,69.56,13.93,17.54,0.0,1.03,41.38,751.03,0.0,0.0,0.0,4.44,74.01,0.4037
2019-07-07 15:30:00,188,15.5,41,2487,1,0,2402.5,3,35.0,36.61,622.82,853.05,252.1,184.06,0.5796,106.69,310.76,315.66,77.37,-4.9,72.47,13.93,17.72,0.0,1.03,41.38,751.03,0.0,0.0,0.0,4.44,76.92,0.4195
2019-07-07 15:30:00,188,15.5,42,2487,1,0,2402.5,3,35.0,36.61,644.59,853.05,252.1,190.5,0.5796,110.42,310.76,315.66,80.08,-4.9,75.18,13.93,17.72,0.0,1.03,41.38,751.03,0.0,0.0,0.0,4.44,79.62,0.4343
2019-07-07 15:30:00,188,15.5,43,2464,1,0,2402.5,3,35.0,37.21,672.32,853.05,252.1,198.69,0.5802,115.28,310.76,315.66,83.41,-4.9,78.51,13.93,17.87,0.0,1.03,41.38,751.03,0.0,0.0,0.0,4.44,82.95,0.4525
2019-07-07 15:30:00,188,15.5,44,2555,1,0,2402.5,3,35.0,34.84,92.26,853.05,252.1,27.27,0.5779,15.76,310.76,315.66,11.51,-4.9,6.61,13.93,17.28,0.0,1.03,41.38,751.03,0.0,0.0,0.0,4.44,11.05,0.0603
2019-07-07 15:30:00,188,15.5,45,2555,1,0,2402.5,3,35.0,34.84,94.68,853.05,252.1,27.98,0.5779,16.17,310.76,315.66,11.81,-4.9,6.91,13.93,17.28,0.0,1.03,41.38,751.03,0.0,0.0,0.0,4.44,11.35,0.0619
2019-07-07 15:30:00,188,15.5,46,2555,1,0,2402.5,3,35.0,34.84,94.05,853.05,252.1,27.79,0.5779,16.06,310.76,315.66,11.73,-4.9,6.83,13.93,17.28,0.0,1.03,41.38,751.03,0.0,0.0,0.0,4.44,11.27,0.0615
2019-07-07 15:30:00,188,15.5,47,2530,1,0,2402.5,3,35.0,35.49,767.57,853.05,252.1,226.84,0.5785,131.23,310.76,315.66,95.6,-4.9,90.7,13.93,17.44,0.0,1.03,41.38,751.03,0.0,0.0,0.0,4.44,95.15,0.519
2019-07-07 15:30:00,188,15.5,48,2510,1,0,2402.5,3,35.0,36.01,798.8,853.05,252.1,236.07,0.579,136.69,310.76,315.66,99.37,-4.9,94.47,13.93,17.57,0.0,1.03,41.38,751.03,0.0,0.0,0.0,4.44,98.92,0.5395
2019-07-07 15:30:00,188,15.5,49,2534,1,0,2402.5,3,35.0,35.39,647.84,853.05,252.1,191.46,0.5784,110.74,310.76,315.66,80.71,-4.9,75.81,13.93,17.41,0.0,1.03,41.38,751.03,0.0,0.0,0.0,4.44,80.25,0.4377
2019-07-07 15:30:00,188,15.5,50,2531,1,0,2402.5,3,35.0,35.47,92.04,853.05,252.1,27.2,0.5785,15.74,310.76,315.66,11.46,-4.9,6.56,13.93,17.43,0.0,1.03,41.38,751.03,0.0,0.0,0.0,4.44,11.01,0.06
2019-07-07 15:30:00,188,15.5,51,2531,1,0,2402.5,3,35.0,35.47,96.21,853.05,252.1,28.43,0.5785,16.45,310.76,315.66,11.98,-4.9,7.08,13.93,17.43,0.0,1.03,41.38,751.03,0.0,0.0,0.0,4.44,11.53,0.0629
2019-07-07 15:30:00,188,15.5,52,2531,1,0,2402.5,3,35.0,35.47,95.58,853.05,252.1,28.25,0.5785,16.34,310.76,315.66,11.91,-4.9,7.0,13.93,17.43,0.0,1.03,41.38,751.03,0.0,0.0,0.0,4.44,11.45,0.0624
2019-07-07 15:30:00,188,15.5,53,2507,1,0,2402.5,3,35.0,36.09,692.17,853.05,252.1,204.56,0.5791,118.46,310.76,315.66,86.09,-4.9,81.19,13.93,17.59,0.0,1.03,41.38,751.03,0.0,0.0,0.0,4.44,85.64,0.4671
2019-07-07 15:30:00,188,15.5,54,2494,1,0,2402.5,3,35.0,36.43,746.02,853.05,252.1,220.47,0.5795,127.75,310.76,315.66,92.72,-4.9,87.82,13.93,17.67,0.0,1.03,41.38,751.03,0.0,0.0,0.0,4.44,92.26,0.5032
2019-07-07 15:30:00,188,15.5,55,2531,1,0,2402.5,3,35.0,35.47,96.15,853.05,252.1,28.42,0.5785,16.44,310.76,315.66,11.98,-4.9,7.08,13.93,17.43,0.0,1.03,41.38,751.03,0.0,0.0,0.0,4.44,11.52,0.0628
2019-07-07 15:30:00,188,15.5,56,2531,1,0,2402.5,3,35.0,35.47,95.61,853.05,252.1,28.25,0.5785,16.35,310.76,315.66,11.91,-4.9,7.01,13.93,17.43,0.0,1.03,41.38,751.03,0.0,0.0,0.0,4.44,11.45,0.0625
2019-07-07 15:30:00,188,15.5,57,2507,1,0,2402.5,3,35.0,36.09,703.75,853.05,252.1,207.98,0.5791,120.44,310.76,315.66,87.53,-4.9,82.63,13.93,17.59,0.0,1.03,41.38,751.03,0.0,0.0,0.0,4.44,87.08,0.475
2019-07-07 15:30:00,188,15.5,58,2494,1,0,2402.5,3,35.0,36.43,786.15,853.05,252.1,232.33,0.5795,134.62,310.76,315.66,97.71,-4.9,92.8,13.93,17.67,0.0,1.03,41.38,751.03,0.0,0.0,0.0,4.44,97.25,0.5305
2019-07-07 15:30:00,188,15.5,59,2506,1,0,2402.5,3,35.0,36.12,96.15,853.05,252.1,28.42,0.5791,16.46,310.76,315.66,11.96,-4.9,7.06,13.93,17.6,0.0,1.03,41.38,751.03,0.0,0.0,0.0,4.44,11.5,0.0627
2019-07-07 15:30:00,188,15.5,60,2506,1,0,2402.5,3,35.0,36.12,95.68,853.05,252.1,28.28,0.5791,16.38,310.76,315.66,11.9,-4.9,7.0,13.93,17.6,0.0,1.03,41.38,751.03,0.0,0.0,0.0,4.44,11.44,0.0624
2019-07-07 15:30:00,188,15.5,61,2485,1,0,2402.5,3,35.0,36.66,708.62,853.05,252.1,209.42,0.5797,121.4,310.76,315.66,88.02,-4.9,83.12,13.93,17.73,0.0,1.03,41.38,751.03,0.0,0.0,0.0,4.44,87.57,0.4776
2019-07-07 15:30:00,188,15.5,62,2469,1,0,2402.5,3,35.0,37.08,829.93,853.05,252.1,245.27,0.5801,142.28,310.76,315.66,102.99,-4.9,98.09,13.93,17.84,0.0,1.03,41.38,751.03,0.0,0.0,0.0,4.44,102.54,0.5593
2019-07-07 15:30:00,188,15.5,63,2506,1,0,2402.5,3,35.0,36.12,90.05,853.05,252.1,26.61,0.5791,15.41,310.76,315.66,11.2,-4.9,6.3,13.93,17.6,0.0,1.03,41.38,751.03,0.0,0.0,0.0,4.44,10.74,0.0586
2019-07-07 15:30:00,188,15.5,64,2506,1,0,2402.5,3,35.0,36.12,96.53,853.05,252.1,28.53,0.5791,16.52,310.76,315.66,12.01,-4.9,7.1,13.93,17.6,0.0,1.03,41.38,751.03,0.0,0.0,0.0,4.44,11.55,0.063
2019-07-07 15:30:00,188,15.5,65,2506,1,0,2402.5,3,35.0,36.12,706.27,853.05,252.1,208.72,0.5791,120.88,310.76,315.66,87.84,-4.9,82.94,13.93,17.6,0.0,1.03,41.38,751.03,0.0,0.0,0.0,4.44,87.38,0.4766
2019-07-07 15:30:00,188,15.5,66,2485,1,0,2402.5,3,35.0,36.66,645.75,853.05,252.1,190.84,0.5797,110.62,310.76,315.66,80.21,-4.9,75.31,13.93,17.73,0.0,1.03,41.38,751.03,0.0,0.0,0.0,4.44,79.76,0.435
2019-07-07 15:30:00,188,15.5,67,2455,1,0,2402.5,3,35.0,37.44,748.37,853.05,252.1,221.17,0.5804,128.37,310.76,315.66,92.79,-4.9,87.89,13.93,17.93,0.0,1.03,41.38,751.03,0.0,0.0,0.0,4.44,92.34,0.5036
2019-07-07 15:30:00,188,15.5,68,2489,1,0,2402.5,3,35.0,36.56,88.9,853.05,252.1,26.27,0.5796,15.23,310.76,315.66,11.05,-4.9,6.14,13.93,17.71,0.0,1.03,41.38,751.03,0.0,0.0,0.0,4.44,10.59,0.0578
2019-07-07 15:30:00,188,15.5,69,2489,1,0,2402.5,3,35.0,36.56,96.36,853.05,252.1,28.48,0.5796,16.5,310.76,315.66,11.97,-4.9,7.07,13.93,17.71,0.0,1.03,41.38,751.03,0.0,0.0,0.0,4.44,11.52,0.0628
2019-07-07 15:30:00,188,15.5,70,2489,1,0,2402.5,3,35.0,36.56,732.88,853.05,252.1,216.59,0.5796,125.53,310.76,315.66,91.06,-4.9,86.16,13.93,17.71,0.0,1.03,41.38,751.03,0.0,0.0,0.0,4.44,90.6,0.4942
2019-07-07 15:30:00,188,15.5,71,2477,1,0,2402.5,3,35.0,36.87,674.09,853.05,252.1,199.21,0.5799,115.52,310.76,315.66,83.69,-4.9,78.79,13.93,17.79,0.0,1.03,41.38,751.03,0.0,0.0,0.0,4.44,83.24,0.454
2019-07-07 15:30:00,188,15.5,72,2455,1,0,2402.5,3,35.0,37.44,737.09,853.05,252.1,217.83,0.5804,126.44,310.76,315.66,91.39,-4.9,86.49,13.93,17.93,0.0,1.03,41.38,751.03,0.0,0.0,0.0,4.44,90.94,0.496
2019-07-07 15:30:00,188,15.5,73,2485,1,0,2402.5,3,35.0,36.66,87.44,853.05,252.1,25.84,0.5797,14.98,310.76,315.66,10.86,-4.9,5.96,13.93,17.73,0.0,1.03,41.38,751.03,0.0,0.0,0.0,4.44,10.41,0.0568
2019-07-07 15:30:00,188,15.5,74,2485,1,0,2402.5,3,35.0,36.66,96.72,853.05,252.1,28.58,0.5797,16.57,310.76,315.66,12.01,-4.9,7.11,13.93,17.73,0.0,1.03,41.38,751.03,0.0,0.0,0.0,4.44,11.56,0.063
2019-07-07 15:30:00,188,15.5,75,2485,1,0,2402.5,3,35.0,36.66,705.97,853.05,252.1,208.63,0.5797,120.94,310.76,315.66,87.69,-4.9,82.79,13.93,17.73,0.0,1.03,41.38,751.03,0.0,0.0,0.0,4.44,87.24,0.4758
2019-07-07 15:30:00,188,15.5,76,2466,1,0,2402.5,3,35.0,37.16,700.34,853.05,252.1,206.97,0.5802,120.08,310.76,315.66,86.89,-4.9,81.99,13.93,17.86,0.0,1.03,41.38,751.03,0.0,0.0,0.0,4.44,86.44,0.4715
2019-07-07 15:30:00,188,15.5,77,2445,1,0,2402.5,3,35.0,37.7,824.84,853.05,252.1,243.76,0.5807,141.55,310.76,315.66,102.21,-4.9,97.31,13.93,17.99,0.0,1.03,41.38,751.03,0.0,0.0,0.0,4.44,101.75,0.555
2019-07-07 15:30:00,188,15.5,78,2478,1,0,2402.5,3,35.0,36.85,96.73,853.05,252.1,28.58,0.5799,16.58,310.76,315.66,12.01,-4.9,7.11,13.93,17.78,0.0,1.03,41.38,751.03,0.0,0.0,0.0,4.44,11.55,0.063
2019-07-07 15:30:00,188,15.5,79,2478,1,0,2402.5,3,35.0,36.85,95.67,853.05,252.1,28.27,0.5799,16.39,310.76,315.66,11.88,-4.9,6.98,13.93,17.78,0.0,1.03,41.38,751.03,0.0,0.0,0.0,4.44,11.42,0.0623
2019-07-07 15:30:00,188,15.5,80,2449,1,0,2402.5,3,35.0,37.6,668.98,853.05,252.1,197.7,0.5806,114.78,310.76,315.66,82.92,-4.9,78.02,13.93,17.97,0.0,1.03,41.38,751.03,0.0,0.0,0.0,4.44,82.46,0.4498
2019-07-07 15:30:00,188,15.5,81,2412,1,0,2402.5,3,35.0,38.56,830.08,853.05,252.1,245.31,0.5815,142.66,310.76,315.66,102.66,-4.9,97.75,13.93,18.21,0.0,1.03,41.38,751.03,0.0,0.0,0.0,4.44,102.2,0.5574
2019-07-07 15:30:00,188,15.5,82,2443,1,0,2402.5,3,35.0,37.76,943.39,853.05,252.1,278.8,0.5807,161.91,310.76,315.66,116.89,-4.9,111.99,13.93,18.01,0.0,1.03,41.38,751.03,0.0,0.0,0.0,4.44,116.43,0.6351
2019-07-07 15:30:00,188,15.5,83,2474,1,0,2402.5,3,35.0,36.95,96.86,853.05,252.1,28.63,0.58,16.6,310.76,315.66,12.02,-4.9,7.12,13.93,17.8,0.0,1.03,41.38,751.03,0.0,0.0,0.0,4.44,11.57,0.0631
2019-07-07 15:30:00,188,15.5,84,2474,1,0,2402.5,3,35.0,36.95,95.21,853.05,252.1,28.14,0.58,16.32,310.76,315.66,11.82,-4.9,6.92,13.93,17.8,0.0,1.03,41.38,751.03,0.0,0.0,0.0,4.44,11.36,0.062
2019-07-07 15:30:00,188,15.5,85,2436,1,0,2402.5,3,35.0,37.94,592.64,853.05,252.1,175.14,0.5809,101.74,310.76,315.66,73.4,-4.9,68.5,13.93,18.05,0.0,1.03,41.38,751.03,0.0,0.0,0.0,4.44,72.94,0.3979
2019-07-07 15:30:00,188,15.5,86,2397,0,0,2402.5,3,35.0,38.95,780.55,853.05,252.1,230.67,0.2445,56.39,310.76,315.66,174.28,-4.9,169.38,13.93,18.3,0.0,1.03,41.38,751.03,0.0,0.0,0.0,24.44,193.83,1.0415
2019-07-07 15:30:00,188,15.5,87,2415,1,0,2402.5,3,35.0,38.48,899.04,853.05,252.1,265.69,0.5815,154.49,310.76,315.66,111.2,-4.9,106.3,13.93,18.19,0.0,1.03,41.38,751.03,0.0,0.0,0.0,4.44,110.75,0.6041
2019-07-07 15:30:00,188,15.5,88,2476,1,0,2402.5,3,35.0,36.9,526.66,853.05,252.1,155.64,0.5799,90.26,310.76,315.66,65.39,-4.9,60.48,13.93,17.79,0.0,1.03,41.38,751.03,0.0,0.0,0.0,4.44,64.93,0.3542
2019-07-07 15:30:00,188,15.5,89,2428,1,0,2402.5,3,35.0,38.15,501.93,853.05,252.1,148.33,0.5811,86.2,310.76,315.66,62.13,-4.9,57.23,13.93,18.1,0.0,1.03,41.38,751.03,0.0,0.0,0.0,4.44,61.68,0.3364
2019-07-07 15:30:00,188,15.5,90,2377,0,0,2402.5,3,35.0,39.47,704.07,853.05,252.1,208.07,0.245,50.97,310.76,315.66,157.1,-4.9,152.2,13.93,18.43,0.0,1.03,41.38,751.03,0.0,0.0,0.0,24.44,176.64,0.9491
2019-07-07 15:30:00,188,15.5,91,2378,0,0,2402.5,3,35.0,39.45,854.93,853.05,252.1,252.65,0.2449,61.89,310.76,315.66,190.77,-4.9,185.87,13.93,18.43,0.0,1.03,41.38,751.03,0.0,0.0,0.0,24.44,210.31,1.13
2019-07-07 15:30:00,188,15.5,92,2496,1,0,2402.5,3,35.0,36.38,274.78,853.05,252.1,81.2,0.5794,47.05,310.76,315.66,34.15,-4.9,29.25,13.93,17.66,0.0,1.03,41.38,751.03,0.0,0.0,0.0,4.44,33.7,0.1838
2019-07-07 15:30:00,188,15.5,93,2423,1,0,2402.5,3,35.0,38.28,83.17,853.05,252.1,24.58,0.5813,14.29,310.76,315.66,10.29,-4.9,5.39,13.93,18.14,0.0,1.03,41.38,751.03,0.0,0.0,0.0,4.44,9.84,0.0537
2019-07-07 15:30:00,188,15.5,95,2372,0,0,2402.5,3,35.0,39.6,91.93,853.05,252.1,27.17,0.2451,6.66,310.76,315.66,20.51,-4.9,15.61,13.93,18.47,0.0,1.03,41.38,751.03,0.0,0.0,0.0,24.44,40.05,0.2152
2019-07-07 15:30:00,188,15.5,97,2358,0,0,2402.5,3,35.0,39.97,757.83,853.05,252.1,223.96,0.2454,54.97,310.76,315.66,168.99,-4.9,164.09,13.93,18.56,0.0,1.03,41.38,751.03,0.0,0.0,0.0,24.44,188.53,1.013
2019-07-07 15:30:00,188,15.5,98,2554,1,0,2402.5,3,35.0,34.87,219.45,853.05,252.1,64.85,0.5779,37.48,310.76,315.66,27.37,-4.9,22.47,13.93,17.28,0.0,1.03,41.38,751.03,0.0,0.0,0.0,4.44,26.92,0.1468
2019-07-07 15:30:00,188,15.5,99,2451,1,0,2402.5,3,35.0,37.55,77.25,853.05,252.1,22.83,0.5805,13.25,310.76,315.66,9.58,-4.9,4.67,13.93,17.95,0.0,1.03,41.38,751.03,0.0,0.0,0.0,4.44,9.12,0.0497
2019-07-07 15:30:00,188,15.5,100,2361,0,0,2402.5,3,35.0,39.89,88.13,853.05,252.1,26.04,0.2454,6.39,310.76,315.66,19.65,-4.9,14.75,13.93,18.54,0.0,1.03,41.38,751.03,0.0,0.0,0.0,24.44,39.2,0.2106
2019-07-07 16:00:00,188,16.0,94,2563,1,0,2402.5,3,35.0,34.64,882.06,807.14,382.7,418.22,0.5777,241.61,319.18,315.66,176.62,3.53,180.14,14.75,17.23,0.0,1.31,39.21,751.01,0.0,0.0,0.0,4.44,184.59,1.0068
2019-07-07 16:00:00,188,16.0,96,2549,1,0,2402.5,3,35.0,35.0,807.14,807.14,382.7,382.7,0.5781,221.22,319.18,315.66,161.48,3.53,165.0,14.75,17.32,0.0,1.31,39.21,751.01,0.0,0.0,0.0,4.44,169.45,0.9243
2019-07-07 16:00:00,188,16.0,1,2612,1,0,2402.5,3,35.0,33.36,867.88,807.14,382.7,411.5,0.5765,237.21,319.18,315.66,174.29,3.53,177.81,14.75,16.91,0.0,1.31,39.21,751.01,0.0,0.0,0.0,4.44,182.26,0.9941
2019-07-07 16:00:00,188,16.0,2,2612,1,0,2402.5,3,35.0,33.36,885.75,807.14,382.7,419.97,0.5765,242.1,319.18,315.66,177.88,3.53,181.4,14.75,16.91,0.0,1.31,39.21,751.01,0.0,0.0,0.0,4.44,185.85,1.0137
2019-07-07 16:00:00,188,16.0,3,2610,1,0,2402.5,3,35.0,33.41,823.14,807.14,382.7,390.29,0.5765,225.01,319.18,315.66,165.28,3.53,168.81,14.75,16.92,0.0,1.31,39.21,751.01,0.0,0.0,0.0,4.44,173.25,0.945
2019-07-07 16:00:00,188,16.0,4,2583,1,0,2402.5,3,35.0,34.12,818.26,807.14,382.7,387.97,0.5772,223.94,319.18,315.66,164.04,3.53,167.56,14.75,17.1,0.0,1.31,39.21,751.01,0.0,0.0,0.0,4.44,172.01,0.9382
2019-07-07 16:00:00,188,16.0,5,2583,1,0,2402.5,3,35.0,34.12,774.19,807.14,382.7,367.08,0.5772,211.88,319.18,315.66,155.2,3.53,158.73,14.75,17.1,0.0,1.31,39.21,751.01,0.0,0.0,0.0,4.44,163.17,0.89
2019-07-07 16:00:00,188,16.0,6,2546,1,0,2402.5,3,35.0,35.08,755.29,807.14,382.7,358.12,0.5781,207.04,319.18,315.66,151.08,3.53,154.6,14.75,17.34,0.0,1.31,39.21,751.01,0.0,0.0,0.0,4.44,159.05,0.8675
2019-07-07 16:00:00,188,16.0,7,2546,1,0,2402.5,3,35.0,35.08,720.39,807.14,382.7,341.57,0.5781,197.47,319.18,315.66,144.1,3.53,147.62,14.75,17.34,0.0,1.31,39.21,751.01,0.0,0.0,0.0,4.44,152.07,0.8295
2019-07-07 16:00:00,188,16.0,8,2639,1,0,2402.5,3,35.0,32.66,867.26,807.14,382.7,411.21,0.5758,236.76,319.18,315.66,174.45,3.53,177.97,14.75,16.73,0.0,1.31,39.21,751.01,0.0,0.0,0.0,4.44,182.41,0.995
2019-07-07 16:00:00,188,16.0,9,2610,1,0,2402.5,3,35.0,33.41,854.22,807.14,382.7,405.03,0.5765,233.5,319.18,315.66,171.52,3.53,175.05,14.75,16.92,0.0,1.31,39.21,751.01,0.0,0.0,0.0,4.44,179.49,0.9791
2019-07-07 16:00:00,188,16.0,10,2579,1,0,2402.5,3,35.0,34.22,839.75,807.14,382.7,398.17,0.5773,229.86,319.18,315.66,168.31,3.53,171.83,14.75,17.12,0.0,1.31,39.21,751.01,0.0,0.0,0.0,4.44,176.28,0.9615
2019-07-07 16:00:00,188,16.0,11,2579,1,0,2402.5,3,35.0,34.22,839.06,807.14,382.7,397.83,0.5773,229.67,319.18,315.66,168.17,3.53,171.69,14.75,17.12,0.0,1.31,39.21,751.01,0.0,0.0,0.0,4.44,176.14,0.9607
2019-07-07 16:00:00,188,16.0,12,2546,1,0,2402.5,3,35.0,35.08,834.93,807.14,382.7,395.88,0.5781,228.87,319.18,315.66,167.01,3.53,170.53,14.75,17.34,0.0,1.31,39.21,751.01,0.0,0.0,0.0,4.44,174.98,0.9544
2019-07-07 16:00:00,188,16.0,13,2530,1,0,2402.5,3,35.0,35.49,877.32,807.14,382.7,415.98,0.5785,240.66,319.18,315.66,175.32,3.53,178.84,14.75,17.44,0.0,1.31,39.21,751.01,0.0,0.0,0.0,4.44,183.29,0.9998
2019-07-07 16:00:00,188,16.0,14,2530,1,0,2402.5,3,35.0,35.49,847.92,807.14,382.7,402.04,0.5785,232.59,319.18,315.66,169.44,3.53,172.97,14.75,17.44,0.0,1.31,39.21,751.01,0.0,0.0,0.0,4.44,177.41,0.9677
2019-07-07 16:00:00,188,16.0,15,2494,1,0,2402.5,3,35.0,36.43,830.95,807.14,382.7,393.99,0.5795,228.3,319.18,315.66,165.69,3.53,169.22,14.75,17.67,0.0,1.31,39.21,751.01,0.0,0.0,0.0,4.44,173.66,0.9473
2019-07-07 16:00:00,188,16.0,16,2494,1,0,2402.5,3,35.0,36.43,821.05,807.14,382.7,389.3,0.5795,225.58,319.18,315.66,163.72,3.53,167.24,14.75,17.67,0.0,1.31,39.21,751.01,0.0,0.0,0.0,4.44,171.69,0.9365
2019-07-07 16:00:00,188,16.0,17,2462,1,0,2402.5,3,35.0,37.26,827.04,807.14,382.7,392.14,0.5803,227.54,319.18,315.66,164.6,3.53,168.12,14.75,17.88,0.0,1.31,39.21,751.01,0.0,0.0,0.0,4.44,172.57,0.9413
2019-07-07 16:00:00,188,16.0,18,2630,1,0,2402.5,3,35.0,32.89,877.13,807.14,382.7,415.89,0.576,239.55,319.18,315.66,176.33,3.53,179.86,14.75,16.79,0.0,1.31,39.21,751.01,0.0,0.0,0.0,4.44,184.3,1.0053
2019-07-07 16:00:00,188,16.0,19,2630,1,0,2402.5,3,35.0,32.89,884.22,807.14,382.7,419.25,0.576,241.49,319.18,315.66,177.76,3.53,181.29,14.75,16.79,0.0,1.31,39.21,751.01,0.0,0.0,0.0,4.44,185.73,1.0131
2019-07-07 16:00:00,188,16.0,20,2604,1,0,2402.5,3,35.0,33.57,868.44,807.14,382.7,411.76,0.5767,237.45,319.18,315.66,174.32,3.53,177.84,14.75,16.96,0.0,1.31,39.21,751.01,0.0,0.0,0.0,4.44,182.29,0.9943
2019-07-07 16:00:00,188,16.0,21,2563,1,0,2402.5,3,35.0,34.64,882.06,807.14,382.7,418.22,0.5777,241.61,319.18,315.66,176.62,3.53,180.14,14.75,17.23,0.0,1.31,39.21,751.01,0.0,0.0,0.0,4.44,184.59,1.0068
2019-07-07 16:00:00,188,16.0,22,2556,1,0,2402.5,3,35.0,34.82,862.19,807.14,382.7,408.8,0.5779,236.24,319.18,315.66,172.56,3.53,176.09,14.75,17.27,0.0,1.31,39.21,751.01,0.0,0.0,0.0,4.44,180.53,0.9847
2019-07-07 16:00:00,188,16.0,23,2549,1,0,2402.5,3,35.0,35.0,807.14,807.14,382.7,382.7,0.5781,221.22,319.18,315.66,161.48,3.53,165.0,14.75,17.32,0.0,1.31,39.21,751.01,0.0,0.0,0.0,4.44,169.45,0.9243
2019-07-07 16:00:00,188,16.0,24,2549,1,0,2402.5,3,35.0,35.0,747.93,807.14,382.7,354.63,0.5781,204.99,319.18,315.66,149.63,3.53,153.16,14.75,17.32,0.0,1.31,39.21,751.01,0.0,0.0,0.0,4.44,157.6,0.8597
2019-07-07 16:00:00,188,16.0,25,2524,1,0,2402.5,3,35.0,35.65,698.15,807.14,382.7,331.02,0.5787,191.56,319.18,315.66,139.46,3.53,142.99,14.75,17.48,0.0,1.31,39.21,751.01,0.0,0.0,0.0,4.44,147.43,0.8042
2019-07-07 16:00:00,188,16.0,26,2502,1,0,2402.5,3,35.0,36.22,746.34,807.14,382.7,353.88,0.5792,204.98,319.18,315.66,148.89,3.53,152.42,14.75,17.62,0.0,1.31,39.21,751.01,0.0,0.0,0.0,4.44,156.86,0.8556
2019-07-07 16:00:00,188,16.0,27,2502,1,0,2402.5,3,35.0,36.22,738.05,807.14,382.7,349.94,0.5792,202.7,319.18,315.66,147.24,3.53,150.76,14.75,17.62,0.0,1.31,39.21,751.01,0.0,0.0,0.0,4.44,155.21,0.8466
2019-07-07 16:00:00,188,16.0,28,2477,1,0,2402.5,3,35.0,36.87,713.52,807.14,382.7,338.31,0.5799,196.18,319.18,315.66,142.13,3.53,145.66,14.75,17.79,0.0,1.31,39.21,751.01,0.0,0.0,0.0,4.44,150.1,0.8187
2019-07-07 16:00:00,188,16.0,29,2477,1,0,2402.5,3,35.0,36.87,682.07,807.14,382.7,323.4,0.5799,187.53,319.18,315.66,135.87,3.53,139.39,14.75,17.79,0.0,1.31,39.21,751.01,0.0,0.0,0.0,4.44,143.84,0.7846
2019-07-07 16:00:00,188,16.0,30,2440,1,0,2402.5,3,35.0,37.83,654.39,807.14,382.7,310.28,0.5808,180.22,319.18,315.66,130.06,3.53,133.59,14.75,18.03,0.0,1.31,39.21,751.01,0.0,0.0,0.0,4.44,138.03,0.7529
2019-07-07 16:00:00,188,16.0,31,2620,1,0,2402.5,3,35.0,33.15,74.75,807.14,382.7,35.44,0.5763,20.42,319.18,315.66,15.02,3.53,18.54,14.75,16.86,0.0,1.31,39.21,751.01,0.0,0.0,0.0,4.44,22.99,0.1254
2019-07-07 16:00:00,188,16.0,32,2576,1,0,2402.5,3,35.0,34.3,86.87,807.14,382.7,41.19,0.5774,23.78,319.18,315.66,17.41,3.53,20.93,14.75,17.14,0.0,1.31,39.21,751.01,0.0,0.0,0.0,4.44,25.38,0.1384
2019-07-07 16:00:00,188,16.0,33,2576,1,0,2402.5,3,35.0,34.3,87.83,807.14,382.7,41.64,0.5774,24.04,319.18,315.66,17.6,3.53,21.12,14.75,17.14,0.0,1.31,39.21,751.01,0.0,0.0,0.0,4.44,25.57,0.1395
2019-07-07 16:00:00,188,16.0,34,2576,1,0,2402.5,3,35.0,34.3,856.13,807.14,382.7,405.93,0.5774,234.37,319.18,315.66,171.56,3.53,175.08,14.75,17.14,0.0,1.31,39.21,751.01,0.0,0.0,0.0,4.44,179.53,0.9792
2019-07-07 16:00:00,188,16.0,35,2556,1,0,2402.5,3,35.0,34.82,797.7,807.14,382.7,378.23,0.5779,218.57,319.18,315.66,159.66,3.53,163.18,14.75,17.27,0.0,1.31,39.21,751.01,0.0,0.0,0.0,4.44,167.63,0.9143
2019-07-07 16:00:00,188,16.0,36,2533,1,0,2402.5,3,35.0,35.42,787.72,807.14,382.7,373.5,0.5785,216.05,319.18,315.66,157.44,3.53,160.97,14.75,17.42,0.0,1.31,39.21,751.01,0.0,0.0,0.0,4.44,165.41,0.9022
2019-07-07 16:00:00,188,16.0,37,2532,1,0,2402.5,3,35.0,35.44,753.59,807.14,382.7,357.31,0.5785,206.7,319.18,315.66,150.61,3.53,154.14,14.75,17.43,0.0,1.31,39.21,751.01,0.0,0.0,0.0,4.44,158.58,0.865
2019-07-07 16:00:00,188,16.0,38,2534,1,0,2402.5,3,35.0,35.39,696.87,807.14,382.7,330.42,0.5784,191.13,319.18,315.66,139.29,3.53,142.82,14.75,17.41,0.0,1.31,39.21,751.01,0.0,0.0,0.0,4.44,147.26,0.8032
2019-07-07 16:00:00,188,16.0,39,2534,1,0,2402.5,3,35.0,35.39,632.22,807.14,382.7,299.76,0.5784,173.39,319.18,315.66,126.37,3.53,129.89,14.75,17.41,0.0,1.31,39.21,751.01,0.0,0.0,0.0,4.44,134.34,0.7328
2019-07-07 16:00:00,188,16.0,40,2515,1,0,2402.5,3,35.0,35.88,552.74,807.14,382.7,262.08,0.5789,151.72,319.18,315.66,110.36,3.53,113.88,14.75,17.54,0.0,1.31,39.21,751.01,0.0,0.0,0.0,4.44,118.33,0.6454
2019-07-07 16:00:00,188,16.0,41,2487,1,0,2402.5,3,35.0,36.61,567.96,807.14,382.7,269.3,0.5796,156.09,319.18,315.66,113.2,3.53,116.73,14.75,17.72,0.0,1.31,39.21,751.01,0.0,0.0,0.0,4.44,121.17,0.6609
2019-07-07 16:00:00,188,16.0,42,2487,1,0,2402.5,3,35.0,36.61,591.57,807.14,382.7,280.49,0.5796,162.58,319.18,315.66,117.91,3.53,121.44,14.75,17.72,0.0,1.31,39.21,751.01,0.0,0.0,0.0,4.44,125.88,0.6866
2019-07-07 16:00:00,188,16.0,43,2464,1,0,2402.5,3,35.0,37.21,621.37,807.14,382.7,294.62,0.5802,170.94,319.18,315.66,123.68,3.53,127.2,14.75,17.87,0.0,1.31,39.21,751.01,0.0,0.0,0.0,4.44,131.65,0.7181
2019-07-07 16:00:00,188,16.0,44,2555,1,0,2402.5,3,35.0,34.84,88.63,807.14,382.7,42.03,0.5779,24.29,319.18,315.66,17.74,3.53,21.26,14.75,17.28,0.0,1.31,39.21,751.01,0.0,0.0,0.0,4.44,25.71,0.1402
2019-07-07 16:00:00,188,16.0,45,2555,1,0,2402.5,3,35.0,34.84,90.96,807.14,382.7,43.13,0.5779,24.92,319.18,315.66,18.2,3.53,21.73,14.75,17.28,0.0,1.31,39.21,751.01,0.0,0.0,0.0,4.44,26.17,0.1428
2019-07-07 16:00:00,188,16.0,46,2555,1,0,2402.5,3,35.0,34.84,90.35,807.14,382.7,42.84,0.5779,24.76,319.18,315.66,18.08,3.53,21.61,14.75,17.28,0.0,1.31,39.21,751.01,0.0,0.0,0.0,4.44,26.05,0.1421
2019-07-07 16:00:00,188,16.0,47,2530,1,0,2402.5,3,35.0,35.49,89.27,807.14,382.7,42.33,0.5785,24.49,319.18,315.66,17.84,3.53,21.36,14.75,17.44,0.0,1.31,39.21,751.01,0.0,0.0,0.0,4.44,25.81,0.1408
2019-07-07 16:00:00,188,16.0,48,2510,1,0,2402.5,3,35.0,36.01,744.08,807.14,382.7,352.8,0.579,204.29,319.18,315.66,148.51,3.53,152.04,14.75,17.57,0.0,1.31,39.21,751.01,0.0,0.0,0.0,4.44,156.48,0.8535
2019-07-07 16:00:00,188,16.0,49,2534,1,0,2402.5,3,35.0,35.39,582.61,807.14,382.7,276.24,0.5784,159.79,319.18,315.66,116.45,3.53,119.98,14.75,17.41,0.0,1.31,39.21,751.01,0.0,0.0,0.0,4.44,124.42,0.6787
2019-07-07 16:00:00,188,16.0,50,2531,1,0,2402.5,3,35.0,35.47,88.42,807.14,382.7,41.92,0.5785,24.25,319.18,315.66,17.67,3.53,21.2,14.75,17.43,0.0,1.31,39.21,751.01,0.0,0.0,0.0,4.44,25.64,0.1399
2019-07-07 16:00:00,188,16.0,51,2531,1,0,2402.5,3,35.0,35.47,92.42,807.14,382.7,43.82,0.5785,25.35,319.18,315.66,18.47,3.53,22.0,14.75,17.43,0.0,1.31,39.21,751.01,0.0,0.0,0.0,4.44,26.44,0.1442
2019-07-07 16:00:00,188,16.0,52,2531,1,0,2402.5,3,35.0,35.47,91.82,807.14,382.7,43.54,0.5785,25.19,319.18,315.66,18.35,3.53,21.88,14.75,17.43,0.0,1.31,39.21,751.01,0.0,0.0,0.0,4.44,26.32,0.1436
2019-07-07 16:00:00,188,16.0,53,2507,1,0,2402.5,3,35.0,36.09,91.0,807.14,382.7,43.15,0.5791,24.99,319.18,315.66,18.16,3.53,21.68,14.75,17.59,0.0,1.31,39.21,751.01,0.0,0.0,0.0,4.44,26.13,0.1425
2019-07-07 16:00:00,188,16.0,54,2494,1,0,2402.5,3,35.0,36.43,676.77,807.14,382.7,320.89,0.5795,185.94,319.18,315.66,134.95,3.53,138.47,14.75,17.67,0.0,1.31,39.21,751.01,0.0,0.0,0.0,4.44,142.92,0.7796
2019-07-07 16:00:00,188,16.0,55,2531,1,0,2402.5,3,35.0,35.47,92.37,807.14,382.7,43.8,0.5785,25.34,319.18,315.66,18.46,3.53,21.99,14.75,17.43,0.0,1.31,39.21,751.01,0.0,0.0,0.0,4.44,26.43,0.1442
2019-07-07 16:00:00,188,16.0,56,2531,1,0,2402.5,3,35.0,35.47,91.85,807.14,382.7,43.55,0.5785,25.19,319.18,315.66,18.36,3.53,21.88,14.75,17.43,0.0,1.31,39.21,751.01,0.0,0.0,0.0,4.44,26.32,0.1436
2019-07-07 16:00:00,188,16.0,57,2507,1,0,2402.5,3,35.0,36.09,91.06,807.14,382.7,43.17,0.5791,25.0,319.18,315.66,18.17,3.53,21.7,14.75,17.59,0.0,1.31,39.21,751.01,0.0,0.0,0.0,4.44,26.14,0.1426
2019-07-07 16:00:00,188,16.0,58,2494,1,0,2402.5,3,35.0,36.43,715.68,807.14,382.7,339.34,0.5795,196.63,319.18,315.66,142.71,3.53,146.23,14.75,17.67,0.0,1.31,39.21,751.01,0.0,0.0,0.0,4.44,150.68,0.8219
2019-07-07 16:00:00,188,16.0,59,2506,1,0,2402.5,3,35.0,36.12,92.37,807.14,382.7,43.8,0.5791,25.36,319.18,315.66,18.43,3.53,21.96,14.75,17.6,0.0,1.31,39.21,751.01,0.0,0.0,0.0,4.44,26.4,0.144
2019-07-07 16:00:00,188,16.0,60,2506,1,0,2402.5,3,35.0,36.12,91.92,807.14,382.7,43.58,0.5791,25.24,319.18,315.66,18.34,3.53,21.87,14.75,17.6,0.0,1.31,39.21,751.01,0.0,0.0,0.0,4.44,26.31,0.1435
2019-07-07 16:00:00,188,16.0,61,2485,1,0,2402.5,3,35.0,36.66,90.63,807.14,382.7,42.97,0.5797,24.91,319.18,315.66,18.06,3.53,21.59,14.75,17.73,0.0,1.31,39.21,751.01,0.0,0.0,0.0,4.44,26.03,0.142
2019-07-07 16:00:00,188,16.0,62,2469,1,0,2402.5,3,35.0,37.08,764.95,807.14,382.7,362.7,0.5801,210.39,319.18,315.66,152.3,3.53,155.83,14.75,17.84,0.0,1.31,39.21,751.01,0.0,0.0,0.0,4.44,160.27,0.8742
2019-07-07 16:00:00,188,16.0,63,2506,1,0,2402.5,3,35.0,36.12,86.5,807.14,382.7,41.01,0.5791,23.75,319.18,315.66,17.26,3.53,20.79,14.75,17.6,0.0,1.31,39.21,751.01,0.0,0.0,0.0,4.44,25.23,0.1376
2019-07-07 16:00:00,188,16.0,64,2506,1,0,2402.5,3,35.0,36.12,92.73,807.14,382.7,43.97,0.5791,25.46,319.18,315.66,18.5,3.53,22.03,14.75,17.6,0.0,1.31,39.21,751.01,0.0,0.0,0.0,4.44,26.47,0.1444
2019-07-07 16:00:00,188,16.0,65,2506,1,0,2402.5,3,35.0,36.12,92.43,807.14,382.7,43.83,0.5791,25.38,319.18,315.66,18.44,3.53,21.97,14.75,17.6,0.0,1.31,39.21,751.01,0.0,0.0,0.0,4.44,26.41,0.1441
2019-07-07 16:00:00,188,16.0,66,2485,1,0,2402.5,3,35.0,36.66,603.53,807.14,382.7,286.16,0.5797,165.88,319.18,315.66,120.28,3.53,123.81,14.75,17.73,0.0,1.31,39.21,751.01,0.0,0.0,0.0,4.44,128.25,0.6995
2019-07-07 16:00:00,188,16.0,67,2455,1,0,2402.5,3,35.0,37.44,681.04,807.14,382.7,322.91,0.5804,187.43,319.18,315.66,135.48,3.53,139.01,14.75,17.93,0.0,1.31,39.21,751.01,0.0,0.0,0.0,4.44,143.45,0.7825
2019-07-07 16:00:00,188,16.0,68,2489,1,0,2402.5,3,35.0,36.56,85.4,807.14,382.7,40.49,0.5796,23.47,319.18,315.66,17.02,3.53,20.55,14.75,17.71,0.0,1.31,39.21,751.01,0.0,0.0,0.0,4.44,24.99,0.1363
2019-07-07 16:00:00,188,16.0,69,2489,1,0,2402.5,3,35.0,36.56,92.57,807.14,382.7,43.89,0.5796,25.44,319.18,315.66,18.45,3.53,21.98,14.75,17.71,0.0,1.31,39.21,751.01,0.0,0.0,0.0,4.44,26.42,0.1441
2019-07-07 16:00:00,188,16.0,70,2489,1,0,2402.5,3,35.0,36.56,92.32,807.14,382.7,43.77,0.5796,25.37,319.18,315.66,18.4,3.53,21.93,14.75,17.71,0.0,1.31,39.21,751.01,0.0,0.0,0.0,4.44,26.37,0.1438
2019-07-07 16:00:00,188,16.0,71,2477,1,0,2402.5,3,35.0,36.87,631.64,807.14,382.7,299.49,0.5799,173.67,319.18,315.66,125.82,3.53,129.35,14.75,17.79,0.0,1.31,39.21,751.01,0.0,0.0,0.0,4.44,133.79,0.7298
2019-07-07 16:00:00,188,16.0,72,2455,1,0,2402.5,3,35.0,37.44,670.8,807.14,382.7,318.05,0.5804,184.61,319.18,315.66,133.44,3.53,136.97,14.75,17.93,0.0,1.31,39.21,751.01,0.0,0.0,0.0,4.44,141.41,0.7713
2019-07-07 16:00:00,188,16.0,73,2485,1,0,2402.5,3,35.0,36.66,84.0,807.14,382.7,39.83,0.5797,23.09,319.18,315.66,16.74,3.53,20.27,14.75,17.73,0.0,1.31,39.21,751.01,0.0,0.0,0.0,4.44,24.71,0.1348
2019-07-07 16:00:00,188,16.0,74,2485,1,0,2402.5,3,35.0,36.66,92.92,807.14,382.7,44.06,0.5797,25.54,319.18,315.66,18.52,3.53,22.04,14.75,17.73,0.0,1.31,39.21,751.01,0.0,0.0,0.0,4.44,26.49,0.1445
2019-07-07 16:00:00,188,16.0,75,2485,1,0,2402.5,3,35.0,36.66,92.37,807.14,382.7,43.8,0.5797,25.39,319.18,315.66,18.41,3.53,21.93,14.75,17.73,0.0,1.31,39.21,751.01,0.0,0.0,0.0,4.44,26.38,0.1439
2019-07-07 16:00:00,188,16.0,76,2466,1,0,2402.5,3,35.0,37.16,663.71,807.14,382.7,314.69,0.5802,182.57,319.18,315.66,132.12,3.53,135.65,14.75,17.86,0.0,1.31,39.21,751.01,0.0,0.0,0.0,4.44,140.09,0.7641
2019-07-07 16:00:00,188,16.0,77,2445,1,0,2402.5,3,35.0,37.7,767.9,807.14,382.7,364.09,0.5807,211.43,319.18,315.66,152.67,3.53,156.19,14.75,17.99,0.0,1.31,39.21,751.01,0.0,0.0,0.0,4.44,160.64,0.8762
2019-07-07 16:00:00,188,16.0,78,2478,1,0,2402.5,3,35.0,36.85,92.92,807.14,382.7,44.06,0.5799,25.55,319.18,315.66,18.51,3.53,22.04,14.75,17.78,0.0,1.31,39.21,751.01,0.0,0.0,0.0,4.44,26.48,0.1444
2019-07-07 16:00:00,188,16.0,79,2478,1,0,2402.5,3,35.0,36.85,91.9,807.14,382.7,43.57,0.5799,25.27,319.18,315.66,18.31,3.53,21.83,14.75,17.78,0.0,1.31,39.21,751.01,0.0,0.0,0.0,4.44,26.28,0.1433
2019-07-07 16:00:00,188,16.0,80,2449,1,0,2402.5,3,35.0,37.6,88.53,807.14,382.7,41.97,0.5806,24.37,319.18,315.66,17.6,3.53,21.13,14.75,17.97,0.0,1.31,39.21,751.01,0.0,0.0,0.0,4.44,25.57,0.1395
2019-07-07 16:00:00,188,16.0,81,2412,1,0,2402.5,3,35.0,38.56,779.8,807.14,382.7,369.74,0.5815,215.01,319.18,315.66,154.72,3.53,158.25,14.75,18.21,0.0,1.31,39.21,751.01,0.0,0.0,0.0,4.44,162.69,0.8874
2019-07-07 16:00:00,188,16.0,82,2443,1,0,2402.5,3,35.0,37.76,879.14,807.14,382.7,416.84,0.5807,242.08,319.18,315.66,174.76,3.53,178.29,14.75,18.01,0.0,1.31,39.21,751.01,0.0,0.0,0.0,4.44,182.73,0.9967
2019-07-07 16:00:00,188,16.0,83,2474,1,0,2402.5,3,35.0,36.95,93.05,807.14,382.7,44.12,0.58,25.59,319.18,315.66,18.53,3.53,22.06,14.75,17.8,0.0,1.31,39.21,751.01,0.0,0.0,0.0,4.44,26.5,0.1446
2019-07-07 16:00:00,188,16.0,84,2474,1,0,2402.5,3,35.0,36.95,91.46,807.14,382.7,43.37,0.58,25.15,319.18,315.66,18.22,3.53,21.74,14.75,17.8,0.0,1.31,39.21,751.01,0.0,0.0,0.0,4.44,26.19,0.1428
2019-07-07 16:00:00,188,16.0,85,2436,1,0,2402.5,3,35.0,37.94,86.97,807.14,382.7,41.24,0.5809,23.95,319.18,315.66,17.28,3.53,20.81,14.75,18.05,0.0,1.31,39.21,751.01,0.0,0.0,0.0,4.44,25.25,0.1377
2019-07-07 16:00:00,188,16.0,86,2397,0,0,2402.5,3,35.0,38.95,90.87,807.14,382.7,43.08,0.2445,10.53,319.18,315.66,32.55,3.53,36.08,14.75,18.3,0.0,1.31,39.21,751.01,0.0,0.0,0.0,24.44,60.52,0.3252
2019-07-07 16:00:00,188,16.0,87,2415,1,0,2402.5,3,35.0,38.48,841.44,807.14,382.7,398.96,0.5815,231.98,319.18,315.66,166.98,3.53,170.51,14.75,18.19,0.0,1.31,39.21,751.01,0.0,0.0,0.0,4.44,174.95,0.9543
2019-07-07 16:00:00,188,16.0,88,2476,1,0,2402.5,3,35.0,36.9,90.18,807.14,382.7,42.76,0.5799,24.8,319.18,315.66,17.96,3.53,21.49,14.75,17.79,0.0,1.31,39.21,751.01,0.0,0.0,0.0,4.44,25.93,0.1414
2019-07-07 16:00:00,188,16.0,89,2428,1,0,2402.5,3,35.0,38.15,84.72,807.14,382.7,40.17,0.5811,23.34,319.18,315.66,16.83,3.53,20.35,14.75,18.1,0.0,1.31,39.21,751.01,0.0,0.0,0.0,4.44,24.8,0.1353
2019-07-07 16:00:00,188,16.0,90,2377,0,0,2402.5,3,35.0,39.47,668.95,807.14,382.7,317.18,0.245,77.7,319.18,315.66,239.48,3.53,243.01,14.75,18.43,0.0,1.31,39.21,751.01,0.0,0.0,0.0,24.44,267.45,1.437
2019-07-07 16:00:00,188,16.0,91,2378,0,0,2402.5,3,35.0,39.45,801.61,807.14,382.7,380.08,0.2449,93.1,319.18,315.66,286.98,3.53,290.51,14.75,18.43,0.0,1.31,39.21,751.01,0.0,0.0,0.0,24.44,314.95,1.6923
2019-07-07 16:00:00,188,16.0,92,2496,1,0,2402.5,3,35.0,36.38,230.33,807.14,382.7,109.21,0.5794,63.28,319.18,315.66,45.93,3.53,49.46,14.75,17.66,0.0,1.31,39.21,751.01,0.0,0.0,0.0,4.44,53.9,0.294
2019-07-07 16:00:00,188,16.0,93,2423,1,0,2402.5,3,35.0,38.28,79.9,807.14,382.7,37.88,0.5813,22.02,319.18,315.66,15.86,3.53,19.39,14.75,18.14,0.0,1.31,39.21,751.01,0.0,0.0,0.0,4.44,23.83,0.13
2019-07-07 16:00:00,188,16.0,95,2372,0,0,2402.5,3,35.0,39.6,546.05,807.14,382.7,258.91,0.2451,63.46,319.18,315.66,195.45,3.53,198.98,14.75,18.47,0.0,1.31,39.21,751.01,0.0,0.0,0.0,24.44,223.42,1.2005
2019-07-07 16:00:00,188,16.0,97,2358,0,0,2402.5,3,35.0,39.97,702.01,807.14,382.7,332.86,0.2454,81.7,319.18,315.66,251.16,3.53,254.68,14.75,18.56,0.0,1.31,39.21,751.01,0.0,0.0,0.0,24.44,279.13,1.4998
2019-07-07 16:00:00,188,16.0,98,2554,1,0,2402.5,3,35.0,34.87,183.55,807.14,382.7,87.03,0.5779,50.3,319.18,315.66,36.73,3.53,40.26,14.75,17.28,0.0,1.31,39.21,751.01,0.0,0.0,0.0,4.44,44.7,0.2438
2019-07-07 16:00:00,188,16.0,99,2451,1,0,2402.5,3,35.0,37.55,74.21,807.14,382.7,35.19,0.5805,20.43,319.18,315.66,14.76,3.53,18.28,14.75,17.95,0.0,1.31,39.21,751.01,0.0,0.0,0.0,4.44,22.73,0.124
2019-07-07 16:00:00,188,16.0,100,2361,0,0,2402.5,3,35.0,39.89,84.66,807.14,382.7,40.14,0.2454,9.85,319.18,315.66,30.29,3.53,33.82,14.75,18.54,0.0,1.31,39.21,751.01,0.0,0.0,0.0,24.44,58.26,0.313
2019-07-07 16:30:00,188,16.5,94,2563,1,0,2402.5,3,35.0,34.64,850.46,750.5,275.7,312.42,0.5777,180.49,320.81,315.66,131.93,5.15,137.09,13.3,17.23,0.0,1.31,41.48,751.12,0.0,0.0,0.0,4.44,141.53,0.772
2019-07-07 16:30:00,188,16.5,96,2549,1,0,2402.5,3,35.0,35.0,750.5,750.5,275.7,275.7,0.5781,159.37,320.81,315.66,116.33,5.15,121.48,13.3,17.32,0.0,1.31,41.48,751.12,0.0,0.0,0.0,4.44,125.93,0.6869
2019-07-07 16:30:00,188,16.5,1,2612,1,0,2402.5,3,35.0,33.36,830.21,750.5,275.7,304.98,0.5765,175.81,320.81,315.66,129.17,5.15,134.33,13.3,16.91,0.0,1.31,41.48,751.12,0.0,0.0,0.0,4.44,138.77,0.7569
2019-07-07 16:30:00,188,16.5,2,2612,1,0,2402.5,3,35.0,33.36,840.74,750.5,275.7,308.85,0.5765,178.04,320.81,315.66,130.81,5.15,135.97,13.3,16.91,0.0,1.31,41.48,751.12,0.0,0.0,0.0,4.44,140.41,0.7659
2019-07-07 16:30:00,188,16.5,3,2610,1,0,2402.5,3,35.0,33.41,789.51,750.5,275.7,290.03,0.5765,167.21,320.81,315.66,122.82,5.15,127.98,13.3,16.92,0.0,1.31,41.48,751.12,0.0,0.0,0.0,4.44,132.42,0.7223
2019-07-07 16:30:00,188,16.5,4,2583,1,0,2402.5,3,35.0,34.12,772.19,750.5,275.7,283.67,0.5772,163.73,320.81,315.66,119.94,5.15,125.09,13.3,17.1,0.0,1.31,41.48,751.12,0.0,0.0,0.0,4.44,129.54,0.7066
2019-07-07 16:30:00,188,16.5,5,2583,1,0,2402.5,3,35.0,34.12,732.9,750.5,275.7,269.24,0.5772,155.4,320.81,315.66,113.83,5.15,118.99,13.3,17.1,0.0,1.31,41.48,751.12,0.0,0.0,0.0,4.44,123.43,0.6733
2019-07-07 16:30:00,188,16.5,6,2546,1,0,2402.5,3,35.0,35.08,712.84,750.5,275.7,261.87,0.5781,151.39,320.81,315.66,110.47,5.15,115.63,13.3,17.34,0.0,1.31,41.48,751.12,0.0,0.0,0.0,4.44,120.07,0.6549
2019-07-07 16:30:00,188,16.5,7,2546,1,0,2402.5,3,35.0,35.08,676.97,750.5,275.7,248.69,0.5781,143.78,320.81,315.66,104.91,5.15,110.07,13.3,17.34,0.0,1.31,41.48,751.12,0.0,0.0,0.0,4.44,114.51,0.6246
2019-07-07 16:30:00,188,16.5,8,2639,1,0,2402.5,3,35.0,32.66,827.77,750.5,275.7,304.08,0.5758,175.08,320.81,315.66,129.0,5.15,134.16,13.3,16.73,0.0,1.31,41.48,751.12,0.0,0.0,0.0,4.44,138.6,0.756
2019-07-07 16:30:00,188,16.5,9,2610,1,0,2402.5,3,35.0,33.41,823.67,750.5,275.7,302.58,0.5765,174.44,320.81,315.66,128.14,5.15,133.29,13.3,16.92,0.0,1.31,41.48,751.12,0.0,0.0,0.0,4.44,137.74,0.7513
2019-07-07 16:30:00,188,16.5,10,2579,1,0,2402.5,3,35.0,34.22,795.38,750.5,275.7,292.19,0.5773,168.68,320.81,315.66,123.51,5.15,128.66,13.3,17.12,0.0,1.31,41.48,751.12,0.0,0.0,0.0,4.44,133.11,0.726
2019-07-07 16:30:00,188,16.5,11,2579,1,0,2402.5,3,35.0,34.22,792.45,750.5,275.7,291.11,0.5773,168.06,320.81,315.66,123.05,5.15,128.21,13.3,17.12,0.0,1.31,41.48,751.12,0.0,0.0,0.0,4.44,132.65,0.7236
2019-07-07 16:30:00,188,16.5,12,2546,1,0,2402.5,3,35.0,35.08,800.72,750.5,275.7,294.15,0.5781,170.06,320.81,315.66,124.09,5.15,129.25,13.3,17.34,0.0,1.31,41.48,751.12,0.0,0.0,0.0,4.44,133.69,0.7292
2019-07-07 16:30:00,188,16.5,13,2530,1,0,2402.5,3,35.0,35.49,832.31,750.5,275.7,305.75,0.5785,176.89,320.81,315.66,128.86,5.15,134.02,13.3,17.44,0.0,1.31,41.48,751.12,0.0,0.0,0.0,4.44,138.46,0.7553
2019-07-07 16:30:00,188,16.5,14,2530,1,0,2402.5,3,35.0,35.49,808.52,750.5,275.7,297.01,0.5785,171.83,320.81,315.66,125.18,5.15,130.33,13.3,17.44,0.0,1.31,41.48,751.12,0.0,0.0,0.0,4.44,134.78,0.7352
2019-07-07 16:30:00,188,16.5,15,2494,1,0,2402.5,3,35.0,36.43,790.24,750.5,275.7,290.3,0.5795,168.21,320.81,315.66,122.09,5.15,127.24,13.3,17.67,0.0,1.31,41.48,751.12,0.0,0.0,0.0,4.44,131.68,0.7183
2019-07-07 16:30:00,188,16.5,16,2494,1,0,2402.5,3,35.0,36.43,780.2,750.5,275.7,286.61,0.5795,166.08,320.81,315.66,120.53,5.15,125.69,13.3,17.67,0.0,1.31,41.48,751.12,0.0,0.0,0.0,4.44,130.13,0.7098
2019-07-07 16:30:00,188,16.5,17,2462,1,0,2402.5,3,35.0,37.26,783.89,750.5,275.7,287.97,0.5803,167.1,320.81,315.66,120.87,5.15,126.03,13.3,17.88,0.0,1.31,41.48,751.12,0.0,0.0,0.0,4.44,130.47,0.7117
2019-07-07 16:30:00,188,16.5,18,2630,1,0,2402.5,3,35.0,32.89,818.37,750.5,275.7,300.63,0.576,173.16,320.81,315.66,127.47,5.15,132.62,13.3,16.79,0.0,1.31,41.48,751.12,0.0,0.0,0.0,4.44,137.07,0.7476
2019-07-07 16:30:00,188,16.5,19,2630,1,0,2402.5,3,35.0,32.89,836.73,750.5,275.7,307.38,0.576,177.05,320.81,315.66,130.33,5.15,135.48,13.3,16.79,0.0,1.31,41.48,751.12,0.0,0.0,0.0,4.44,139.93,0.7632
2019-07-07 16:30:00,188,16.5,20,2604,1,0,2402.5,3,35.0,33.57,839.89,750.5,275.7,308.54,0.5767,177.92,320.81,315.66,130.62,5.15,135.77,13.3,16.96,0.0,1.31,41.48,751.12,0.0,0.0,0.0,4.44,140.21,0.7648
2019-07-07 16:30:00,188,16.5,21,2563,1,0,2402.5,3,35.0,34.64,850.46,750.5,275.7,312.42,0.5777,180.49,320.81,315.66,131.93,5.15,137.09,13.3,17.23,0.0,1.31,41.48,751.12,0.0,0.0,0.0,4.44,141.53,0.772
2019-07-07 16:30:00,188,16.5,22,2556,1,0,2402.5,3,35.0,34.82,816.65,750.5,275.7,300.0,0.5779,173.36,320.81,315.66,126.64,5.15,131.79,13.3,17.27,0.0,1.31,41.48,751.12,0.0,0.0,0.0,4.44,136.24,0.7431
2019-07-07 16:30:00,188,16.5,23,2549,1,0,2402.5,3,35.0,35.0,750.5,750.5,275.7,275.7,0.5781,159.37,320.81,315.66,116.33,5.15,121.48,13.3,17.32,0.0,1.31,41.48,751.12,0.0,0.0,0.0,4.44,125.93,0.6869
2019-07-07 16:30:00,188,16.5,24,2549,1,0,2402.5,3,35.0,35.0,696.39,750.5,275.7,255.82,0.5781,147.88,320.81,315.66,107.94,5.15,113.1,13.3,17.32,0.0,1.31,41.48,751.12,0.0,0.0,0.0,4.44,117.54,0.6411
2019-07-07 16:30:00,188,16.5,25,2524,1,0,2402.5,3,35.0,35.65,657.63,750.5,275.7,241.58,0.5787,139.8,320.81,315.66,101.78,5.15,106.94,13.3,17.48,0.0,1.31,41.48,751.12,0.0,0.0,0.0,4.44,111.38,0.6075
2019-07-07 16:30:00,188,16.5,26,2502,1,0,2402.5,3,35.0,36.22,692.62,750.5,275.7,254.44,0.5792,147.38,320.81,315.66,107.05,5.15,112.21,13.3,17.62,0.0,1.31,41.48,751.12,0.0,0.0,0.0,4.44,116.65,0.6363
2019-07-07 16:30:00,188,16.5,27,2502,1,0,2402.5,3,35.0,36.22,687.08,750.5,275.7,252.4,0.5792,146.2,320.81,315.66,106.2,5.15,111.35,13.3,17.62,0.0,1.31,41.48,751.12,0.0,0.0,0.0,4.44,115.8,0.6316
2019-07-07 16:30:00,188,16.5,28,2477,1,0,2402.5,3,35.0,36.87,661.19,750.5,275.7,242.89,0.5799,140.85,320.81,315.66,102.04,5.15,107.2,13.3,17.79,0.0,1.31,41.48,751.12,0.0,0.0,0.0,4.44,111.64,0.609
2019-07-07 16:30:00,188,16.5,29,2477,1,0,2402.5,3,35.0,36.87,630.41,750.5,275.7,231.59,0.5799,134.29,320.81,315.66,97.29,5.15,102.45,13.3,17.79,0.0,1.31,41.48,751.12,0.0,0.0,0.0,4.44,106.89,0.5831
2019-07-07 16:30:00,188,16.5,30,2440,1,0,2402.5,3,35.0,37.83,597.43,750.5,275.7,219.47,0.5808,127.47,320.81,315.66,92.0,5.15,97.15,13.3,18.03,0.0,1.31,41.48,751.12,0.0,0.0,0.0,4.44,101.6,0.5542
2019-07-07 16:30:00,188,16.5,31,2620,1,0,2402.5,3,35.0,33.15,70.82,750.5,275.7,26.02,0.5763,14.99,320.81,315.66,11.02,5.15,16.18,13.3,16.86,0.0,1.31,41.48,751.12,0.0,0.0,0.0,4.44,20.62,0.1125
2019-07-07 16:30:00,188,16.5,32,2576,1,0,2402.5,3,35.0,34.3,82.3,750.5,275.7,30.23,0.5774,17.46,320.81,315.66,12.78,5.15,17.93,13.3,17.14,0.0,1.31,41.48,751.12,0.0,0.0,0.0,4.44,22.38,0.1221
2019-07-07 16:30:00,188,16.5,33,2576,1,0,2402.5,3,35.0,34.3,83.21,750.5,275.7,30.57,0.5774,17.65,320.81,315.66,12.92,5.15,18.07,13.3,17.14,0.0,1.31,41.48,751.12,0.0,0.0,0.0,4.44,22.52,0.1228
2019-07-07 16:30:00,188,16.5,34,2576,1,0,2402.5,3,35.0,34.3,810.64,750.5,275.7,297.79,0.5774,171.94,320.81,315.66,125.86,5.15,131.01,13.3,17.14,0.0,1.31,41.48,751.12,0.0,0.0,0.0,4.44,135.45,0.7388
2019-07-07 16:30:00,188,16.5,35,2556,1,0,2402.5,3,35.0,34.82,764.48,750.5,275.7,280.84,0.5779,162.29,320.81,315.66,118.55,5.15,123.7,13.3,17.27,0.0,1.31,41.48,751.12,0.0,0.0,0.0,4.44,128.15,0.699
2019-07-07 16:30:00,188,16.5,36,2533,1,0,2402.5,3,35.0,35.42,739.08,750.5,275.7,271.51,0.5785,157.06,320.81,315.66,114.45,5.15,119.6,13.3,17.42,0.0,1.31,41.48,751.12,0.0,0.0,0.0,4.44,124.05,0.6766
2019-07-07 16:30:00,188,16.5,37,2532,1,0,2402.5,3,35.0,35.44,685.42,750.5,275.7,251.79,0.5785,145.66,320.81,315.66,106.13,5.15,111.29,13.3,17.43,0.0,1.31,41.48,751.12,0.0,0.0,0.0,4.44,115.73,0.6313
2019-07-07 16:30:00,188,16.5,38,2534,1,0,2402.5,3,35.0,35.39,625.97,750.5,275.7,229.95,0.5784,133.01,320.81,315.66,96.94,5.15,102.1,13.3,17.41,0.0,1.31,41.48,751.12,0.0,0.0,0.0,4.44,106.54,0.5811
2019-07-07 16:30:00,188,16.5,39,2534,1,0,2402.5,3,35.0,35.39,569.1,750.5,275.7,209.06,0.5784,120.93,320.81,315.66,88.13,5.15,93.29,13.3,17.41,0.0,1.31,41.48,751.12,0.0,0.0,0.0,4.44,97.73,0.5331
2019-07-07 16:30:00,188,16.5,40,2515,1,0,2402.5,3,35.0,35.88,502.99,750.5,275.7,184.78,0.5789,106.97,320.81,315.66,77.81,5.15,82.96,13.3,17.54,0.0,1.31,41.48,751.12,0.0,0.0,0.0,4.44,87.41,0.4768
2019-07-07 16:30:00,188,16.5,41,2487,1,0,2402.5,3,35.0,36.61,508.85,750.5,275.7,186.93,0.5796,108.35,320.81,315.66,78.58,5.15,83.74,13.3,17.72,0.0,1.31,41.48,751.12,0.0,0.0,0.0,4.44,88.18,0.481
2019-07-07 16:30:00,188,16.5,42,2487,1,0,2402.5,3,35.0,36.61,533.67,750.5,275.7,196.05,0.5796,113.64,320.81,315.66,82.41,5.15,87.57,13.3,17.72,0.0,1.31,41.48,751.12,0.0,0.0,0.0,4.44,92.01,0.5019
2019-07-07 16:30:00,188,16.5,43,2464,1,0,2402.5,3,35.0,37.21,564.73,750.5,275.7,207.46,0.5802,120.37,320.81,315.66,87.09,5.15,92.24,13.3,17.87,0.0,1.31,41.48,751.12,0.0,0.0,0.0,4.44,96.69,0.5274
2019-07-07 16:30:00,188,16.5,44,2555,1,0,2402.5,3,35.0,34.84,83.97,750.5,275.7,30.85,0.5779,17.83,320.81,315.66,13.02,5.15,18.18,13.3,17.28,0.0,1.31,41.48,751.12,0.0,0.0,0.0,4.44,22.62,0.1234
2019-07-07 16:30:00,188,16.5,45,2555,1,0,2402.5,3,35.0,34.84,86.17,750.5,275.7,31.66,0.5779,18.29,320.81,315.66,13.36,5.15,18.52,13.3,17.28,0.0,1.31,41.48,751.12,0.0,0.0,0.0,4.44,22.96,0.1252
2019-07-07 16:30:00,188,16.5,46,2555,1,0,2402.5,3,35.0,34.84,85.6,750.5,275.7,31.44,0.5779,18.17,320.81,315.66,13.27,5.15,18.43,13.3,17.28,0.0,1.31,41.48,751.12,0.0,0.0,0.0,4.44,22.87,0.1248
2019-07-07 16:30:00,188,16.5,47,2530,1,0,2402.5,3,35.0,35.49,84.57,750.5,275.7,31.07,0.5785,17.97,320.81,315.66,13.09,5.15,18.25,13.3,17.44,0.0,1.31,41.48,751.12,0.0,0.0,0.0,4.44,22.69,0.1238
2019-07-07 16:30:00,188,16.5,48,2510,1,0,2402.5,3,35.0,36.01,86.95,750.5,275.7,31.94,0.579,18.5,320.81,315.66,13.45,5.15,18.6,13.3,17.57,0.0,1.31,41.48,751.12,0.0,0.0,0.0,4.44,23.05,0.1257
2019-07-07 16:30:00,188,16.5,49,2534,1,0,2402.5,3,35.0,35.39,512.97,750.5,275.7,188.44,0.5784,109.0,320.81,315.66,79.44,5.15,84.6,13.3,17.41,0.0,1.31,41.48,751.12,0.0,0.0,0.0,4.44,89.04,0.4857
2019-07-07 16:30:00,188,16.5,50,2531,1,0,2402.5,3,35.0,35.47,83.77,750.5,275.7,30.77,0.5785,17.8,320.81,315.66,12.97,5.15,18.13,13.3,17.43,0.0,1.31,41.48,751.12,0.0,0.0,0.0,4.44,22.57,0.1231
2019-07-07 16:30:00,188,16.5,51,2531,1,0,2402.5,3,35.0,35.47,87.56,750.5,275.7,32.17,0.5785,18.61,320.81,315.66,13.56,5.15,18.71,13.3,17.43,0.0,1.31,41.48,751.12,0.0,0.0,0.0,4.44,23.16,0.1263
2019-07-07 16:30:00,188,16.5,52,2531,1,0,2402.5,3,35.0,35.47,86.99,750.5,275.7,31.96,0.5785,18.49,320.81,315.66,13.47,5.15,18.62,13.3,17.43,0.0,1.31,41.48,751.12,0.0,0.0,0.0,4.44,23.07,0.1258
2019-07-07 16:30:00,188,16.5,53,2507,1,0,2402.5,3,35.0,36.09,86.21,750.5,275.7,31.67,0.5791,18.34,320.81,315.66,13.33,5.15,18.48,13.3,17.59,0.0,1.31,41.48,751.12,0.0,0.0,0.0,4.44,22.93,0.1251
2019-07-07 16:30:00,188,16.5,54,2494,1,0,2402.5,3,35.0,36.43,87.86,750.5,275.7,32.28,0.5795,18.7,320.81,315.66,13.57,5.15,18.73,13.3,17.67,0.0,1.31,41.48,751.12,0.0,0.0,0.0,4.44,23.17,0.1264
2019-07-07 16:30:00,188,16.5,55,2531,1,0,2402.5,3,35.0,35.47,87.51,750.5,275.7,32.15,0.5785,18.6,320.81,315.66,13.55,5.15,18.7,13.3,17.43,0.0,1.31,41.48,751.12,0.0,0.0,0.0,4.44,23.15,0.1263
2019-07-07 16:30:00,188,16.5,56,2531,1,0,2402.5,3,35.0,35.47,87.01,750.5,275.7,31.97,0.5785,18.49,320.81,315.66,13.47,5.15,18.63,13.3,17.43,0.0,1.31,41.48,751.12,0.0,0.0,0.0,4.44,23.07,0.1258
2019-07-07 16:30:00,188,16.5,57,2507,1,0,2402.5,3,35.0,36.09,86.27,750.5,275.7,31.69,0.5791,18.35,320.81,315.66,13.34,5.15,18.49,13.3,17.59,0.0,1.31,41.48,751.12,0.0,0.0,0.0,4.44,22.94,0.1251
2019-07-07 16:30:00,188,16.5,58,2494,1,0,2402.5,3,35.0,36.43,87.35,750.5,275.7,32.09,0.5795,18.59,320.81,315.66,13.49,5.15,18.65,13.3,17.67,0.0,1.31,41.48,751.12,0.0,0.0,0.0,4.44,23.09,0.126
2019-07-07 16:30:00,188,16.5,59,2506,1,0,2402.5,3,35.0,36.12,87.51,750.5,275.7,32.15,0.5791,18.62,320.81,315.66,13.53,5.15,18.68,13.3,17.6,0.0,1.31,41.48,751.12,0.0,0.0,0.0,4.44,23.13,0.1262
2019-07-07 16:30:00,188,16.5,60,2506,1,0,2402.5,3,35.0,36.12,87.08,750.5,275.7,31.99,0.5791,18.53,320.81,315.66,13.46,5.15,18.62,13.3,17.6,0.0,1.31,41.48,751.12,0.0,0.0,0.0,4.44,23.06,0.1258
2019-07-07 16:30:00,188,16.5,61,2485,1,0,2402.5,3,35.0,36.66,85.86,750.5,275.7,31.54,0.5797,18.28,320.81,315.66,13.26,5.15,18.41,13.3,17.73,0.0,1.31,41.48,751.12,0.0,0.0,0.0,4.44,22.86,0.1247
2019-07-07 16:30:00,188,16.5,62,2469,1,0,2402.5,3,35.0,37.08,86.7,750.5,275.7,31.85,0.5801,18.48,320.81,315.66,13.37,5.15,18.53,13.3,17.84,0.0,1.31,41.48,751.12,0.0,0.0,0.0,4.44,22.97,0.1253
2019-07-07 16:30:00,188,16.5,63,2506,1,0,2402.5,3,35.0,36.12,81.95,750.5,275.7,30.11,0.5791,17.44,320.81,315.66,12.67,5.15,17.82,13.3,17.6,0.0,1.31,41.48,751.12,0.0,0.0,0.0,4.44,22.27,0.1215
2019-07-07 16:30:00,188,16.5,64,2506,1,0,2402.5,3,35.0,36.12,87.86,750.5,275.7,32.27,0.5791,18.69,320.81,315.66,13.58,5.15,18.74,13.3,17.6,0.0,1.31,41.48,751.12,0.0,0.0,0.0,4.44,23.18,0.1264
2019-07-07 16:30:00,188,16.5,65,2506,1,0,2402.5,3,35.0,36.12,87.57,750.5,275.7,32.17,0.5791,18.63,320.81,315.66,13.54,5.15,18.69,13.3,17.6,0.0,1.31,41.48,751.12,0.0,0.0,0.0,4.44,23.14,0.1262
2019-07-07 16:30:00,188,16.5,66,2485,1,0,2402.5,3,35.0,36.66,86.19,750.5,275.7,31.66,0.5797,18.35,320.81,315.66,13.31,5.15,18.46,13.3,17.73,0.0,1.31,41.48,751.12,0.0,0.0,0.0,4.44,22.91,0.1249
2019-07-07 16:30:00,188,16.5,67,2455,1,0,2402.5,3,35.0,37.44,87.86,750.5,275.7,32.28,0.5804,18.73,320.81,315.66,13.54,5.15,18.7,13.3,17.93,0.0,1.31,41.48,751.12,0.0,0.0,0.0,4.44,23.14,0.1262
2019-07-07 16:30:00,188,16.5,68,2489,1,0,2402.5,3,35.0,36.56,80.91,750.5,275.7,29.72,0.5796,17.23,320.81,315.66,12.5,5.15,17.65,13.3,17.71,0.0,1.31,41.48,751.12,0.0,0.0,0.0,4.44,22.1,0.1205
2019-07-07 16:30:00,188,16.5,69,2489,1,0,2402.5,3,35.0,36.56,87.7,750.5,275.7,32.22,0.5796,18.67,320.81,315.66,13.54,5.15,18.7,13.3,17.71,0.0,1.31,41.48,751.12,0.0,0.0,0.0,4.44,23.14,0.1262
2019-07-07 16:30:00,188,16.5,70,2489,1,0,2402.5,3,35.0,36.56,87.46,750.5,275.7,32.13,0.5796,18.62,320.81,315.66,13.51,5.15,18.66,13.3,17.71,0.0,1.31,41.48,751.12,0.0,0.0,0.0,4.44,23.11,0.126
2019-07-07 16:30:00,188,16.5,71,2477,1,0,2402.5,3,35.0,36.87,86.31,750.5,275.7,31.71,0.5799,18.39,320.81,315.66,13.32,5.15,18.47,13.3,17.79,0.0,1.31,41.48,751.12,0.0,0.0,0.0,4.44,22.92,0.125
2019-07-07 16:30:00,188,16.5,72,2455,1,0,2402.5,3,35.0,37.44,597.82,750.5,275.7,219.61,0.5804,127.47,320.81,315.66,92.14,5.15,97.3,13.3,17.93,0.0,1.31,41.48,751.12,0.0,0.0,0.0,4.44,101.74,0.5549
2019-07-07 16:30:00,188,16.5,73,2485,1,0,2402.5,3,35.0,36.66,79.58,750.5,275.7,29.24,0.5797,16.95,320.81,315.66,12.29,5.15,17.44,13.3,17.73,0.0,1.31,41.48,751.12,0.0,0.0,0.0,4.44,21.89,0.1194
2019-07-07 16:30:00,188,16.5,74,2485,1,0,2402.5,3,35.0,36.66,88.03,750.5,275.7,32.34,0.5797,18.75,320.81,315.66,13.59,5.15,18.75,13.3,17.73,0.0,1.31,41.48,751.12,0.0,0.0,0.0,4.44,23.19,0.1265
2019-07-07 16:30:00,188,16.5,75,2485,1,0,2402.5,3,35.0,36.66,87.51,750.5,275.7,32.15,0.5797,18.64,320.81,315.66,13.51,5.15,18.67,13.3,17.73,0.0,1.31,41.48,751.12,0.0,0.0,0.0,4.44,23.11,0.1261
2019-07-07 16:30:00,188,16.5,76,2466,1,0,2402.5,3,35.0,37.16,85.5,750.5,275.7,31.41,0.5802,18.22,320.81,315.66,13.19,5.15,18.34,13.3,17.86,0.0,1.31,41.48,751.12,0.0,0.0,0.0,4.44,22.79,0.1243
2019-07-07 16:30:00,188,16.5,77,2445,1,0,2402.5,3,35.0,37.7,701.5,750.5,275.7,257.7,0.5807,149.64,320.81,315.66,108.06,5.15,113.21,13.3,17.99,0.0,1.31,41.48,751.12,0.0,0.0,0.0,4.44,117.65,0.6418
2019-07-07 16:30:00,188,16.5,78,2478,1,0,2402.5,3,35.0,36.85,88.03,750.5,275.7,32.34,0.5799,18.75,320.81,315.66,13.59,5.15,18.74,13.3,17.78,0.0,1.31,41.48,751.12,0.0,0.0,0.0,4.44,23.19,0.1265
2019-07-07 16:30:00,188,16.5,79,2478,1,0,2402.5,3,35.0,36.85,87.07,750.5,275.7,31.98,0.5799,18.55,320.81,315.66,13.44,5.15,18.59,13.3,17.78,0.0,1.31,41.48,751.12,0.0,0.0,0.0,4.44,23.04,0.1257
2019-07-07 16:30:00,188,16.5,80,2449,1,0,2402.5,3,35.0,37.6,83.87,750.5,275.7,30.81,0.5806,17.89,320.81,315.66,12.92,5.15,18.08,13.3,17.97,0.0,1.31,41.48,751.12,0.0,0.0,0.0,4.44,22.52,0.1228
2019-07-07 16:30:00,188,16.5,81,2412,1,0,2402.5,3,35.0,38.56,86.12,750.5,275.7,31.64,0.5815,18.4,320.81,315.66,13.24,5.15,18.39,13.3,18.21,0.0,1.31,41.48,751.12,0.0,0.0,0.0,4.44,22.84,0.1246
2019-07-07 16:30:00,188,16.5,82,2443,1,0,2402.5,3,35.0,37.76,802.17,750.5,275.7,294.68,0.5807,171.14,320.81,315.66,123.55,5.15,128.7,13.3,18.01,0.0,1.31,41.48,751.12,0.0,0.0,0.0,4.44,133.15,0.7263
2019-07-07 16:30:00,188,16.5,83,2474,1,0,2402.5,3,35.0,36.95,88.16,750.5,275.7,32.38,0.58,18.78,320.81,315.66,13.6,5.15,18.76,13.3,17.8,0.0,1.31,41.48,751.12,0.0,0.0,0.0,4.44,23.2,0.1266
2019-07-07 16:30:00,188,16.5,84,2474,1,0,2402.5,3,35.0,36.95,86.65,750.5,275.7,31.83,0.58,18.46,320.81,315.66,13.37,5.15,18.53,13.3,17.8,0.0,1.31,41.48,751.12,0.0,0.0,0.0,4.44,22.97,0.1253
2019-07-07 16:30:00,188,16.5,85,2436,1,0,2402.5,3,35.0,37.94,82.39,750.5,275.7,30.27,0.5809,17.58,320.81,315.66,12.68,5.15,17.84,13.3,18.05,0.0,1.31,41.48,751.12,0.0,0.0,0.0,4.44,22.28,0.1215
2019-07-07 16:30:00,188,16.5,86,2397,0,0,2402.5,3,35.0,38.95,86.09,750.5,275.7,31.62,0.2445,7.73,320.81,315.66,23.89,5.15,29.05,13.3,18.3,0.0,1.31,41.48,751.12,0.0,0.0,0.0,24.44,53.49,0.2874
2019-07-07 16:30:00,188,16.5,87,2415,1,0,2402.5,3,35.0,38.48,772.25,750.5,275.7,283.69,0.5815,164.95,320.81,315.66,118.74,5.15,123.89,13.3,18.19,0.0,1.31,41.48,751.12,0.0,0.0,0.0,4.44,128.34,0.7
2019-07-07 16:30:00,188,16.5,88,2476,1,0,2402.5,3,35.0,36.9,85.44,750.5,275.7,31.39,0.5799,18.2,320.81,315.66,13.18,5.15,18.34,13.3,17.79,0.0,1.31,41.48,751.12,0.0,0.0,0.0,4.44,22.78,0.1243
2019-07-07 16:30:00,188,16.5,89,2428,1,0,2402.5,3,35.0,38.15,80.27,750.5,275.7,29.49,0.5811,17.14,320.81,315.66,12.35,5.15,17.51,13.3,18.1,0.0,1.31,41.48,751.12,0.0,0.0,0.0,4.44,21.95,0.1197
2019-07-07 16:30:00,188,16.5,90,2377,0,0,2402.5,3,35.0,39.47,85.26,750.5,275.7,31.32,0.245,7.67,320.81,315.66,23.65,5.15,28.8,13.3,18.43,0.0,1.31,41.48,751.12,0.0,0.0,0.0,24.44,53.25,0.2861
2019-07-07 16:30:00,188,16.5,91,2378,0,0,2402.5,3,35.0,39.45,737.8,750.5,275.7,271.03,0.2449,66.39,320.81,315.66,204.65,5.15,209.8,13.3,18.43,0.0,1.31,41.48,751.12,0.0,0.0,0.0,24.44,234.25,1.2586
2019-07-07 16:30:00,188,16.5,92,2496,1,0,2402.5,3,35.0,36.38,80.49,750.5,275.7,29.57,0.5794,17.13,320.81,315.66,12.44,5.15,17.59,13.3,17.66,0.0,1.31,41.48,751.12,0.0,0.0,0.0,4.44,22.04,0.1202
2019-07-07 16:30:00,188,16.5,93,2423,1,0,2402.5,3,35.0,38.28,75.7,750.5,275.7,27.81,0.5813,16.16,320.81,315.66,11.64,5.15,16.8,13.3,18.14,0.0,1.31,41.48,751.12,0.0,0.0,0.0,4.44,21.24,0.1159
2019-07-07 16:30:00,188,16.5,95,2372,0,0,2402.5,3,35.0,39.6,83.67,750.5,275.7,30.74,0.2451,7.53,320.81,315.66,23.2,5.15,28.36,13.3,18.47,0.0,1.31,41.48,751.12,0.0,0.0,0.0,24.44,52.8,0.2837
2019-07-07 16:30:00,188,16.5,97,2358,0,0,2402.5,3,35.0,39.97,638.48,750.5,275.7,234.55,0.2454,57.57,320.81,315.66,176.98,5.15,182.14,13.3,18.56,0.0,1.31,41.48,751.12,0.0,0.0,0.0,24.44,206.58,1.11
2019-07-07 16:30:00,188,16.5,98,2554,1,0,2402.5,3,35.0,34.87,151.8,750.5,275.7,55.77,0.5779,32.23,320.81,315.66,23.54,5.15,28.69,13.3,17.28,0.0,1.31,41.48,751.12,0.0,0.0,0.0,4.44,33.14,0.1807
2019-07-07 16:30:00,188,16.5,99,2451,1,0,2402.5,3,35.0,37.55,70.3,750.5,275.7,25.83,0.5805,14.99,320.81,315.66,10.83,5.15,15.99,13.3,17.95,0.0,1.31,41.48,751.12,0.0,0.0,0.0,4.44,20.43,0.1114
2019-07-07 16:30:00,188,16.5,100,2361,0,0,2402.5,3,35.0,39.89,80.21,750.5,275.7,29.46,0.2454,7.23,320.81,315.66,22.23,5.15,27.39,13.3,18.54,0.0,1.31,41.48,751.12,0.0,0.0,0.0,24.44,51.83,0.2785
2019-07-07 17:00:00,188,17.0,94,2563,1,0,2402.5,3,35.0,34.64,804.84,683.9,214.0,251.84,0.5777,145.49,312.19,315.66,106.35,-3.47,102.89,13.05,17.23,0.0,1.02,41.94,751.01,0.0,0.0,0.0,4.44,107.33,0.5854
2019-07-07 17:00:00,188,17.0,96,2549,1,0,2402.5,3,35.0,35.0,683.9,683.9,214.0,214.0,0.5781,123.7,312.19,315.66,90.3,-3.47,86.83,13.05,17.32,0.0,1.02,41.94,751.01,0.0,0.0,0.0,4.44,91.27,0.4979
2019-07-07 17:00:00,188,17.0,1,2612,1,0,2402.5,3,35.0,33.36,779.47,683.9,214.0,243.91,0.5765,140.6,312.19,315.66,103.3,-3.47,99.84,13.05,16.91,0.0,1.02,41.94,751.01,0.0,0.0,0.0,4.44,104.28,0.5688
2019-07-07 17:00:00,188,17.0,2,2612,1,0,2402.5,3,35.0,33.36,782.64,683.9,214.0,244.9,0.5765,141.17,312.19,315.66,103.72,-3.47,100.26,13.05,16.91,0.0,1.02,41.94,751.01,0.0,0.0,0.0,4.44,104.7,0.5711
2019-07-07 17:00:00,188,17.0,3,2610,1,0,2402.5,3,35.0,33.41,743.84,683.9,214.0,232.75,0.5765,134.19,312.19,315.66,98.57,-3.47,95.1,13.05,16.92,0.0,1.02,41.94,751.01,0.0,0.0,0.0,4.44,99.55,0.543
2019-07-07 17:00:00,188,17.0,4,2583,1,0,2402.5,3,35.0,34.12,715.15,683.9,214.0,223.78,0.5772,129.16,312.19,315.66,94.61,-3.47,91.15,13.05,17.1,0.0,1.02,41.94,751.01,0.0,0.0,0.0,4.44,95.59,0.5214
2019-07-07 17:00:00,188,17.0,5,2583,1,0,2402.5,3,35.0,34.12,681.58,683.9,214.0,213.27,0.5772,123.1,312.19,315.66,90.17,-3.47,86.71,13.05,17.1,0.0,1.02,41.94,751.01,0.0,0.0,0.0,4.44,91.15,0.4972
2019-07-07 17:00:00,188,17.0,6,2546,1,0,2402.5,3,35.0,35.08,660.97,683.9,214.0,206.83,0.5781,119.57,312.19,315.66,87.25,-3.47,83.79,13.05,17.34,0.0,1.02,41.94,751.01,0.0,0.0,0.0,4.44,88.23,0.4813
2019-07-07 17:00:00,188,17.0,7,2546,1,0,2402.5,3,35.0,35.08,625.2,683.9,214.0,195.63,0.5781,113.1,312.19,315.66,82.53,-3.47,79.06,13.05,17.34,0.0,1.02,41.94,751.01,0.0,0.0,0.0,4.44,83.51,0.4555
2019-07-07 17:00:00,188,17.0,8,2639,1,0,2402.5,3,35.0,32.66,775.37,683.9,214.0,242.62,0.5758,139.7,312.19,315.66,102.93,-3.47,99.46,13.05,16.73,0.0,1.02,41.94,751.01,0.0,0.0,0.0,4.44,103.9,0.5668
2019-07-07 17:00:00,188,17.0,9,2610,1,0,2402.5,3,35.0,33.41,779.91,683.9,214.0,244.04,0.5765,140.69,312.19,315.66,103.35,-3.47,99.88,13.05,16.92,0.0,1.02,41.94,751.01,0.0,0.0,0.0,4.44,104.33,0.5691
2019-07-07 17:00:00,188,17.0,10,2579,1,0,2402.5,3,35.0,34.22,739.26,683.9,214.0,231.32,0.5773,133.54,312.19,315.66,97.78,-3.47,94.31,13.05,17.12,0.0,1.02,41.94,751.01,0.0,0.0,0.0,4.44,98.76,0.5387
2019-07-07 17:00:00,188,17.0,11,2579,1,0,2402.5,3,35.0,34.22,734.28,683.9,214.0,229.76,0.5773,132.64,312.19,315.66,97.12,-3.47,93.65,13.05,17.12,0.0,1.02,41.94,751.01,0.0,0.0,0.0,4.44,98.1,0.5351
2019-07-07 17:00:00,188,17.0,12,2546,1,0,2402.5,3,35.0,35.08,754.13,683.9,214.0,235.97,0.5781,136.42,312.19,315.66,99.55,-3.47,96.08,13.05,17.34,0.0,1.02,41.94,751.01,0.0,0.0,0.0,4.44,100.53,0.5483
2019-07-07 17:00:00,188,17.0,13,2530,1,0,2402.5,3,35.0,35.49,774.42,683.9,214.0,242.32,0.5785,140.19,312.19,315.66,102.13,-3.47,98.66,13.05,17.44,0.0,1.02,41.94,751.01,0.0,0.0,0.0,4.44,103.11,0.5624
2019-07-07 17:00:00,188,17.0,14,2530,1,0,2402.5,3,35.0,35.49,756.73,683.9,214.0,236.79,0.5785,136.99,312.19,315.66,99.8,-3.47,96.33,13.05,17.44,0.0,1.02,41.94,751.01,0.0,0.0,0.0,4.44,100.78,0.5497
2019-07-07 17:00:00,188,17.0,15,2494,1,0,2402.5,3,35.0,36.43,737.73,683.9,214.0,230.84,0.5795,133.76,312.19,315.66,97.08,-3.47,93.61,13.05,17.67,0.0,1.02,41.94,751.01,0.0,0.0,0.0,4.44,98.06,0.5349
2019-07-07 17:00:00,188,17.0,16,2494,1,0,2402.5,3,35.0,36.43,727.86,683.9,214.0,227.75,0.5795,131.97,312.19,315.66,95.78,-3.47,92.31,13.05,17.67,0.0,1.02,41.94,751.01,0.0,0.0,0.0,4.44,96.76,0.5278
2019-07-07 17:00:00,188,17.0,17,2462,1,0,2402.5,3,35.0,37.26,729.22,683.9,214.0,228.18,0.5803,132.41,312.19,315.66,95.78,-3.47,92.31,13.05,17.88,0.0,1.02,41.94,751.01,0.0,0.0,0.0,4.44,96.75,0.5278
2019-07-07 17:00:00,188,17.0,18,2630,1,0,2402.5,3,35.0,32.89,747.69,683.9,214.0,233.96,0.576,134.76,312.19,315.66,99.2,-3.47,95.73,13.05,16.79,0.0,1.02,41.94,751.01,0.0,0.0,0.0,4.44,100.18,0.5464
2019-07-07 17:00:00,188,17.0,19,2630,1,0,2402.5,3,35.0,32.89,776.38,683.9,214.0,242.94,0.576,139.93,312.19,315.66,103.0,-3.47,99.54,13.05,16.79,0.0,1.02,41.94,751.01,0.0,0.0,0.0,4.44,103.98,0.5672
2019-07-07 17:00:00,188,17.0,20,2604,1,0,2402.5,3,35.0,33.57,797.52,683.9,214.0,249.55,0.5767,143.91,312.19,315.66,105.65,-3.47,102.18,13.05,16.96,0.0,1.02,41.94,751.01,0.0,0.0,0.0,4.44,106.62,0.5816
2019-07-07 17:00:00,188,17.0,21,2563,1,0,2402.5,3,35.0,34.64,804.84,683.9,214.0,251.84,0.5777,145.49,312.19,315.66,106.35,-3.47,102.89,13.05,17.23,0.0,1.02,41.94,751.01,0.0,0.0,0.0,4.44,107.33,0.5854
2019-07-07 17:00:00,188,17.0,22,2556,1,0,2402.5,3,35.0,34.82,758.76,683.9,214.0,237.43,0.5779,137.2,312.19,315.66,100.22,-3.47,96.76,13.05,17.27,0.0,1.02,41.94,751.01,0.0,0.0,0.0,4.44,101.2,0.552
2019-07-07 17:00:00,188,17.0,23,2549,1,0,2402.5,3,35.0,35.0,683.9,683.9,214.0,214.0,0.5781,123.7,312.19,315.66,90.3,-3.47,86.83,13.05,17.32,0.0,1.02,41.94,751.01,0.0,0.0,0.0,4.44,91.27,0.4979
2019-07-07 17:00:00,188,17.0,24,2549,1,0,2402.5,3,35.0,35.0,636.27,683.9,214.0,199.1,0.5781,115.09,312.19,315.66,84.01,-3.47,80.54,13.05,17.32,0.0,1.02,41.94,751.01,0.0,0.0,0.0,4.44,84.99,0.4636
2019-07-07 17:00:00,188,17.0,25,2524,1,0,2402.5,3,35.0,35.65,609.14,683.9,214.0,190.61,0.5787,110.3,312.19,315.66,80.3,-3.47,76.84,13.05,17.48,0.0,1.02,41.94,751.01,0.0,0.0,0.0,4.44,81.28,0.4434
2019-07-07 17:00:00,188,17.0,26,2502,1,0,2402.5,3,35.0,36.22,630.48,683.9,214.0,197.28,0.5792,114.28,312.19,315.66,83.01,-3.47,79.54,13.05,17.62,0.0,1.02,41.94,751.01,0.0,0.0,0.0,4.44,83.99,0.4581
2019-07-07 17:00:00,188,17.0,27,2502,1,0,2402.5,3,35.0,36.22,627.76,683.9,214.0,196.43,0.5792,113.78,312.19,315.66,82.65,-3.47,79.18,13.05,17.62,0.0,1.02,41.94,751.01,0.0,0.0,0.0,4.44,83.63,0.4561
2019-07-07 17:00:00,188,17.0,28,2477,1,0,2402.5,3,35.0,36.87,601.28,683.9,214.0,188.15,0.5799,109.1,312.19,315.66,79.04,-3.47,75.58,13.05,17.79,0.0,1.02,41.94,751.01,0.0,0.0,0.0,4.44,80.02,0.4365
2019-07-07 17:00:00,188,17.0,29,2477,1,0,2402.5,3,35.0,36.87,572.01,683.9,214.0,178.99,0.5799,103.79,312.19,315.66,75.2,-3.47,71.73,13.05,17.79,0.0,1.02,41.94,751.01,0.0,0.0,0.0,4.44,76.17,0.4155
2019-07-07 17:00:00,188,17.0,30,2440,1,0,2402.5,3,35.0,37.83,534.81,683.9,214.0,167.35,0.5808,97.2,312.19,315.66,70.15,-3.47,66.68,13.05,18.03,0.0,1.02,41.94,751.01,0.0,0.0,0.0,4.44,71.13,0.388
2019-07-07 17:00:00,188,17.0,31,2620,1,0,2402.5,3,35.0,33.15,65.96,683.9,214.0,20.64,0.5763,11.89,312.19,315.66,8.75,-3.47,5.28,13.05,16.86,0.0,1.02,41.94,751.01,0.0,0.0,0.0,4.44,9.72,0.053
2019-07-07 17:00:00,188,17.0,32,2576,1,0,2402.5,3,35.0,34.3,76.65,683.9,214.0,23.99,0.5774,13.85,312.19,315.66,10.14,-3.47,6.67,13.05,17.14,0.0,1.02,41.94,751.01,0.0,0.0,0.0,4.44,11.11,0.0606
2019-07-07 17:00:00,188,17.0,33,2576,1,0,2402.5,3,35.0,34.3,77.5,683.9,214.0,24.25,0.5774,14.0,312.19,315.66,10.25,-3.47,6.78,13.05,17.14,0.0,1.02,41.94,751.01,0.0,0.0,0.0,4.44,11.23,0.0612
2019-07-07 17:00:00,188,17.0,34,2576,1,0,2402.5,3,35.0,34.3,77.17,683.9,214.0,24.15,0.5774,13.94,312.19,315.66,10.21,-3.47,6.74,13.05,17.14,0.0,1.02,41.94,751.01,0.0,0.0,0.0,4.44,11.18,0.061
2019-07-07 17:00:00,188,17.0,35,2556,1,0,2402.5,3,35.0,34.82,719.91,683.9,214.0,225.27,0.5779,130.18,312.19,315.66,95.09,-3.47,91.62,13.05,17.27,0.0,1.02,41.94,751.01,0.0,0.0,0.0,4.44,96.07,0.524
2019-07-07 17:00:00,188,17.0,36,2533,1,0,2402.5,3,35.0,35.42,680.51,683.9,214.0,212.94,0.5785,123.18,312.19,315.66,89.76,-3.47,86.3,13.05,17.42,0.0,1.02,41.94,751.01,0.0,0.0,0.0,4.44,90.74,0.4949
2019-07-07 17:00:00,188,17.0,37,2532,1,0,2402.5,3,35.0,35.44,609.52,683.9,214.0,190.72,0.5785,110.33,312.19,315.66,80.39,-3.47,76.93,13.05,17.43,0.0,1.02,41.94,751.01,0.0,0.0,0.0,4.44,81.37,0.4438
2019-07-07 17:00:00,188,17.0,38,2534,1,0,2402.5,3,35.0,35.39,549.11,683.9,214.0,171.82,0.5784,99.39,312.19,315.66,72.43,-3.47,68.97,13.05,17.41,0.0,1.02,41.94,751.01,0.0,0.0,0.0,4.44,73.41,0.4004
2019-07-07 17:00:00,188,17.0,39,2534,1,0,2402.5,3,35.0,35.39,501.34,683.9,214.0,156.88,0.5784,90.74,312.19,315.66,66.13,-3.47,62.67,13.05,17.41,0.0,1.02,41.94,751.01,0.0,0.0,0.0,4.44,67.11,0.3661
2019-07-07 17:00:00,188,17.0,40,2515,1,0,2402.5,3,35.0,35.88,449.86,683.9,214.0,140.77,0.5789,81.49,312.19,315.66,59.27,-3.47,55.81,13.05,17.54,0.0,1.02,41.94,751.01,0.0,0.0,0.0,4.44,60.25,0.3286
2019-07-07 17:00:00,188,17.0,41,2487,1,0,2402.5,3,35.0,36.61,446.57,683.9,214.0,139.74,0.5796,81.0,312.19,315.66,58.74,-3.47,55.28,13.05,17.72,0.0,1.02,41.94,751.01,0.0,0.0,0.0,4.44,59.72,0.3257
2019-07-07 17:00:00,188,17.0,42,2487,1,0,2402.5,3,35.0,36.61,471.9,683.9,214.0,147.66,0.5796,85.59,312.19,315.66,62.07,-3.47,58.61,13.05,17.72,0.0,1.02,41.94,751.01,0.0,0.0,0.0,4.44,63.05,0.3439
2019-07-07 17:00:00,188,17.0,43,2464,1,0,2402.5,3,35.0,37.21,503.32,683.9,214.0,157.5,0.5802,91.38,312.19,315.66,66.11,-3.47,62.65,13.05,17.87,0.0,1.02,41.94,751.01,0.0,0.0,0.0,4.44,67.09,0.366
2019-07-07 17:00:00,188,17.0,44,2555,1,0,2402.5,3,35.0,34.84,78.21,683.9,214.0,24.47,0.5779,14.14,312.19,315.66,10.33,-3.47,6.86,13.05,17.28,0.0,1.02,41.94,751.01,0.0,0.0,0.0,4.44,11.31,0.0617
2019-07-07 17:00:00,188,17.0,45,2555,1,0,2402.5,3,35.0,34.84,80.26,683.9,214.0,25.11,0.5779,14.51,312.19,315.66,10.6,-3.47,7.13,13.05,17.28,0.0,1.02,41.94,751.01,0.0,0.0,0.0,4.44,11.58,0.0632
2019-07-07 17:00:00,188,17.0,46,2555,1,0,2402.5,3,35.0,34.84,79.72,683.9,214.0,24.95,0.5779,14.42,312.19,315.66,10.53,-3.47,7.06,13.05,17.28,0.0,1.02,41.94,751.01,0.0,0.0,0.0,4.44,11.51,0.0628
2019-07-07 17:00:00,188,17.0,47,2530,1,0,2402.5,3,35.0,35.49,78.77,683.9,214.0,24.65,0.5785,14.26,312.19,315.66,10.39,-3.47,6.92,13.05,17.44,0.0,1.02,41.94,751.01,0.0,0.0,0.0,4.44,11.37,0.062
2019-07-07 17:00:00,188,17.0,48,2510,1,0,2402.5,3,35.0,36.01,80.98,683.9,214.0,25.34,0.579,14.67,312.19,315.66,10.67,-3.47,7.2,13.05,17.57,0.0,1.02,41.94,751.01,0.0,0.0,0.0,4.44,11.65,0.0635
2019-07-07 17:00:00,188,17.0,49,2534,1,0,2402.5,3,35.0,35.39,440.41,683.9,214.0,137.81,0.5784,79.71,312.19,315.66,58.1,-3.47,54.63,13.05,17.41,0.0,1.02,41.94,751.01,0.0,0.0,0.0,4.44,59.07,0.3222
2019-07-07 17:00:00,188,17.0,50,2531,1,0,2402.5,3,35.0,35.47,78.02,683.9,214.0,24.41,0.5785,14.12,312.19,315.66,10.29,-3.47,6.82,13.05,17.43,0.0,1.02,41.94,751.01,0.0,0.0,0.0,4.44,11.27,0.0615
2019-07-07 17:00:00,188,17.0,51,2531,1,0,2402.5,3,35.0,35.47,81.55,683.9,214.0,25.52,0.5785,14.76,312.19,315.66,10.76,-3.47,7.29,13.05,17.43,0.0,1.02,41.94,751.01,0.0,0.0,0.0,4.44,11.73,0.064
2019-07-07 17:00:00,188,17.0,52,2531,1,0,2402.5,3,35.0,35.47,81.02,683.9,214.0,25.35,0.5785,14.67,312.19,315.66,10.69,-3.47,7.22,13.05,17.43,0.0,1.02,41.94,751.01,0.0,0.0,0.0,4.44,11.66,0.0636
2019-07-07 17:00:00,188,17.0,53,2507,1,0,2402.5,3,35.0,36.09,80.29,683.9,214.0,25.12,0.5791,14.55,312.19,315.66,10.57,-3.47,7.11,13.05,17.59,0.0,1.02,41.94,751.01,0.0,0.0,0.0,4.44,11.55,0.063
2019-07-07 17:00:00,188,17.0,54,2494,1,0,2402.5,3,35.0,36.43,81.83,683.9,214.0,25.61,0.5795,14.84,312.19,315.66,10.77,-3.47,7.3,13.05,17.67,0.0,1.02,41.94,751.01,0.0,0.0,0.0,4.44,11.75,0.0641
2019-07-07 17:00:00,188,17.0,55,2531,1,0,2402.5,3,35.0,35.47,81.5,683.9,214.0,25.5,0.5785,14.75,312.19,315.66,10.75,-3.47,7.28,13.05,17.43,0.0,1.02,41.94,751.01,0.0,0.0,0.0,4.44,11.73,0.064
2019-07-07 17:00:00,188,17.0,56,2531,1,0,2402.5,3,35.0,35.47,81.04,683.9,214.0,25.36,0.5785,14.67,312.19,315.66,10.69,-3.47,7.22,13.05,17.43,0.0,1.02,41.94,751.01,0.0,0.0,0.0,4.44,11.67,0.0636
2019-07-07 17:00:00,188,17.0,57,2507,1,0,2402.5,3,35.0,36.09,80.35,683.9,214.0,25.14,0.5791,14.56,312.19,315.66,10.58,-3.47,7.11,13.05,17.59,0.0,1.02,41.94,751.01,0.0,0.0,0.0,4.44,11.56,0.063
2019-07-07 17:00:00,188,17.0,58,2494,1,0,2402.5,3,35.0,36.43,81.35,683.9,214.0,25.46,0.5795,14.75,312.19,315.66,10.71,-3.47,7.24,13.05,17.67,0.0,1.02,41.94,751.01,0.0,0.0,0.0,4.44,11.68,0.0637
2019-07-07 17:00:00,188,17.0,59,2506,1,0,2402.5,3,35.0,36.12,81.5,683.9,214.0,25.5,0.5791,14.77,312.19,315.66,10.73,-3.47,7.27,13.05,17.6,0.0,1.02,41.94,751.01,0.0,0.0,0.0,4.44,11.71,0.0639
2019-07-07 17:00:00,188,17.0,60,2506,1,0,2402.5,3,35.0,36.12,81.1,683.9,214.0,25.38,0.5791,14.7,312.19,315.66,10.68,-3.47,7.21,13.05,17.6,0.0,1.02,41.94,751.01,0.0,0.0,0.0,4.44,11.66,0.0636
2019-07-07 17:00:00,188,17.0,61,2485,1,0,2402.5,3,35.0,36.66,79.97,683.9,214.0,25.02,0.5797,14.51,312.19,315.66,10.52,-3.47,7.05,13.05,17.73,0.0,1.02,41.94,751.01,0.0,0.0,0.0,4.44,11.5,0.0627
2019-07-07 17:00:00,188,17.0,62,2469,1,0,2402.5,3,35.0,37.08,80.75,683.9,214.0,25.27,0.5801,14.66,312.19,315.66,10.61,-3.47,7.14,13.05,17.84,0.0,1.02,41.94,751.01,0.0,0.0,0.0,4.44,11.59,0.0632
2019-07-07 17:00:00,188,17.0,63,2506,1,0,2402.5,3,35.0,36.12,76.33,683.9,214.0,23.88,0.5791,13.83,312.19,315.66,10.05,-3.47,6.58,13.05,17.6,0.0,1.02,41.94,751.01,0.0,0.0,0.0,4.44,11.03,0.0602
2019-07-07 17:00:00,188,17.0,64,2506,1,0,2402.5,3,35.0,36.12,81.82,683.9,214.0,25.6,0.5791,14.83,312.19,315.66,10.78,-3.47,7.31,13.05,17.6,0.0,1.02,41.94,751.01,0.0,0.0,0.0,4.44,11.75,0.0641
2019-07-07 17:00:00,188,17.0,65,2506,1,0,2402.5,3,35.0,36.12,81.56,683.9,214.0,25.52,0.5791,14.78,312.19,315.66,10.74,-3.47,7.27,13.05,17.6,0.0,1.02,41.94,751.01,0.0,0.0,0.0,4.44,11.72,0.0639
2019-07-07 17:00:00,188,17.0,66,2485,1,0,2402.5,3,35.0,36.66,80.27,683.9,214.0,25.12,0.5797,14.56,312.19,315.66,10.56,-3.47,7.09,13.05,17.73,0.0,1.02,41.94,751.01,0.0,0.0,0.0,4.44,11.54,0.0629
2019-07-07 17:00:00,188,17.0,67,2455,1,0,2402.5,3,35.0,37.44,81.83,683.9,214.0,25.6,0.5804,14.86,312.19,315.66,10.74,-3.47,7.28,13.05,17.93,0.0,1.02,41.94,751.01,0.0,0.0,0.0,4.44,11.72,0.0639
2019-07-07 17:00:00,188,17.0,68,2489,1,0,2402.5,3,35.0,36.56,75.36,683.9,214.0,23.58,0.5796,13.67,312.19,315.66,9.91,-3.47,6.45,13.05,17.71,0.0,1.02,41.94,751.01,0.0,0.0,0.0,4.44,10.89,0.0594
2019-07-07 17:00:00,188,17.0,69,2489,1,0,2402.5,3,35.0,36.56,81.68,683.9,214.0,25.56,0.5796,14.81,312.19,315.66,10.75,-3.47,7.28,13.05,17.71,0.0,1.02,41.94,751.01,0.0,0.0,0.0,4.44,11.72,0.0639
2019-07-07 17:00:00,188,17.0,70,2489,1,0,2402.5,3,35.0,36.56,81.46,683.9,214.0,25.49,0.5796,14.77,312.19,315.66,10.72,-3.47,7.25,13.05,17.71,0.0,1.02,41.94,751.01,0.0,0.0,0.0,4.44,11.69,0.0638
2019-07-07 17:00:00,188,17.0,71,2477,1,0,2402.5,3,35.0,36.87,80.38,683.9,214.0,25.15,0.5799,14.59,312.19,315.66,10.57,-3.47,7.1,13.05,17.79,0.0,1.02,41.94,751.01,0.0,0.0,0.0,4.44,11.54,0.063
2019-07-07 17:00:00,188,17.0,72,2455,1,0,2402.5,3,35.0,37.44,81.91,683.9,214.0,25.63,0.5804,14.88,312.19,315.66,10.75,-3.47,7.29,13.05,17.93,0.0,1.02,41.94,751.01,0.0,0.0,0.0,4.44,11.73,0.064
2019-07-07 17:00:00,188,17.0,73,2485,1,0,2402.5,3,35.0,36.66,74.12,683.9,214.0,23.19,0.5797,13.44,312.19,315.66,9.75,-3.47,6.28,13.05,17.73,0.0,1.02,41.94,751.01,0.0,0.0,0.0,4.44,10.73,0.0585
2019-07-07 17:00:00,188,17.0,74,2485,1,0,2402.5,3,35.0,36.66,81.99,683.9,214.0,25.65,0.5797,14.87,312.19,315.66,10.78,-3.47,7.32,13.05,17.73,0.0,1.02,41.94,751.01,0.0,0.0,0.0,4.44,11.76,0.0642
2019-07-07 17:00:00,188,17.0,75,2485,1,0,2402.5,3,35.0,36.66,81.51,683.9,214.0,25.5,0.5797,14.78,312.19,315.66,10.72,-3.47,7.25,13.05,17.73,0.0,1.02,41.94,751.01,0.0,0.0,0.0,4.44,11.7,0.0638
2019-07-07 17:00:00,188,17.0,76,2466,1,0,2402.5,3,35.0,37.16,79.63,683.9,214.0,24.92,0.5802,14.46,312.19,315.66,10.46,-3.47,6.99,13.05,17.86,0.0,1.02,41.94,751.01,0.0,0.0,0.0,4.44,11.44,0.0624
2019-07-07 17:00:00,188,17.0,77,2445,1,0,2402.5,3,35.0,37.7,80.71,683.9,214.0,25.25,0.5807,14.66,312.19,315.66,10.59,-3.47,7.12,13.05,17.99,0.0,1.02,41.94,751.01,0.0,0.0,0.0,4.44,11.57,0.0631
2019-07-07 17:00:00,188,17.0,78,2478,1,0,2402.5,3,35.0,36.85,81.99,683.9,214.0,25.65,0.5799,14.88,312.19,315.66,10.78,-3.47,7.31,13.05,17.78,0.0,1.02,41.94,751.01,0.0,0.0,0.0,4.44,11.76,0.0641
2019-07-07 17:00:00,188,17.0,79,2478,1,0,2402.5,3,35.0,36.85,81.09,683.9,214.0,25.37,0.5799,14.71,312.19,315.66,10.66,-3.47,7.19,13.05,17.78,0.0,1.02,41.94,751.01,0.0,0.0,0.0,4.44,11.64,0.0635
2019-07-07 17:00:00,188,17.0,80,2449,1,0,2402.5,3,35.0,37.6,78.11,683.9,214.0,24.44,0.5806,14.19,312.19,315.66,10.25,-3.47,6.78,13.05,17.97,0.0,1.02,41.94,751.01,0.0,0.0,0.0,4.44,11.23,0.0612
2019-07-07 17:00:00,188,17.0,81,2412,1,0,2402.5,3,35.0,38.56,80.21,683.9,214.0,25.1,0.5815,14.6,312.19,315.66,10.5,-3.47,7.04,13.05,18.21,0.0,1.02,41.94,751.01,0.0,0.0,0.0,4.44,11.48,0.0626
2019-07-07 17:00:00,188,17.0,82,2443,1,0,2402.5,3,35.0,37.76,714.04,683.9,214.0,223.43,0.5807,129.76,312.19,315.66,93.67,-3.47,90.21,13.05,18.01,0.0,1.02,41.94,751.01,0.0,0.0,0.0,4.44,94.65,0.5163
2019-07-07 17:00:00,188,17.0,83,2474,1,0,2402.5,3,35.0,36.95,82.1,683.9,214.0,25.69,0.58,14.9,312.19,315.66,10.79,-3.47,7.32,13.05,17.8,0.0,1.02,41.94,751.01,0.0,0.0,0.0,4.44,11.77,0.0642
2019-07-07 17:00:00,188,17.0,84,2474,1,0,2402.5,3,35.0,36.95,80.7,683.9,214.0,25.25,0.58,14.65,312.19,315.66,10.61,-3.47,7.14,13.05,17.8,0.0,1.02,41.94,751.01,0.0,0.0,0.0,4.44,11.59,0.0632
2019-07-07 17:00:00,188,17.0,85,2436,1,0,2402.5,3,35.0,37.94,76.74,683.9,214.0,24.01,0.5809,13.95,312.19,315.66,10.06,-3.47,6.6,13.05,18.05,0.0,1.02,41.94,751.01,0.0,0.0,0.0,4.44,11.04,0.0602
2019-07-07 17:00:00,188,17.0,86,2397,0,0,2402.5,3,35.0,38.95,80.18,683.9,214.0,25.09,0.2445,6.13,312.19,315.66,18.95,-3.47,15.49,13.05,18.3,0.0,1.02,41.94,751.01,0.0,0.0,0.0,24.44,39.93,0.2146
2019-07-07 17:00:00,188,17.0,87,2415,1,0,2402.5,3,35.0,38.48,78.98,683.9,214.0,24.72,0.5815,14.37,312.19,315.66,10.34,-3.47,6.88,13.05,18.19,0.0,1.02,41.94,751.01,0.0,0.0,0.0,4.44,11.32,0.0618
2019-07-07 17:00:00,188,17.0,88,2476,1,0,2402.5,3,35.0,36.9,79.57,683.9,214.0,24.9,0.5799,14.44,312.19,315.66,10.46,-3.47,6.99,13.05,17.79,0.0,1.02,41.94,751.01,0.0,0.0,0.0,4.44,11.44,0.0624
2019-07-07 17:00:00,188,17.0,89,2428,1,0,2402.5,3,35.0,38.15,74.76,683.9,214.0,23.39,0.5811,13.59,312.19,315.66,9.8,-3.47,6.33,13.05,18.1,0.0,1.02,41.94,751.01,0.0,0.0,0.0,4.44,10.78,0.0588
2019-07-07 17:00:00,188,17.0,90,2377,0,0,2402.5,3,35.0,39.47,79.4,683.9,214.0,24.85,0.245,6.09,312.19,315.66,18.76,-3.47,15.29,13.05,18.43,0.0,1.02,41.94,751.01,0.0,0.0,0.0,24.44,39.74,0.2135
2019-07-07 17:00:00,188,17.0,91,2378,0,0,2402.5,3,35.0,39.45,79.94,683.9,214.0,25.01,0.2449,6.13,312.19,315.66,18.89,-3.47,15.42,13.05,18.43,0.0,1.02,41.94,751.01,0.0,0.0,0.0,24.44,39.86,0.2142
2019-07-07 17:00:00,188,17.0,92,2496,1,0,2402.5,3,35.0,36.38,74.96,683.9,214.0,23.46,0.5794,13.59,312.19,315.66,9.87,-3.47,6.4,13.05,17.66,0.0,1.02,41.94,751.01,0.0,0.0,0.0,4.44,10.84,0.0591
2019-07-07 17:00:00,188,17.0,93,2423,1,0,2402.5,3,35.0,38.28,70.5,683.9,214.0,22.06,0.5813,12.82,312.19,315.66,9.24,-3.47,5.77,13.05,18.14,0.0,1.02,41.94,751.01,0.0,0.0,0.0,4.44,10.22,0.0557
2019-07-07 17:00:00,188,17.0,95,2372,0,0,2402.5,3,35.0,39.6,77.92,683.9,214.0,24.38,0.2451,5.98,312.19,315.66,18.41,-3.47,14.94,13.05,18.47,0.0,1.02,41.94,751.01,0.0,0.0,0.0,24.44,39.38,0.2116
2019-07-07 17:00:00,188,17.0,97,2358,0,0,2402.5,3,35.0,39.97,81.42,683.9,214.0,25.48,0.2454,6.25,312.19,315.66,19.22,-3.47,15.76,13.05,18.56,0.0,1.02,41.94,751.01,0.0,0.0,0.0,24.44,40.2,0.216
2019-07-07 17:00:00,188,17.0,98,2554,1,0,2402.5,3,35.0,34.87,124.62,683.9,214.0,38.99,0.5779,22.54,312.19,315.66,16.46,-3.47,12.99,13.05,17.28,0.0,1.02,41.94,751.01,0.0,0.0,0.0,4.44,17.44,0.0951
2019-07-07 17:00:00,188,17.0,99,2451,1,0,2402.5,3,35.0,37.55,65.48,683.9,214.0,20.49,0.5805,11.89,312.19,315.66,8.59,-3.47,5.13,13.05,17.95,0.0,1.02,41.94,751.01,0.0,0.0,0.0,4.44,9.57,0.0522
2019-07-07 17:00:00,188,17.0,100,2361,0,0,2402.5,3,35.0,39.89,74.7,683.9,214.0,23.37,0.2454,5.74,312.19,315.66,17.64,-3.47,14.17,13.05,18.54,0.0,1.02,41.94,751.01,0.0,0.0,0.0,24.44,38.62,0.2075
2019-07-07 17:30:00,188,17.5,94,2563,1,0,2402.5,3,35.0,34.64,67.6,608.38,110.6,12.29,0.5777,7.1,309.53,315.66,5.19,-6.13,-0.94,12.68,17.23,0.0,1.02,43.81,750.86,0.0,0.0,0.0,4.44,3.51,0.0191
2019-07-07 17:30:00,188,17.5,96,2549,1,0,2402.5,3,35.0,35.0,608.38,608.38,110.6,110.6,0.5781,63.93,309.53,315.66,46.67,-6.13,40.54,12.68,17.32,0.0,1.02,43.81,750.86,0.0,0.0,0.0,4.44,44.99,0.2454
2019-07-07 17:30:00,188,17.5,1,2612,1,0,2402.5,3,35.0,33.36,69.03,608.38,110.6,12.55,0.5765,7.23,309.53,315.66,5.32,-6.13,-0.81,12.68,16.91,0.0,1.02,43.81,750.86,0.0,0.0,0.0,4.44,3.63,0.0198
2019-07-07 17:30:00,188,17.5,2,2612,1,0,2402.5,3,35.0,33.36,712.0,608.38,110.6,129.44,0.5765,74.61,309.53,315.66,54.82,-6.13,48.7,12.68,16.91,0.0,1.02,43.81,750.86,0.0,0.0,0.0,4.44,53.14,0.2899
2019-07-07 17:30:00,188,17.5,3,2610,1,0,2402.5,3,35.0,33.41,686.16,608.38,110.6,124.74,0.5765,71.91,309.53,315.66,52.83,-6.13,46.7,12.68,16.92,0.0,1.02,43.81,750.86,0.0,0.0,0.0,4.44,51.15,0.279
2019-07-07 17:30:00,188,17.5,4,2583,1,0,2402.5,3,35.0,34.12,647.7,608.38,110.6,117.75,0.5772,67.96,309.53,315.66,49.78,-6.13,43.66,12.68,17.1,0.0,1.02,43.81,750.86,0.0,0.0,0.0,4.44,48.1,0.2624
2019-07-07 17:30:00,188,17.5,5,2583,1,0,2402.5,3,35.0,34.12,620.57,608.38,110.6,112.82,0.5772,65.12,309.53,315.66,47.7,-6.13,41.57,12.68,17.1,0.0,1.02,43.81,750.86,0.0,0.0,0.0,4.44,46.02,0.251
2019-07-07 17:30:00,188,17.5,6,2546,1,0,2402.5,3,35.0,35.08,600.08,608.38,110.6,109.09,0.5781,63.07,309.53,315.66,46.02,-6.13,39.9,12.68,17.34,0.0,1.02,43.81,750.86,0.0,0.0,0.0,4.44,44.34,0.2419
2019-07-07 17:30:00,188,17.5,7,2546,1,0,2402.5,3,35.0,35.08,565.51,608.38,110.6,102.81,0.5781,59.44,309.53,315.66,43.37,-6.13,37.24,12.68,17.34,0.0,1.02,43.81,750.86,0.0,0.0,0.0,4.44,41.69,0.2274
2019-07-07 17:30:00,188,17.5,8,2639,1,0,2402.5,3,35.0,32.66,710.37,608.38,110.6,129.14,0.5758,74.36,309.53,315.66,54.78,-6.13,48.66,12.68,16.73,0.0,1.02,43.81,750.86,0.0,0.0,0.0,4.44,53.1,0.2897
2019-07-07 17:30:00,188,17.5,9,2610,1,0,2402.5,3,35.0,33.41,722.84,608.38,110.6,131.41,0.5765,75.76,309.53,315.66,55.65,-6.13,49.52,12.68,16.92,0.0,1.02,43.81,750.86,0.0,0.0,0.0,4.44,53.97,0.2944
2019-07-07 17:30:00,188,17.5,10,2579,1,0,2402.5,3,35.0,34.22,671.89,608.38,110.6,122.15,0.5773,70.51,309.53,315.66,51.63,-6.13,45.51,12.68,17.12,0.0,1.02,43.81,750.86,0.0,0.0,0.0,4.44,49.95,0.2725
2019-07-07 17:30:00,188,17.5,11,2579,1,0,2402.5,3,35.0,34.22,665.13,608.38,110.6,120.92,0.5773,69.8,309.53,315.66,51.11,-6.13,44.99,12.68,17.12,0.0,1.02,43.81,750.86,0.0,0.0,0.0,4.44,49.43,0.2696
2019-07-07 17:30:00,188,17.5,12,2546,1,0,2402.5,3,35.0,35.08,695.21,608.38,110.6,126.39,0.5781,73.07,309.53,315.66,53.32,-6.13,47.19,12.68,17.34,0.0,1.02,43.81,750.86,0.0,0.0,0.0,4.44,51.64,0.2817
2019-07-07 17:30:00,188,17.5,13,2530,1,0,2402.5,3,35.0,35.49,704.19,608.38,110.6,128.02,0.5785,74.06,309.53,315.66,53.95,-6.13,47.83,12.68,17.44,0.0,1.02,43.81,750.86,0.0,0.0,0.0,4.44,52.27,0.2851
2019-07-07 17:30:00,188,17.5,14,2530,1,0,2402.5,3,35.0,35.49,692.85,608.38,110.6,125.96,0.5785,72.87,309.53,315.66,53.09,-6.13,46.96,12.68,17.44,0.0,1.02,43.81,750.86,0.0,0.0,0.0,4.44,51.4,0.2804
2019-07-07 17:30:00,188,17.5,15,2494,1,0,2402.5,3,35.0,36.43,673.77,608.38,110.6,122.49,0.5795,70.98,309.53,315.66,51.51,-6.13,45.39,12.68,17.67,0.0,1.02,43.81,750.86,0.0,0.0,0.0,4.44,49.83,0.2718
2019-07-07 17:30:00,188,17.5,16,2494,1,0,2402.5,3,35.0,36.43,664.37,608.38,110.6,120.78,0.5795,69.99,309.53,315.66,50.79,-6.13,44.67,12.68,17.67,0.0,1.02,43.81,750.86,0.0,0.0,0.0,4.44,49.11,0.2679
2019-07-07 17:30:00,188,17.5,17,2462,1,0,2402.5,3,35.0,37.26,663.49,608.38,110.6,120.62,0.5803,69.99,309.53,315.66,50.63,-6.13,44.5,12.68,17.88,0.0,1.02,43.81,750.86,0.0,0.0,0.0,4.44,48.95,0.267
2019-07-07 17:30:00,188,17.5,18,2630,1,0,2402.5,3,35.0,32.89,666.25,608.38,110.6,121.12,0.576,69.77,309.53,315.66,51.35,-6.13,45.23,12.68,16.79,0.0,1.02,43.81,750.86,0.0,0.0,0.0,4.44,49.67,0.2709
2019-07-07 17:30:00,188,17.5,19,2630,1,0,2402.5,3,35.0,32.89,703.82,608.38,110.6,127.95,0.576,73.7,309.53,315.66,54.25,-6.13,48.12,12.68,16.79,0.0,1.02,43.81,750.86,0.0,0.0,0.0,4.44,52.57,0.2867
2019-07-07 17:30:00,188,17.5,20,2604,1,0,2402.5,3,35.0,33.57,741.16,608.38,110.6,134.74,0.5767,77.7,309.53,315.66,57.04,-6.13,50.91,12.68,16.96,0.0,1.02,43.81,750.86,0.0,0.0,0.0,4.44,55.36,0.302
2019-07-07 17:30:00,188,17.5,21,2563,1,0,2402.5,3,35.0,34.64,67.6,608.38,110.6,12.29,0.5777,7.1,309.53,315.66,5.19,-6.13,-0.94,12.68,17.23,0.0,1.02,43.81,750.86,0.0,0.0,0.0,4.44,3.51,0.0191
2019-07-07 17:30:00,188,17.5,22,2556,1,0,2402.5,3,35.0,34.82,689.07,608.38,110.6,125.27,0.5779,72.39,309.53,315.66,52.88,-6.13,46.75,12.68,17.27,0.0,1.02,43.81,750.86,0.0,0.0,0.0,4.44,51.2,0.2793
2019-07-07 17:30:00,188,17.5,23,2549,1,0,2402.5,3,35.0,35.0,608.38,608.38,110.6,110.6,0.5781,63.93,309.53,315.66,46.67,-6.13,40.54,12.68,17.32,0.0,1.02,43.81,750.86,0.0,0.0,0.0,4.44,44.99,0.2454
2019-07-07 17:30:00,188,17.5,24,2549,1,0,2402.5,3,35.0,35.0,568.39,608.38,110.6,103.33,0.5781,59.73,309.53,315.66,43.6,-6.13,37.47,12.68,17.32,0.0,1.02,43.81,750.86,0.0,0.0,0.0,4.44,41.92,0.2286
2019-07-07 17:30:00,188,17.5,25,2524,1,0,2402.5,3,35.0,35.65,553.02,608.38,110.6,100.54,0.5787,58.18,309.53,315.66,42.36,-6.13,36.23,12.68,17.48,0.0,1.02,43.81,750.86,0.0,0.0,0.0,4.44,40.68,0.2219
2019-07-07 17:30:00,188,17.5,26,2502,1,0,2402.5,3,35.0,36.22,560.85,608.38,110.6,101.96,0.5792,59.06,309.53,315.66,42.9,-6.13,36.77,12.68,17.62,0.0,1.02,43.81,750.86,0.0,0.0,0.0,4.44,41.22,0.2248
2019-07-07 17:30:00,188,17.5,27,2502,1,0,2402.5,3,35.0,36.22,560.87,608.38,110.6,101.96,0.5792,59.06,309.53,315.66,42.9,-6.13,36.78,12.68,17.62,0.0,1.02,43.81,750.86,0.0,0.0,0.0,4.44,41.22,0.2248
2019-07-07 17:30:00,188,17.5,28,2477,1,0,2402.5,3,35.0,36.87,534.64,608.38,110.6,97.19,0.5799,56.36,309.53,315.66,40.83,-6.13,34.71,12.68,17.79,0.0,1.02,43.81,750.86,0.0,0.0,0.0,4.44,39.15,0.2136
2019-07-07 17:30:00,188,17.5,29,2477,1,0,2402.5,3,35.0,36.87,507.67,608.38,110.6,92.29,0.5799,53.52,309.53,315.66,38.77,-6.13,32.65,12.68,17.79,0.0,1.02,43.81,750.86,0.0,0.0,0.0,4.44,37.09,0.2023
2019-07-07 17:30:00,188,17.5,30,2440,1,0,2402.5,3,35.0,37.83,467.62,608.38,110.6,85.01,0.5808,49.38,309.53,315.66,35.63,-6.13,29.51,12.68,18.03,0.0,1.02,43.81,750.86,0.0,0.0,0.0,4.44,33.95,0.1852
2019-07-07 17:30:00,188,17.5,31,2620,1,0,2402.5,3,35.0,33.15,60.16,608.38,110.6,10.94,0.5763,6.3,309.53,315.66,4.63,-6.13,-1.49,12.68,16.86,0.0,1.02,43.81,750.86,0.0,0.0,0.0,4.44,2.95,0.0161
2019-07-07 17:30:00,188,17.5,32,2576,1,0,2402.5,3,35.0,34.3,69.91,608.38,110.6,12.71,0.5774,7.34,309.53,315.66,5.37,-6.13,-0.75,12.68,17.14,0.0,1.02,43.81,750.86,0.0,0.0,0.0,4.44,3.69,0.0201
2019-07-07 17:30:00,188,17.5,33,2576,1,0,2402.5,3,35.0,34.3,70.68,608.38,110.6,12.85,0.5774,7.42,309.53,315.66,5.43,-6.13,-0.7,12.68,17.14,0.0,1.02,43.81,750.86,0.0,0.0,0.0,4.44,3.75,0.0204
2019-07-07 17:30:00,188,17.5,34,2576,1,0,2402.5,3,35.0,34.3,70.38,608.38,110.6,12.79,0.5774,7.39,309.53,315.66,5.41,-6.13,-0.72,12.68,17.14,0.0,1.02,43.81,750.86,0.0,0.0,0.0,4.44,3.73,0.0203
2019-07-07 17:30:00,188,17.5,35,2556,1,0,2402.5,3,35.0,34.82,664.0,608.38,110.6,120.71,0.5779,69.76,309.53,315.66,50.95,-6.13,44.83,12.68,17.27,0.0,1.02,43.81,750.86,0.0,0.0,0.0,4.44,49.27,0.2688
2019-07-07 17:30:00,188,17.5,36,2533,1,0,2402.5,3,35.0,35.42,612.7,608.38,110.6,111.38,0.5785,64.43,309.53,315.66,46.95,-6.13,40.83,12.68,17.42,0.0,1.02,43.81,750.86,0.0,0.0,0.0,4.44,45.27,0.2469
2019-07-07 17:30:00,188,17.5,37,2532,1,0,2402.5,3,35.0,35.44,527.46,608.38,110.6,95.89,0.5785,55.47,309.53,315.66,40.42,-6.13,34.29,12.68,17.43,0.0,1.02,43.81,750.86,0.0,0.0,0.0,4.44,38.74,0.2113
2019-07-07 17:30:00,188,17.5,38,2534,1,0,2402.5,3,35.0,35.39,467.97,608.38,110.6,85.07,0.5784,49.21,309.53,315.66,35.86,-6.13,29.74,12.68,17.41,0.0,1.02,43.81,750.86,0.0,0.0,0.0,4.44,34.18,0.1865
2019-07-07 17:30:00,188,17.5,39,2534,1,0,2402.5,3,35.0,35.39,430.31,608.38,110.6,78.23,0.5784,45.25,309.53,315.66,32.98,-6.13,26.85,12.68,17.41,0.0,1.02,43.81,750.86,0.0,0.0,0.0,4.44,31.3,0.1707
2019-07-07 17:30:00,188,17.5,40,2515,1,0,2402.5,3,35.0,35.88,394.13,608.38,110.6,71.65,0.5789,41.48,309.53,315.66,30.17,-6.13,24.04,12.68,17.54,0.0,1.02,43.81,750.86,0.0,0.0,0.0,4.44,28.49,0.1554
2019-07-07 17:30:00,188,17.5,41,2487,1,0,2402.5,3,35.0,36.61,382.31,608.38,110.6,69.5,0.5796,40.29,309.53,315.66,29.22,-6.13,23.09,12.68,17.72,0.0,1.02,43.81,750.86,0.0,0.0,0.0,4.44,27.54,0.1502
2019-07-07 17:30:00,188,17.5,42,2487,1,0,2402.5,3,35.0,36.61,407.37,608.38,110.6,74.06,0.5796,42.93,309.53,315.66,31.13,-6.13,25.01,12.68,17.72,0.0,1.02,43.81,750.86,0.0,0.0,0.0,4.44,29.45,0.1606
2019-07-07 17:30:00,188,17.5,43,2464,1,0,2402.5,3,35.0,37.21,438.22,608.38,110.6,79.67,0.5802,46.22,309.53,315.66,33.44,-6.13,27.32,12.68,17.87,0.0,1.02,43.81,750.86,0.0,0.0,0.0,4.44,31.76,0.1732
2019-07-07 17:30:00,188,17.5,44,2555,1,0,2402.5,3,35.0,34.84,71.33,608.38,110.6,12.97,0.5779,7.49,309.53,315.66,5.47,-6.13,-0.65,12.68,17.28,0.0,1.02,43.81,750.86,0.0,0.0,0.0,4.44,3.79,0.0207
2019-07-07 17:30:00,188,17.5,45,2555,1,0,2402.5,3,35.0,34.84,73.2,608.38,110.6,13.31,0.5779,7.69,309.53,315.66,5.62,-6.13,-0.51,12.68,17.28,0.0,1.02,43.81,750.86,0.0,0.0,0.0,4.44,3.94,0.0215
2019-07-07 17:30:00,188,17.5,46,2555,1,0,2402.5,3,35.0,34.84,72.71,608.38,110.6,13.22,0.5779,7.64,309.53,315.66,5.58,-6.13,-0.55,12.68,17.28,0.0,1.02,43.81,750.86,0.0,0.0,0.0,4.44,3.9,0.0213
2019-07-07 17:30:00,188,17.5,47,2530,1,0,2402.5,3,35.0,35.49,71.84,608.38,110.6,13.06,0.5785,7.56,309.53,315.66,5.5,-6.13,-0.62,12.68,17.44,0.0,1.02,43.81,750.86,0.0,0.0,0.0,4.44,3.82,0.0209
2019-07-07 17:30:00,188,17.5,48,2510,1,0,2402.5,3,35.0,36.01,73.86,608.38,110.6,13.43,0.579,7.77,309.53,315.66,5.65,-6.13,-0.47,12.68,17.57,0.0,1.02,43.81,750.86,0.0,0.0,0.0,4.44,3.97,0.0217
2019-07-07 17:30:00,188,17.5,49,2534,1,0,2402.5,3,35.0,35.39,366.6,608.38,110.6,66.65,0.5784,38.55,309.53,315.66,28.1,-6.13,21.97,12.68,17.41,0.0,1.02,43.81,750.86,0.0,0.0,0.0,4.44,26.41,0.1441
2019-07-07 17:30:00,188,17.5,50,2531,1,0,2402.5,3,35.0,35.47,71.15,608.38,110.6,12.94,0.5785,7.48,309.53,315.66,5.45,-6.13,-0.67,12.68,17.43,0.0,1.02,43.81,750.86,0.0,0.0,0.0,4.44,3.77,0.0206
2019-07-07 17:30:00,188,17.5,51,2531,1,0,2402.5,3,35.0,35.47,74.38,608.38,110.6,13.52,0.5785,7.82,309.53,315.66,5.7,-6.13,-0.43,12.68,17.43,0.0,1.02,43.81,750.86,0.0,0.0,0.0,4.44,4.02,0.0219
2019-07-07 17:30:00,188,17.5,52,2531,1,0,2402.5,3,35.0,35.47,73.89,608.38,110.6,13.43,0.5785,7.77,309.53,315.66,5.66,-6.13,-0.46,12.68,17.43,0.0,1.02,43.81,750.86,0.0,0.0,0.0,4.44,3.98,0.0217
2019-07-07 17:30:00,188,17.5,53,2507,1,0,2402.5,3,35.0,36.09,73.23,608.38,110.6,13.31,0.5791,7.71,309.53,315.66,5.6,-6.13,-0.52,12.68,17.59,0.0,1.02,43.81,750.86,0.0,0.0,0.0,4.44,3.92,0.0214
2019-07-07 17:30:00,188,17.5,54,2494,1,0,2402.5,3,35.0,36.43,74.63,608.38,110.6,13.57,0.5795,7.86,309.53,315.66,5.71,-6.13,-0.42,12.68,17.67,0.0,1.02,43.81,750.86,0.0,0.0,0.0,4.44,4.02,0.022
2019-07-07 17:30:00,188,17.5,55,2531,1,0,2402.5,3,35.0,35.47,74.33,608.38,110.6,13.51,0.5785,7.82,309.53,315.66,5.7,-6.13,-0.43,12.68,17.43,0.0,1.02,43.81,750.86,0.0,0.0,0.0,4.44,4.01,0.0219
2019-07-07 17:30:00,188,17.5,56,2531,1,0,2402.5,3,35.0,35.47,73.91,608.38,110.6,13.44,0.5785,7.77,309.53,315.66,5.66,-6.13,-0.46,12.68,17.43,0.0,1.02,43.81,750.86,0.0,0.0,0.0,4.44,3.98,0.0217
2019-07-07 17:30:00,188,17.5,57,2507,1,0,2402.5,3,35.0,36.09,73.28,608.38,110.6,13.32,0.5791,7.71,309.53,315.66,5.61,-6.13,-0.52,12.68,17.59,0.0,1.02,43.81,750.86,0.0,0.0,0.0,4.44,3.93,0.0214
2019-07-07 17:30:00,188,17.5,58,2494,1,0,2402.5,3,35.0,36.43,74.2,608.38,110.6,13.49,0.5795,7.82,309.53,315.66,5.67,-6.13,-0.45,12.68,17.67,0.0,1.02,43.81,750.86,0.0,0.0,0.0,4.44,3.99,0.0218
2019-07-07 17:30:00,188,17.5,59,2506,1,0,2402.5,3,35.0,36.12,74.33,608.38,110.6,13.51,0.5791,7.83,309.53,315.66,5.69,-6.13,-0.44,12.68,17.6,0.0,1.02,43.81,750.86,0.0,0.0,0.0,4.44,4.01,0.0219
2019-07-07 17:30:00,188,17.5,60,2506,1,0,2402.5,3,35.0,36.12,73.97,608.38,110.6,13.45,0.5791,7.79,309.53,315.66,5.66,-6.13,-0.47,12.68,17.6,0.0,1.02,43.81,750.86,0.0,0.0,0.0,4.44,3.98,0.0217
2019-07-07 17:30:00,188,17.5,61,2485,1,0,2402.5,3,35.0,36.66,72.93,608.38,110.6,13.26,0.5797,7.69,309.53,315.66,5.57,-6.13,-0.55,12.68,17.73,0.0,1.02,43.81,750.86,0.0,0.0,0.0,4.44,3.89,0.0212
2019-07-07 17:30:00,188,17.5,62,2469,1,0,2402.5,3,35.0,37.08,73.64,608.38,110.6,13.39,0.5801,7.77,309.53,315.66,5.62,-6.13,-0.5,12.68,17.84,0.0,1.02,43.81,750.86,0.0,0.0,0.0,4.44,3.94,0.0215
2019-07-07 17:30:00,188,17.5,63,2506,1,0,2402.5,3,35.0,36.12,69.61,608.38,110.6,12.65,0.5791,7.33,309.53,315.66,5.33,-6.13,-0.8,12.68,17.6,0.0,1.02,43.81,750.86,0.0,0.0,0.0,4.44,3.64,0.0199
2019-07-07 17:30:00,188,17.5,64,2506,1,0,2402.5,3,35.0,36.12,74.62,608.38,110.6,13.57,0.5791,7.86,309.53,315.66,5.71,-6.13,-0.42,12.68,17.6,0.0,1.02,43.81,750.86,0.0,0.0,0.0,4.44,4.03,0.022
2019-07-07 17:30:00,188,17.5,65,2506,1,0,2402.5,3,35.0,36.12,74.38,608.38,110.6,13.52,0.5791,7.83,309.53,315.66,5.69,-6.13,-0.43,12.68,17.6,0.0,1.02,43.81,750.86,0.0,0.0,0.0,4.44,4.01,0.0219
2019-07-07 17:30:00,188,17.5,66,2485,1,0,2402.5,3,35.0,36.66,73.21,608.38,110.6,13.31,0.5797,7.71,309.53,315.66,5.59,-6.13,-0.53,12.68,17.73,0.0,1.02,43.81,750.86,0.0,0.0,0.0,4.44,3.91,0.0213
2019-07-07 17:30:00,188,17.5,67,2455,1,0,2402.5,3,35.0,37.44,74.63,608.38,110.6,13.57,0.5804,7.87,309.53,315.66,5.69,-6.13,-0.43,12.68,17.93,0.0,1.02,43.81,750.86,0.0,0.0,0.0,4.44,4.01,0.0219
2019-07-07 17:30:00,188,17.5,68,2489,1,0,2402.5,3,35.0,36.56,68.73,608.38,110.6,12.49,0.5796,7.24,309.53,315.66,5.25,-6.13,-0.87,12.68,17.71,0.0,1.02,43.81,750.86,0.0,0.0,0.0,4.44,3.57,0.0195
2019-07-07 17:30:00,188,17.5,69,2489,1,0,2402.5,3,35.0,36.56,74.49,608.38,110.6,13.54,0.5796,7.85,309.53,315.66,5.69,-6.13,-0.43,12.68,17.71,0.0,1.02,43.81,750.86,0.0,0.0,0.0,4.44,4.01,0.0219
2019-07-07 17:30:00,188,17.5,70,2489,1,0,2402.5,3,35.0,36.56,74.29,608.38,110.6,13.51,0.5796,7.83,309.53,315.66,5.68,-6.13,-0.45,12.68,17.71,0.0,1.02,43.81,750.86,0.0,0.0,0.0,4.44,4.0,0.0218
2019-07-07 17:30:00,188,17.5,71,2477,1,0,2402.5,3,35.0,36.87,73.31,608.38,110.6,13.33,0.5799,7.73,309.53,315.66,5.6,-6.13,-0.53,12.68,17.79,0.0,1.02,43.81,750.86,0.0,0.0,0.0,4.44,3.92,0.0214
2019-07-07 17:30:00,188,17.5,72,2455,1,0,2402.5,3,35.0,37.44,74.7,608.38,110.6,13.58,0.5804,7.88,309.53,315.66,5.7,-6.13,-0.43,12.68,17.93,0.0,1.02,43.81,750.86,0.0,0.0,0.0,4.44,4.02,0.0219
2019-07-07 17:30:00,188,17.5,73,2485,1,0,2402.5,3,35.0,36.66,67.6,608.38,110.6,12.29,0.5797,7.12,309.53,315.66,5.17,-6.13,-0.96,12.68,17.73,0.0,1.02,43.81,750.86,0.0,0.0,0.0,4.44,3.48,0.019
2019-07-07 17:30:00,188,17.5,74,2485,1,0,2402.5,3,35.0,36.66,74.77,608.38,110.6,13.59,0.5797,7.88,309.53,315.66,5.71,-6.13,-0.41,12.68,17.73,0.0,1.02,43.81,750.86,0.0,0.0,0.0,4.44,4.03,0.022
2019-07-07 17:30:00,188,17.5,75,2485,1,0,2402.5,3,35.0,36.66,74.33,608.38,110.6,13.51,0.5797,7.83,309.53,315.66,5.68,-6.13,-0.45,12.68,17.73,0.0,1.02,43.81,750.86,0.0,0.0,0.0,4.44,4.0,0.0218
2019-07-07 17:30:00,188,17.5,76,2466,1,0,2402.5,3,35.0,37.16,72.62,608.38,110.6,13.2,0.5802,7.66,309.53,315.66,5.54,-6.13,-0.58,12.68,17.86,0.0,1.02,43.81,750.86,0.0,0.0,0.0,4.44,3.86,0.0211
2019-07-07 17:30:00,188,17.5,77,2445,1,0,2402.5,3,35.0,37.7,73.61,608.38,110.6,13.38,0.5807,7.77,309.53,315.66,5.61,-6.13,-0.51,12.68,17.99,0.0,1.02,43.81,750.86,0.0,0.0,0.0,4.44,3.93,0.0214
2019-07-07 17:30:00,188,17.5,78,2478,1,0,2402.5,3,35.0,36.85,74.77,608.38,110.6,13.59,0.5799,7.88,309.53,315.66,5.71,-6.13,-0.41,12.68,17.78,0.0,1.02,43.81,750.86,0.0,0.0,0.0,4.44,4.03,0.022
2019-07-07 17:30:00,188,17.5,79,2478,1,0,2402.5,3,35.0,36.85,73.95,608.38,110.6,13.44,0.5799,7.8,309.53,315.66,5.65,-6.13,-0.48,12.68,17.78,0.0,1.02,43.81,750.86,0.0,0.0,0.0,4.44,3.97,0.0216
2019-07-07 17:30:00,188,17.5,80,2449,1,0,2402.5,3,35.0,37.6,71.24,608.38,110.6,12.95,0.5806,7.52,309.53,315.66,5.43,-6.13,-0.69,12.68,17.97,0.0,1.02,43.81,750.86,0.0,0.0,0.0,4.44,3.75,0.0205
2019-07-07 17:30:00,188,17.5,81,2412,1,0,2402.5,3,35.0,38.56,73.15,608.38,110.6,13.3,0.5815,7.73,309.53,315.66,5.57,-6.13,-0.56,12.68,18.21,0.0,1.02,43.81,750.86,0.0,0.0,0.0,4.44,3.88,0.0212
2019-07-07 17:30:00,188,17.5,82,2443,1,0,2402.5,3,35.0,37.76,70.3,608.38,110.6,12.78,0.5807,7.42,309.53,315.66,5.36,-6.13,-0.77,12.68,18.01,0.0,1.02,43.81,750.86,0.0,0.0,0.0,4.44,3.68,0.0201
2019-07-07 17:30:00,188,17.5,83,2474,1,0,2402.5,3,35.0,36.95,74.88,608.38,110.6,13.61,0.58,7.89,309.53,315.66,5.72,-6.13,-0.41,12.68,17.8,0.0,1.02,43.81,750.86,0.0,0.0,0.0,4.44,4.04,0.022
2019-07-07 17:30:00,188,17.5,84,2474,1,0,2402.5,3,35.0,36.95,73.6,608.38,110.6,13.38,0.58,7.76,309.53,315.66,5.62,-6.13,-0.51,12.68,17.8,0.0,1.02,43.81,750.86,0.0,0.0,0.0,4.44,3.94,0.0215
2019-07-07 17:30:00,188,17.5,85,2436,1,0,2402.5,3,35.0,37.94,69.98,608.38,110.6,12.72,0.5809,7.39,309.53,315.66,5.33,-6.13,-0.79,12.68,18.05,0.0,1.02,43.81,750.86,0.0,0.0,0.0,4.44,3.65,0.0199
2019-07-07 17:30:00,188,17.5,86,2397,0,0,2402.5,3,35.0,38.95,73.12,608.38,110.6,13.29,0.2445,3.25,309.53,315.66,10.04,-6.13,3.92,12.68,18.3,0.0,1.02,43.81,750.86,0.0,0.0,0.0,24.44,28.36,0.1524
2019-07-07 17:30:00,188,17.5,87,2415,1,0,2402.5,3,35.0,38.48,72.03,608.38,110.6,13.1,0.5815,7.61,309.53,315.66,5.48,-6.13,-0.64,12.68,18.19,0.0,1.02,43.81,750.86,0.0,0.0,0.0,4.44,3.8,0.0207
2019-07-07 17:30:00,188,17.5,88,2476,1,0,2402.5,3,35.0,36.9,72.57,608.38,110.6,13.19,0.5799,7.65,309.53,315.66,5.54,-6.13,-0.58,12.68,17.79,0.0,1.02,43.81,750.86,0.0,0.0,0.0,4.44,3.86,0.0211
2019-07-07 17:30:00,188,17.5,89,2428,1,0,2402.5,3,35.0,38.15,68.18,608.38,110.6,12.39,0.5811,7.2,309.53,315.66,5.19,-6.13,-0.93,12.68,18.1,0.0,1.02,43.81,750.86,0.0,0.0,0.0,4.44,3.51,0.0191
2019-07-07 17:30:00,188,17.5,90,2377,0,0,2402.5,3,35.0,39.47,72.42,608.38,110.6,13.16,0.245,3.22,309.53,315.66,9.94,-6.13,3.81,12.68,18.43,0.0,1.02,43.81,750.86,0.0,0.0,0.0,24.44,28.26,0.1518
2019-07-07 17:30:00,188,17.5,91,2378,0,0,2402.5,3,35.0,39.45,72.9,608.38,110.6,13.25,0.2449,3.25,309.53,315.66,10.01,-6.13,3.88,12.68,18.43,0.0,1.02,43.81,750.86,0.0,0.0,0.0,24.44,28.33,0.1522
2019-07-07 17:30:00,188,17.5,92,2496,1,0,2402.5,3,35.0,36.38,68.37,608.38,110.6,12.43,0.5794,7.2,309.53,315.66,5.23,-6.13,-0.9,12.68,17.66,0.0,1.02,43.81,750.86,0.0,0.0,0.0,4.44,3.55,0.0193
2019-07-07 17:30:00,188,17.5,93,2423,1,0,2402.5,3,35.0,38.28,64.3,608.38,110.6,11.69,0.5813,6.79,309.53,315.66,4.89,-6.13,-1.23,12.68,18.14,0.0,1.02,43.81,750.86,0.0,0.0,0.0,4.44,3.21,0.0175
2019-07-07 17:30:00,188,17.5,95,2372,0,0,2402.5,3,35.0,39.6,71.07,608.38,110.6,12.92,0.2451,3.17,309.53,315.66,9.75,-6.13,3.63,12.68,18.47,0.0,1.02,43.81,750.86,0.0,0.0,0.0,24.44,28.07,0.1508
2019-07-07 17:30:00,188,17.5,97,2358,0,0,2402.5,3,35.0,39.97,74.26,608.38,110.6,13.5,0.2454,3.31,309.53,315.66,10.19,-6.13,4.06,12.68,18.56,0.0,1.02,43.81,750.86,0.0,0.0,0.0,24.44,28.5,0.1532
2019-07-07 17:30:00,188,17.5,98,2554,1,0,2402.5,3,35.0,34.87,66.33,608.38,110.6,12.06,0.5779,6.97,309.53,315.66,5.09,-6.13,-1.04,12.68,17.28,0.0,1.02,43.81,750.86,0.0,0.0,0.0,4.44,3.41,0.0186
2019-07-07 17:30:00,188,17.5,99,2451,1,0,2402.5,3,35.0,37.55,59.72,608.38,110.6,10.86,0.5805,6.3,309.53,315.66,4.55,-6.13,-1.57,12.68,17.95,0.0,1.02,43.81,750.86,0.0,0.0,0.0,4.44,2.87,0.0157
2019-07-07 17:30:00,188,17.5,100,2361,0,0,2402.5,3,35.0,39.89,68.13,608.38,110.6,12.39,0.2454,3.04,309.53,315.66,9.35,-6.13,3.22,12.68,18.54,0.0,1.02,43.81,750.86,0.0,0.0,0.0,24.44,27.66,0.1486
2019-07-07 18:00:00,188,18.0,94,2563,1,0,2402.5,3,35.0,34.64,60.06,64.42,101.6,94.73,0.5777,54.73,318.67,315.66,40.01,3.01,43.01,12.3,17.23,0.0,1.01,44.49,750.69,0.0,0.0,0.0,4.44,47.46,0.2589
2019-07-07 18:00:00,188,18.0,96,2549,1,0,2402.5,3,35.0,35.0,64.42,64.42,101.6,101.6,0.5781,58.73,318.67,315.66,42.87,3.01,45.88,12.3,17.32,0.0,1.01,44.49,750.69,0.0,0.0,0.0,4.44,50.32,0.2745
2019-07-07 18:00:00,188,18.0,1,2612,1,0,2402.5,3,35.0,33.36,61.34,64.42,101.6,96.74,0.5765,55.77,318.67,315.66,40.97,3.01,43.98,12.3,16.91,0.0,1.01,44.49,750.69,0.0,0.0,0.0,4.44,48.43,0.2642
2019-07-07 18:00:00,188,18.0,2,2612,1,0,2402.5,3,35.0,33.36,629.59,64.42,101.6,993.01,0.5765,572.43,318.67,315.66,420.58,3.01,423.59,12.3,16.91,0.0,1.01,44.49,750.69,0.0,0.0,0.0,4.44,428.03,2.3347
2019-07-07 18:00:00,188,18.0,3,2610,1,0,2402.5,3,35.0,33.41,616.65,64.42,101.6,972.6,0.5765,560.71,318.67,315.66,411.89,3.01,414.9,12.3,16.92,0.0,1.01,44.49,750.69,0.0,0.0,0.0,4.44,419.34,2.2873
2019-07-07 18:00:00,188,18.0,4,2583,1,0,2402.5,3,35.0,34.12,570.61,64.42,101.6,899.98,0.5772,519.46,318.67,315.66,380.52,3.01,383.53,12.3,17.1,0.0,1.01,44.49,750.69,0.0,0.0,0.0,4.44,387.97,2.1162
2019-07-07 18:00:00,188,18.0,5,2583,1,0,2402.5,3,35.0,34.12,550.39,64.42,101.6,868.09,0.5772,501.06,318.67,315.66,367.03,3.01,370.04,12.3,17.1,0.0,1.01,44.49,750.69,0.0,0.0,0.0,4.44,374.49,2.0427
2019-07-07 18:00:00,188,18.0,6,2546,1,0,2402.5,3,35.0,35.08,63.75,64.42,101.6,100.54,0.5781,58.13,318.67,315.66,42.42,3.01,45.42,12.3,17.34,0.0,1.01,44.49,750.69,0.0,0.0,0.0,4.44,49.87,0.272
2019-07-07 18:00:00,188,18.0,7,2546,1,0,2402.5,3,35.0,35.08,498.47,64.42,101.6,786.2,0.5781,454.53,318.67,315.66,331.67,3.01,334.68,12.3,17.34,0.0,1.01,44.49,750.69,0.0,0.0,0.0,4.44,339.13,1.8498
2019-07-07 18:00:00,188,18.0,8,2639,1,0,2402.5,3,35.0,32.66,633.24,64.42,101.6,998.77,0.5758,575.07,318.67,315.66,423.7,3.01,426.71,12.3,16.73,0.0,1.01,44.49,750.69,0.0,0.0,0.0,4.44,431.16,2.3518
2019-07-07 18:00:00,188,18.0,9,2610,1,0,2402.5,3,35.0,33.41,652.5,64.42,101.6,1029.14,0.5765,593.31,318.67,315.66,435.83,3.01,438.84,12.3,16.92,0.0,1.01,44.49,750.69,0.0,0.0,0.0,4.44,443.29,2.4179
2019-07-07 18:00:00,188,18.0,10,2579,1,0,2402.5,3,35.0,34.22,62.75,64.42,101.6,98.97,0.5773,57.13,318.67,315.66,41.83,3.01,44.84,12.3,17.12,0.0,1.01,44.49,750.69,0.0,0.0,0.0,4.44,49.29,0.2688
2019-07-07 18:00:00,188,18.0,11,2579,1,0,2402.5,3,35.0,34.22,585.84,64.42,101.6,924.01,0.5773,533.43,318.67,315.66,390.58,3.01,393.59,12.3,17.12,0.0,1.01,44.49,750.69,0.0,0.0,0.0,4.44,398.04,2.1711
2019-07-07 18:00:00,188,18.0,12,2546,1,0,2402.5,3,35.0,35.08,61.47,64.42,101.6,96.96,0.5781,56.05,318.67,315.66,40.9,3.01,43.91,12.3,17.34,0.0,1.01,44.49,750.69,0.0,0.0,0.0,4.44,48.36,0.2638
2019-07-07 18:00:00,188,18.0,13,2530,1,0,2402.5,3,35.0,35.49,622.42,64.42,101.6,981.7,0.5785,567.95,318.67,315.66,413.75,3.01,416.76,12.3,17.44,0.0,1.01,44.49,750.69,0.0,0.0,0.0,4.44,421.2,2.2975
2019-07-07 18:00:00,188,18.0,14,2530,1,0,2402.5,3,35.0,35.49,617.34,64.42,101.6,973.69,0.5785,563.32,318.67,315.66,410.37,3.01,413.38,12.3,17.44,0.0,1.01,44.49,750.69,0.0,0.0,0.0,4.44,417.83,2.2791
2019-07-07 18:00:00,188,18.0,15,2494,1,0,2402.5,3,35.0,36.43,62.42,64.42,101.6,98.46,0.5795,57.05,318.67,315.66,41.41,3.01,44.42,12.3,17.67,0.0,1.01,44.49,750.69,0.0,0.0,0.0,4.44,48.86,0.2665
2019-07-07 18:00:00,188,18.0,16,2494,1,0,2402.5,3,35.0,36.43,590.26,64.42,101.6,930.98,0.5795,539.46,318.67,315.66,391.52,3.01,394.53,12.3,17.67,0.0,1.01,44.49,750.69,0.0,0.0,0.0,4.44,398.98,2.1762
2019-07-07 18:00:00,188,18.0,17,2462,1,0,2402.5,3,35.0,37.26,62.78,64.42,101.6,99.02,0.5803,57.46,318.67,315.66,41.56,3.01,44.57,12.3,17.88,0.0,1.01,44.49,750.69,0.0,0.0,0.0,4.44,49.02,0.2674
2019-07-07 18:00:00,188,18.0,18,2630,1,0,2402.5,3,35.0,32.89,575.52,64.42,101.6,907.73,0.576,522.86,318.67,315.66,384.88,3.01,387.89,12.3,16.79,0.0,1.01,44.49,750.69,0.0,0.0,0.0,4.44,392.33,2.14
2019-07-07 18:00:00,188,18.0,19,2630,1,0,2402.5,3,35.0,32.89,619.96,64.42,101.6,977.82,0.576,563.23,318.67,315.66,414.59,3.01,417.6,12.3,16.79,0.0,1.01,44.49,750.69,0.0,0.0,0.0,4.44,422.05,2.3021
2019-07-07 18:00:00,188,18.0,20,2604,1,0,2402.5,3,35.0,33.57,670.78,64.42,101.6,1057.97,0.5767,610.09,318.67,315.66,447.88,3.01,450.89,12.3,16.96,0.0,1.01,44.49,750.69,0.0,0.0,0.0,4.44,455.33,2.4836
2019-07-07 18:00:00,188,18.0,21,2563,1,0,2402.5,3,35.0,34.64,60.06,64.42,101.6,94.73,0.5777,54.73,318.67,315.66,40.01,3.01,43.01,12.3,17.23,0.0,1.01,44.49,750.69,0.0,0.0,0.0,4.44,47.46,0.2589
2019-07-07 18:00:00,188,18.0,22,2556,1,0,2402.5,3,35.0,34.82,62.39,64.42,101.6,98.41,0.5779,56.87,318.67,315.66,41.54,3.01,44.55,12.3,17.27,0.0,1.01,44.49,750.69,0.0,0.0,0.0,4.44,48.99,0.2672
2019-07-07 18:00:00,188,18.0,23,2549,1,0,2402.5,3,35.0,35.0,64.42,64.42,101.6,101.6,0.5781,58.73,318.67,315.66,42.87,3.01,45.88,12.3,17.32,0.0,1.01,44.49,750.69,0.0,0.0,0.0,4.44,50.32,0.2745
2019-07-07 18:00:00,188,18.0,24,2549,1,0,2402.5,3,35.0,35.0,493.73,64.42,101.6,778.72,0.5781,450.15,318.67,315.66,328.58,3.01,331.59,12.3,17.32,0.0,1.01,44.49,750.69,0.0,0.0,0.0,4.44,336.03,1.8329
2019-07-07 18:00:00,188,18.0,25,2524,1,0,2402.5,3,35.0,35.65,489.68,64.42,101.6,772.34,0.5787,446.95,318.67,315.66,325.4,3.01,328.4,12.3,17.48,0.0,1.01,44.49,750.69,0.0,0.0,0.0,4.44,332.85,1.8155
2019-07-07 18:00:00,188,18.0,26,2502,1,0,2402.5,3,35.0,36.22,484.83,64.42,101.6,764.69,0.5792,442.95,318.67,315.66,321.75,3.01,324.76,12.3,17.62,0.0,1.01,44.49,750.69,0.0,0.0,0.0,4.44,329.2,1.7956
2019-07-07 18:00:00,188,18.0,27,2502,1,0,2402.5,3,35.0,36.22,487.37,64.42,101.6,768.69,0.5792,445.26,318.67,315.66,323.43,3.01,326.44,12.3,17.62,0.0,1.01,44.49,750.69,0.0,0.0,0.0,4.44,330.88,1.8048
2019-07-07 18:00:00,188,18.0,28,2477,1,0,2402.5,3,35.0,36.87,462.29,64.42,101.6,729.13,0.5799,422.81,318.67,315.66,306.32,3.01,309.33,12.3,17.79,0.0,1.01,44.49,750.69,0.0,0.0,0.0,4.44,313.78,1.7115
2019-07-07 18:00:00,188,18.0,29,2477,1,0,2402.5,3,35.0,36.87,438.38,64.42,101.6,691.43,0.5799,400.95,318.67,315.66,290.48,3.01,293.49,12.3,17.79,0.0,1.01,44.49,750.69,0.0,0.0,0.0,4.44,297.94,1.6251
2019-07-07 18:00:00,188,18.0,30,2440,1,0,2402.5,3,35.0,37.83,65.84,64.42,101.6,103.84,0.5808,60.31,318.67,315.66,43.53,3.01,46.54,12.3,18.03,0.0,1.01,44.49,750.69,0.0,0.0,0.0,4.44,50.98,0.2781
2019-07-07 18:00:00,188,18.0,31,2620,1,0,2402.5,3,35.0,33.15,53.45,64.42,101.6,84.3,0.5763,48.58,318.67,315.66,35.72,3.01,38.73,12.3,16.86,0.0,1.01,44.49,750.69,0.0,0.0,0.0,4.44,43.18,0.2355
2019-07-07 18:00:00,188,18.0,32,2576,1,0,2402.5,3,35.0,34.3,62.12,64.42,101.6,97.97,0.5774,56.57,318.67,315.66,41.4,3.01,44.41,12.3,17.14,0.0,1.01,44.49,750.69,0.0,0.0,0.0,4.44,48.86,0.2665
2019-07-07 18:00:00,188,18.0,33,2576,1,0,2402.5,3,35.0,34.3,62.8,64.42,101.6,99.05,0.5774,57.19,318.67,315.66,41.86,3.01,44.87,12.3,17.14,0.0,1.01,44.49,750.69,0.0,0.0,0.0,4.44,49.31,0.269
2019-07-07 18:00:00,188,18.0,34,2576,1,0,2402.5,3,35.0,34.3,603.63,64.42,101.6,952.07,0.5774,549.7,318.67,315.66,402.37,3.01,405.38,12.3,17.14,0.0,1.01,44.49,750.69,0.0,0.0,0.0,4.44,409.82,2.2354
2019-07-07 18:00:00,188,18.0,35,2556,1,0,2402.5,3,35.0,34.82,596.88,64.42,101.6,941.42,0.5779,544.03,318.67,315.66,397.39,3.01,400.4,12.3,17.27,0.0,1.01,44.49,750.69,0.0,0.0,0.0,4.44,404.85,2.2083
2019-07-07 18:00:00,188,18.0,36,2533,1,0,2402.5,3,35.0,35.42,64.04,64.42,101.6,101.01,0.5785,58.43,318.67,315.66,42.58,3.01,45.59,12.3,17.42,0.0,1.01,44.49,750.69,0.0,0.0,0.0,4.44,50.03,0.2729
2019-07-07 18:00:00,188,18.0,37,2532,1,0,2402.5,3,35.0,35.44,65.65,64.42,101.6,103.54,0.5785,59.9,318.67,315.66,43.64,3.01,46.65,12.3,17.43,0.0,1.01,44.49,750.69,0.0,0.0,0.0,4.44,51.1,0.2787
2019-07-07 18:00:00,188,18.0,38,2534,1,0,2402.5,3,35.0,35.39,384.54,64.42,101.6,606.5,0.5784,350.82,318.67,315.66,255.68,3.01,258.69,12.3,17.41,0.0,1.01,44.49,750.69,0.0,0.0,0.0,4.44,263.13,1.4353
2019-07-07 18:00:00,188,18.0,39,2534,1,0,2402.5,3,35.0,35.39,357.52,64.42,101.6,563.89,0.5784,326.17,318.67,315.66,237.71,3.01,240.72,12.3,17.41,0.0,1.01,44.49,750.69,0.0,0.0,0.0,4.44,245.17,1.3373
2019-07-07 18:00:00,188,18.0,40,2515,1,0,2402.5,3,35.0,35.88,336.61,64.42,101.6,530.91,0.5789,307.35,318.67,315.66,223.56,3.01,226.57,12.3,17.54,0.0,1.01,44.49,750.69,0.0,0.0,0.0,4.44,231.01,1.2601
2019-07-07 18:00:00,188,18.0,41,2487,1,0,2402.5,3,35.0,36.61,317.37,64.42,101.6,500.56,0.5796,290.14,318.67,315.66,210.42,3.01,213.43,12.3,17.72,0.0,1.01,44.49,750.69,0.0,0.0,0.0,4.44,217.88,1.1884
2019-07-07 18:00:00,188,18.0,42,2487,1,0,2402.5,3,35.0,36.61,341.34,64.42,101.6,538.37,0.5796,312.05,318.67,315.66,226.31,3.01,229.32,12.3,17.72,0.0,1.01,44.49,750.69,0.0,0.0,0.0,4.44,233.77,1.2751
2019-07-07 18:00:00,188,18.0,43,2464,1,0,2402.5,3,35.0,37.21,370.6,64.42,101.6,584.52,0.5802,339.15,318.67,315.66,245.38,3.01,248.39,12.3,17.87,0.0,1.01,44.49,750.69,0.0,0.0,0.0,4.44,252.83,1.3791
2019-07-07 18:00:00,188,18.0,44,2555,1,0,2402.5,3,35.0,34.84,63.38,64.42,101.6,99.96,0.5779,57.77,318.67,315.66,42.19,3.01,45.2,12.3,17.28,0.0,1.01,44.49,750.69,0.0,0.0,0.0,4.44,49.65,0.2708
2019-07-07 18:00:00,188,18.0,45,2555,1,0,2402.5,3,35.0,34.84,65.04,64.42,101.6,102.58,0.5779,59.28,318.67,315.66,43.3,3.01,46.31,12.3,17.28,0.0,1.01,44.49,750.69,0.0,0.0,0.0,4.44,50.75,0.2768
2019-07-07 18:00:00,188,18.0,46,2555,1,0,2402.5,3,35.0,34.84,64.6,64.42,101.6,101.89,0.5779,58.88,318.67,315.66,43.01,3.01,46.02,12.3,17.28,0.0,1.01,44.49,750.69,0.0,0.0,0.0,4.44,50.46,0.2752
2019-07-07 18:00:00,188,18.0,47,2530,1,0,2402.5,3,35.0,35.49,63.83,64.42,101.6,100.67,0.5785,58.24,318.67,315.66,42.43,3.01,45.44,12.3,17.44,0.0,1.01,44.49,750.69,0.0,0.0,0.0,4.44,49.88,0.2721
2019-07-07 18:00:00,188,18.0,48,2510,1,0,2402.5,3,35.0,36.01,65.63,64.42,101.6,103.51,0.579,59.93,318.67,315.66,43.57,3.01,46.58,12.3,17.57,0.0,1.01,44.49,750.69,0.0,0.0,0.0,4.44,51.03,0.2783
2019-07-07 18:00:00,188,18.0,49,2534,1,0,2402.5,3,35.0,35.39,293.38,64.42,101.6,462.72,0.5784,267.66,318.67,315.66,195.07,3.01,198.08,12.3,17.41,0.0,1.01,44.49,750.69,0.0,0.0,0.0,4.44,202.52,1.1047
2019-07-07 18:00:00,188,18.0,50,2531,1,0,2402.5,3,35.0,35.47,63.22,64.42,101.6,99.71,0.5785,57.69,318.67,315.66,42.03,3.01,45.04,12.3,17.43,0.0,1.01,44.49,750.69,0.0,0.0,0.0,4.44,49.48,0.2699
2019-07-07 18:00:00,188,18.0,51,2531,1,0,2402.5,3,35.0,35.47,66.08,64.42,101.6,104.23,0.5785,60.3,318.67,315.66,43.93,3.01,46.94,12.3,17.43,0.0,1.01,44.49,750.69,0.0,0.0,0.0,4.44,51.39,0.2803
2019-07-07 18:00:00,188,18.0,52,2531,1,0,2402.5,3,35.0,35.47,65.65,64.42,101.6,103.55,0.5785,59.91,318.67,315.66,43.65,3.01,46.65,12.3,17.43,0.0,1.01,44.49,750.69,0.0,0.0,0.0,4.44,51.1,0.2787
2019-07-07 18:00:00,188,18.0,53,2507,1,0,2402.5,3,35.0,36.09,65.06,64.42,101.6,102.62,0.5791,59.43,318.67,315.66,43.19,3.01,46.2,12.3,17.59,0.0,1.01,44.49,750.69,0.0,0.0,0.0,4.44,50.64,0.2762
2019-07-07 18:00:00,188,18.0,54,2494,1,0,2402.5,3,35.0,36.43,66.31,64.42,101.6,104.59,0.5795,60.6,318.67,315.66,43.98,3.01,46.99,12.3,17.67,0.0,1.01,44.49,750.69,0.0,0.0,0.0,4.44,51.44,0.2806
2019-07-07 18:00:00,188,18.0,55,2531,1,0,2402.5,3,35.0,35.47,66.05,64.42,101.6,104.17,0.5785,60.26,318.67,315.66,43.91,3.01,46.92,12.3,17.43,0.0,1.01,44.49,750.69,0.0,0.0,0.0,4.44,51.36,0.2801
2019-07-07 18:00:00,188,18.0,56,2531,1,0,2402.5,3,35.0,35.47,65.67,64.42,101.6,103.58,0.5785,59.92,318.67,315.66,43.66,3.01,46.67,12.3,17.43,0.0,1.01,44.49,750.69,0.0,0.0,0.0,4.44,51.11,0.2788
2019-07-07 18:00:00,188,18.0,57,2507,1,0,2402.5,3,35.0,36.09,65.11,64.42,101.6,102.69,0.5791,59.47,318.67,315.66,43.22,3.01,46.23,12.3,17.59,0.0,1.01,44.49,750.69,0.0,0.0,0.0,4.44,50.67,0.2764
2019-07-07 18:00:00,188,18.0,58,2494,1,0,2402.5,3,35.0,36.43,65.92,64.42,101.6,103.98,0.5795,60.25,318.67,315.66,43.73,3.01,46.74,12.3,17.67,0.0,1.01,44.49,750.69,0.0,0.0,0.0,4.44,51.18,0.2792
2019-07-07 18:00:00,188,18.0,59,2506,1,0,2402.5,3,35.0,36.12,66.05,64.42,101.6,104.17,0.5791,60.33,318.67,315.66,43.84,3.01,46.85,12.3,17.6,0.0,1.01,44.49,750.69,0.0,0.0,0.0,4.44,51.29,0.2798
2019-07-07 18:00:00,188,18.0,60,2506,1,0,2402.5,3,35.0,36.12,65.72,64.42,101.6,103.66,0.5791,60.03,318.67,315.66,43.62,3.01,46.63,12.3,17.6,0.0,1.01,44.49,750.69,0.0,0.0,0.0,4.44,51.08,0.2786
2019-07-07 18:00:00,188,18.0,61,2485,1,0,2402.5,3,35.0,36.66,64.8,64.42,101.6,102.2,0.5797,59.25,318.67,315.66,42.96,3.01,45.97,12.3,17.73,0.0,1.01,44.49,750.69,0.0,0.0,0.0,4.44,50.41,0.275
2019-07-07 18:00:00,188,18.0,62,2469,1,0,2402.5,3,35.0,37.08,65.43,64.42,101.6,103.2,0.5801,59.87,318.67,315.66,43.34,3.01,46.35,12.3,17.84,0.0,1.01,44.49,750.69,0.0,0.0,0.0,4.44,50.79,0.277
2019-07-07 18:00:00,188,18.0,63,2506,1,0,2402.5,3,35.0,36.12,61.85,64.42,101.6,97.55,0.5791,56.5,318.67,315.66,41.05,3.01,44.06,12.3,17.6,0.0,1.01,44.49,750.69,0.0,0.0,0.0,4.44,48.51,0.2646
2019-07-07 18:00:00,188,18.0,64,2506,1,0,2402.5,3,35.0,36.12,66.3,64.42,101.6,104.58,0.5791,60.57,318.67,315.66,44.01,3.01,47.02,12.3,17.6,0.0,1.01,44.49,750.69,0.0,0.0,0.0,4.44,51.47,0.2807
2019-07-07 18:00:00,188,18.0,65,2506,1,0,2402.5,3,35.0,36.12,66.09,64.42,101.6,104.24,0.5791,60.37,318.67,315.66,43.87,3.01,46.88,12.3,17.6,0.0,1.01,44.49,750.69,0.0,0.0,0.0,4.44,51.32,0.2799
2019-07-07 18:00:00,188,18.0,66,2485,1,0,2402.5,3,35.0,36.66,65.05,64.42,101.6,102.59,0.5797,59.47,318.67,315.66,43.12,3.01,46.13,12.3,17.73,0.0,1.01,44.49,750.69,0.0,0.0,0.0,4.44,50.58,0.2759
2019-07-07 18:00:00,188,18.0,67,2455,1,0,2402.5,3,35.0,37.44,66.31,64.42,101.6,104.58,0.5804,60.7,318.67,315.66,43.88,3.01,46.89,12.3,17.93,0.0,1.01,44.49,750.69,0.0,0.0,0.0,4.44,51.33,0.28
2019-07-07 18:00:00,188,18.0,68,2489,1,0,2402.5,3,35.0,36.56,61.06,64.42,101.6,96.31,0.5796,55.82,318.67,315.66,40.49,3.01,43.5,12.3,17.71,0.0,1.01,44.49,750.69,0.0,0.0,0.0,4.44,47.94,0.2615
2019-07-07 18:00:00,188,18.0,69,2489,1,0,2402.5,3,35.0,36.56,66.19,64.42,101.6,104.39,0.5796,60.5,318.67,315.66,43.89,3.01,46.9,12.3,17.71,0.0,1.01,44.49,750.69,0.0,0.0,0.0,4.44,51.34,0.28
2019-07-07 18:00:00,188,18.0,70,2489,1,0,2402.5,3,35.0,36.56,66.01,64.42,101.6,104.11,0.5796,60.34,318.67,315.66,43.77,3.01,46.78,12.3,17.71,0.0,1.01,44.49,750.69,0.0,0.0,0.0,4.44,51.22,0.2794
2019-07-07 18:00:00,188,18.0,71,2477,1,0,2402.5,3,35.0,36.87,65.14,64.42,101.6,102.73,0.5799,59.57,318.67,315.66,43.16,3.01,46.17,12.3,17.79,0.0,1.01,44.49,750.69,0.0,0.0,0.0,4.44,50.61,0.2761
2019-07-07 18:00:00,188,18.0,72,2455,1,0,2402.5,3,35.0,37.44,66.38,64.42,101.6,104.69,0.5804,60.77,318.67,315.66,43.92,3.01,46.93,12.3,17.93,0.0,1.01,44.49,750.69,0.0,0.0,0.0,4.44,51.38,0.2802
2019-07-07 18:00:00,188,18.0,73,2485,1,0,2402.5,3,35.0,36.66,60.06,64.42,101.6,94.73,0.5797,54.91,318.67,315.66,39.82,3.01,42.83,12.3,17.73,0.0,1.01,44.49,750.69,0.0,0.0,0.0,4.44,47.27,0.2578
2019-07-07 18:00:00,188,18.0,74,2485,1,0,2402.5,3,35.0,36.66,66.44,64.42,101.6,104.79,0.5797,60.74,318.67,315.66,44.04,3.01,47.05,12.3,17.73,0.0,1.01,44.49,750.69,0.0,0.0,0.0,4.44,51.5,0.2809
2019-07-07 18:00:00,188,18.0,75,2485,1,0,2402.5,3,35.0,36.66,66.05,64.42,101.6,104.17,0.5797,60.39,318.67,315.66,43.78,3.01,46.79,12.3,17.73,0.0,1.01,44.49,750.69,0.0,0.0,0.0,4.44,51.24,0.2795
2019-07-07 18:00:00,188,18.0,76,2466,1,0,2402.5,3,35.0,37.16,64.52,64.42,101.6,101.77,0.5802,59.04,318.67,315.66,42.73,3.01,45.74,12.3,17.86,0.0,1.01,44.49,750.69,0.0,0.0,0.0,4.44,50.18,0.2737
2019-07-07 18:00:00,188,18.0,77,2445,1,0,2402.5,3,35.0,37.7,65.4,64.42,101.6,103.15,0.5807,59.9,318.67,315.66,43.25,3.01,46.26,12.3,17.99,0.0,1.01,44.49,750.69,0.0,0.0,0.0,4.44,50.7,0.2766
2019-07-07 18:00:00,188,18.0,78,2478,1,0,2402.5,3,35.0,36.85,66.44,64.42,101.6,104.78,0.5799,60.76,318.67,315.66,44.02,3.01,47.03,12.3,17.78,0.0,1.01,44.49,750.69,0.0,0.0,0.0,4.44,51.48,0.2808
2019-07-07 18:00:00,188,18.0,79,2478,1,0,2402.5,3,35.0,36.85,65.71,64.42,101.6,103.64,0.5799,60.09,318.67,315.66,43.54,3.01,46.55,12.3,17.78,0.0,1.01,44.49,750.69,0.0,0.0,0.0,4.44,51.0,0.2782
2019-07-07 18:00:00,188,18.0,80,2449,1,0,2402.5,3,35.0,37.6,63.29,64.42,101.6,99.83,0.5806,57.96,318.67,315.66,41.87,3.01,44.88,12.3,17.97,0.0,1.01,44.49,750.69,0.0,0.0,0.0,4.44,49.32,0.269
2019-07-07 18:00:00,188,18.0,81,2412,1,0,2402.5,3,35.0,38.56,64.99,64.42,101.6,102.51,0.5815,59.61,318.67,315.66,42.9,3.01,45.91,12.3,18.21,0.0,1.01,44.49,750.69,0.0,0.0,0.0,4.44,50.35,0.2746
2019-07-07 18:00:00,188,18.0,82,2443,1,0,2402.5,3,35.0,37.76,62.46,64.42,101.6,98.51,0.5807,57.21,318.67,315.66,41.3,3.01,44.31,12.3,18.01,0.0,1.01,44.49,750.69,0.0,0.0,0.0,4.44,48.75,0.2659
2019-07-07 18:00:00,188,18.0,83,2474,1,0,2402.5,3,35.0,36.95,66.53,64.42,101.6,104.93,0.58,60.86,318.67,315.66,44.08,3.01,47.09,12.3,17.8,0.0,1.01,44.49,750.69,0.0,0.0,0.0,4.44,51.53,0.2811
2019-07-07 18:00:00,188,18.0,84,2474,1,0,2402.5,3,35.0,36.95,65.39,64.42,101.6,103.14,0.58,59.82,318.67,315.66,43.32,3.01,46.33,12.3,17.8,0.0,1.01,44.49,750.69,0.0,0.0,0.0,4.44,50.78,0.277
2019-07-07 18:00:00,188,18.0,85,2436,1,0,2402.5,3,35.0,37.94,62.18,64.42,101.6,98.07,0.5809,56.97,318.67,315.66,41.1,3.01,44.11,12.3,18.05,0.0,1.01,44.49,750.69,0.0,0.0,0.0,4.44,48.55,0.2648
2019-07-07 18:00:00,188,18.0,86,2397,0,0,2402.5,3,35.0,38.95,64.97,64.42,101.6,102.47,0.2445,25.05,318.67,315.66,77.42,3.01,80.43,12.3,18.3,0.0,1.01,44.49,750.69,0.0,0.0,0.0,24.44,104.87,0.5635
2019-07-07 18:00:00,188,18.0,87,2415,1,0,2402.5,3,35.0,38.48,64.0,64.42,101.6,100.94,0.5815,58.69,318.67,315.66,42.25,3.01,45.26,12.3,18.19,0.0,1.01,44.49,750.69,0.0,0.0,0.0,4.44,49.7,0.2711
2019-07-07 18:00:00,188,18.0,88,2476,1,0,2402.5,3,35.0,36.9,64.48,64.42,101.6,101.69,0.5799,58.97,318.67,315.66,42.72,3.01,45.73,12.3,17.79,0.0,1.01,44.49,750.69,0.0,0.0,0.0,4.44,50.17,0.2737
2019-07-07 18:00:00,188,18.0,89,2428,1,0,2402.5,3,35.0,38.15,60.58,64.42,101.6,95.54,0.5811,55.52,318.67,315.66,40.02,3.01,43.03,12.3,18.1,0.0,1.01,44.49,750.69,0.0,0.0,0.0,4.44,47.47,0.2589
2019-07-07 18:00:00,188,18.0,90,2377,0,0,2402.5,3,35.0,39.47,64.34,64.42,101.6,101.48,0.245,24.86,318.67,315.66,76.62,3.01,79.63,12.3,18.43,0.0,1.01,44.49,750.69,0.0,0.0,0.0,24.44,104.07,0.5592
2019-07-07 18:00:00,188,18.0,91,2378,0,0,2402.5,3,35.0,39.45,64.77,64.42,101.6,102.16,0.2449,25.02,318.67,315.66,77.14,3.01,80.15,12.3,18.43,0.0,1.01,44.49,750.69,0.0,0.0,0.0,24.44,104.59,0.562
2019-07-07 18:00:00,188,18.0,92,2496,1,0,2402.5,3,35.0,36.38,60.74,64.42,101.6,95.8,0.5794,55.51,318.67,315.66,40.3,3.01,43.3,12.3,17.66,0.0,1.01,44.49,750.69,0.0,0.0,0.0,4.44,47.75,0.2604
2019-07-07 18:00:00,188,18.0,93,2423,1,0,2402.5,3,35.0,38.28,57.13,64.42,101.6,90.1,0.5813,52.37,318.67,315.66,37.73,3.01,40.74,12.3,18.14,0.0,1.01,44.49,750.69,0.0,0.0,0.0,4.44,45.18,0.2465
2019-07-07 18:00:00,188,18.0,95,2372,0,0,2402.5,3,35.0,39.6,63.14,64.42,101.6,99.59,0.2451,24.41,318.67,315.66,75.18,3.01,78.19,12.3,18.47,0.0,1.01,44.49,750.69,0.0,0.0,0.0,24.44,102.63,0.5515
2019-07-07 18:00:00,188,18.0,97,2358,0,0,2402.5,3,35.0,39.97,65.97,64.42,101.6,104.06,0.2454,25.54,318.67,315.66,78.52,3.01,81.53,12.3,18.56,0.0,1.01,44.49,750.69,0.0,0.0,0.0,24.44,105.97,0.5694
2019-07-07 18:00:00,188,18.0,98,2554,1,0,2402.5,3,35.0,34.87,58.93,64.42,101.6,92.95,0.5779,53.72,318.67,315.66,39.23,3.01,42.24,12.3,17.28,0.0,1.01,44.49,750.69,0.0,0.0,0.0,4.44,46.68,0.2546
2019-07-07 18:00:00,188,18.0,99,2451,1,0,2402.5,3,35.0,37.55,53.06,64.42,101.6,83.68,0.5805,48.58,318.67,315.66,35.1,3.01,38.11,12.3,17.95,0.0,1.01,44.49,750.69,0.0,0.0,0.0,4.44,42.55,0.2321
2019-07-07 18:00:00,188,18.0,100,2361,0,0,2402.5,3,35.0,39.89,60.53,64.42,101.6,95.47,0.2454,23.43,318.67,315.66,72.04,3.01,75.05,12.3,18.54,0.0,1.01,44.49,750.69,0.0,0.0,0.0,24.44,99.5,0.5346
2019-07-07 18:30:00,188,18.5,94,2563,1,0,2402.5,3,35.0,34.64,51.62,55.36,72.5,67.6,0.5777,39.05,301.21,315.66,28.55,-14.45,14.1,11.99,17.23,0.0,0.15,46.85,750.58,0.0,0.0,0.0,4.44,18.55,0.1012
2019-07-07 18:30:00,188,18.5,96,2549,1,0,2402.5,3,35.0,35.0,55.36,55.36,72.5,72.5,0.5781,41.91,301.21,315.66,30.59,-14.45,16.15,11.99,17.32,0.0,0.15,46.85,750.58,0.0,0.0,0.0,4.44,20.59,0.1123
2019-07-07 18:30:00,188,18.5,1,2612,1,0,2402.5,3,35.0,33.36,52.71,55.36,72.5,69.04,0.5765,39.8,301.21,315.66,29.24,-14.45,14.79,11.99,16.91,0.0,0.15,46.85,750.58,0.0,0.0,0.0,4.44,19.24,0.1049
2019-07-07 18:30:00,188,18.5,2,2612,1,0,2402.5,3,35.0,33.36,53.12,55.36,72.5,69.57,0.5765,40.1,301.21,315.66,29.46,-14.45,15.02,11.99,16.91,0.0,0.15,46.85,750.58,0.0,0.0,0.0,4.44,19.46,0.1062
2019-07-07 18:30:00,188,18.5,3,2610,1,0,2402.5,3,35.0,33.41,52.97,55.36,72.5,69.37,0.5765,39.99,301.21,315.66,29.38,-14.45,14.93,11.99,16.92,0.0,0.15,46.85,750.58,0.0,0.0,0.0,4.44,19.37,0.1057
2019-07-07 18:30:00,188,18.5,4,2583,1,0,2402.5,3,35.0,34.12,54.42,55.36,72.5,71.27,0.5772,41.14,301.21,315.66,30.13,-14.45,15.69,11.99,17.1,0.0,0.15,46.85,750.58,0.0,0.0,0.0,4.44,20.13,0.1098
2019-07-07 18:30:00,188,18.5,5,2583,1,0,2402.5,3,35.0,34.12,54.48,55.36,72.5,71.35,0.5772,41.18,301.21,315.66,30.17,-14.45,15.72,11.99,17.1,0.0,0.15,46.85,750.58,0.0,0.0,0.0,4.44,20.17,0.11
2019-07-07 18:30:00,188,18.5,6,2546,1,0,2402.5,3,35.0,35.08,54.78,55.36,72.5,71.75,0.5781,41.48,301.21,315.66,30.27,-14.45,15.82,11.99,17.34,0.0,0.15,46.85,750.58,0.0,0.0,0.0,4.44,20.27,0.1105
2019-07-07 18:30:00,188,18.5,7,2546,1,0,2402.5,3,35.0,35.08,424.73,55.36,72.5,556.23,0.5781,321.58,301.21,315.66,234.66,-14.45,220.21,11.99,17.34,0.0,0.15,46.85,750.58,0.0,0.0,0.0,4.44,224.66,1.2254
2019-07-07 18:30:00,188,18.5,8,2639,1,0,2402.5,3,35.0,32.66,544.71,55.36,72.5,713.36,0.5758,410.74,301.21,315.66,302.63,-14.45,288.18,11.99,16.73,0.0,0.15,46.85,750.58,0.0,0.0,0.0,4.44,292.62,1.5961
2019-07-07 18:30:00,188,18.5,9,2610,1,0,2402.5,3,35.0,33.41,52.05,55.36,72.5,68.16,0.5765,39.3,301.21,315.66,28.87,-14.45,14.42,11.99,16.92,0.0,0.15,46.85,750.58,0.0,0.0,0.0,4.44,18.86,0.1029
2019-07-07 18:30:00,188,18.5,10,2579,1,0,2402.5,3,35.0,34.22,53.92,55.36,72.5,70.62,0.5773,40.77,301.21,315.66,29.85,-14.45,15.41,11.99,17.12,0.0,0.15,46.85,750.58,0.0,0.0,0.0,4.44,19.85,0.1083
2019-07-07 18:30:00,188,18.5,11,2579,1,0,2402.5,3,35.0,34.22,54.15,55.36,72.5,70.91,0.5773,40.94,301.21,315.66,29.97,-14.45,15.53,11.99,17.12,0.0,0.15,46.85,750.58,0.0,0.0,0.0,4.44,19.97,0.1089
2019-07-07 18:30:00,188,18.5,12,2546,1,0,2402.5,3,35.0,35.08,52.83,55.36,72.5,69.19,0.5781,40.0,301.21,315.66,29.19,-14.45,14.74,11.99,17.34,0.0,0.15,46.85,750.58,0.0,0.0,0.0,4.44,19.19,0.1047
2019-07-07 18:30:00,188,18.5,13,2530,1,0,2402.5,3,35.0,35.49,53.25,55.36,72.5,69.74,0.5785,40.35,301.21,315.66,29.39,-14.45,14.95,11.99,17.44,0.0,0.15,46.85,750.58,0.0,0.0,0.0,4.44,19.39,0.1058
2019-07-07 18:30:00,188,18.5,14,2530,1,0,2402.5,3,35.0,35.49,53.24,55.36,72.5,69.72,0.5785,40.33,301.21,315.66,29.38,-14.45,14.94,11.99,17.44,0.0,0.15,46.85,750.58,0.0,0.0,0.0,4.44,19.38,0.1057
2019-07-07 18:30:00,188,18.5,15,2494,1,0,2402.5,3,35.0,36.43,53.65,55.36,72.5,70.26,0.5795,40.71,301.21,315.66,29.55,-14.45,15.1,11.99,17.67,0.0,0.15,46.85,750.58,0.0,0.0,0.0,4.44,19.55,0.1066
2019-07-07 18:30:00,188,18.5,16,2494,1,0,2402.5,3,35.0,36.43,53.81,55.36,72.5,70.48,0.5795,40.84,301.21,315.66,29.64,-14.45,15.19,11.99,17.67,0.0,0.15,46.85,750.58,0.0,0.0,0.0,4.44,19.64,0.1071
2019-07-07 18:30:00,188,18.5,17,2462,1,0,2402.5,3,35.0,37.26,53.95,55.36,72.5,70.66,0.5803,41.0,301.21,315.66,29.66,-14.45,15.21,11.99,17.88,0.0,0.15,46.85,750.58,0.0,0.0,0.0,4.44,19.66,0.1072
2019-07-07 18:30:00,188,18.5,18,2630,1,0,2402.5,3,35.0,32.89,477.39,55.36,72.5,625.2,0.576,360.12,301.21,315.66,265.08,-14.45,250.64,11.99,16.79,0.0,0.15,46.85,750.58,0.0,0.0,0.0,4.44,255.08,1.3914
2019-07-07 18:30:00,188,18.5,19,2630,1,0,2402.5,3,35.0,32.89,526.01,55.36,72.5,688.88,0.576,396.8,301.21,315.66,292.08,-14.45,277.64,11.99,16.79,0.0,0.15,46.85,750.58,0.0,0.0,0.0,4.44,282.08,1.5386
2019-07-07 18:30:00,188,18.5,20,2604,1,0,2402.5,3,35.0,33.57,51.49,55.36,72.5,67.43,0.5767,38.89,301.21,315.66,28.55,-14.45,14.1,11.99,16.96,0.0,0.15,46.85,750.58,0.0,0.0,0.0,4.44,18.55,0.1012
2019-07-07 18:30:00,188,18.5,21,2563,1,0,2402.5,3,35.0,34.64,51.62,55.36,72.5,67.6,0.5777,39.05,301.21,315.66,28.55,-14.45,14.1,11.99,17.23,0.0,0.15,46.85,750.58,0.0,0.0,0.0,4.44,18.55,0.1012
2019-07-07 18:30:00,188,18.5,22,2556,1,0,2402.5,3,35.0,34.82,53.62,55.36,72.5,70.22,0.5779,40.58,301.21,315.66,29.64,-14.45,15.2,11.99,17.27,0.0,0.15,46.85,750.58,0.0,0.0,0.0,4.44,19.64,0.1071
2019-07-07 18:30:00,188,18.5,23,2549,1,0,2402.5,3,35.0,35.0,55.36,55.36,72.5,72.5,0.5781,41.91,301.21,315.66,30.59,-14.45,16.15,11.99,17.32,0.0,0.15,46.85,750.58,0.0,0.0,0.0,4.44,20.59,0.1123
2019-07-07 18:30:00,188,18.5,24,2549,1,0,2402.5,3,35.0,35.0,55.69,55.36,72.5,72.93,0.5781,42.16,301.21,315.66,30.77,-14.45,16.33,11.99,17.32,0.0,0.15,46.85,750.58,0.0,0.0,0.0,4.44,20.77,0.1133
2019-07-07 18:30:00,188,18.5,25,2524,1,0,2402.5,3,35.0,35.65,54.97,55.36,72.5,71.99,0.5787,41.66,301.21,315.66,30.33,-14.45,15.88,11.99,17.48,0.0,0.15,46.85,750.58,0.0,0.0,0.0,4.44,20.33,0.1109
2019-07-07 18:30:00,188,18.5,26,2502,1,0,2402.5,3,35.0,36.22,55.86,55.36,72.5,73.15,0.5792,42.37,301.21,315.66,30.78,-14.45,16.33,11.99,17.62,0.0,0.15,46.85,750.58,0.0,0.0,0.0,4.44,20.78,0.1133
2019-07-07 18:30:00,188,18.5,27,2502,1,0,2402.5,3,35.0,36.22,55.72,55.36,72.5,72.97,0.5792,42.27,301.21,315.66,30.7,-14.45,16.26,11.99,17.62,0.0,0.15,46.85,750.58,0.0,0.0,0.0,4.44,20.7,0.1129
2019-07-07 18:30:00,188,18.5,28,2477,1,0,2402.5,3,35.0,36.87,56.0,55.36,72.5,73.34,0.5799,42.53,301.21,315.66,30.81,-14.45,16.36,11.99,17.79,0.0,0.15,46.85,750.58,0.0,0.0,0.0,4.44,20.81,0.1135
2019-07-07 18:30:00,188,18.5,29,2477,1,0,2402.5,3,35.0,36.87,56.11,55.36,72.5,73.48,0.5799,42.61,301.21,315.66,30.87,-14.45,16.43,11.99,17.79,0.0,0.15,46.85,750.58,0.0,0.0,0.0,4.44,20.87,0.1138
2019-07-07 18:30:00,188,18.5,30,2440,1,0,2402.5,3,35.0,37.83,56.58,55.36,72.5,74.1,0.5808,43.04,301.21,315.66,31.06,-14.45,16.61,11.99,18.03,0.0,0.15,46.85,750.58,0.0,0.0,0.0,4.44,21.06,0.1149
2019-07-07 18:30:00,188,18.5,31,2620,1,0,2402.5,3,35.0,33.15,45.93,55.36,72.5,60.16,0.5763,34.67,301.21,315.66,25.49,-14.45,11.05,11.99,16.86,0.0,0.15,46.85,750.58,0.0,0.0,0.0,4.44,15.49,0.0845
2019-07-07 18:30:00,188,18.5,32,2576,1,0,2402.5,3,35.0,34.3,53.38,55.36,72.5,69.91,0.5774,40.36,301.21,315.66,29.55,-14.45,15.1,11.99,17.14,0.0,0.15,46.85,750.58,0.0,0.0,0.0,4.44,19.54,0.1066
2019-07-07 18:30:00,188,18.5,33,2576,1,0,2402.5,3,35.0,34.3,53.97,55.36,72.5,70.68,0.5774,40.81,301.21,315.66,29.87,-14.45,15.43,11.99,17.14,0.0,0.15,46.85,750.58,0.0,0.0,0.0,4.44,19.87,0.1084
2019-07-07 18:30:00,188,18.5,34,2576,1,0,2402.5,3,35.0,34.3,53.74,55.36,72.5,70.38,0.5774,40.64,301.21,315.66,29.74,-14.45,15.3,11.99,17.14,0.0,0.15,46.85,750.58,0.0,0.0,0.0,4.44,19.74,0.1077
2019-07-07 18:30:00,188,18.5,35,2556,1,0,2402.5,3,35.0,34.82,53.23,55.36,72.5,69.71,0.5779,40.29,301.21,315.66,29.43,-14.45,14.98,11.99,17.27,0.0,0.15,46.85,750.58,0.0,0.0,0.0,4.44,19.43,0.106
2019-07-07 18:30:00,188,18.5,36,2533,1,0,2402.5,3,35.0,35.42,55.04,55.36,72.5,72.08,0.5785,41.69,301.21,315.66,30.38,-14.45,15.94,11.99,17.42,0.0,0.15,46.85,750.58,0.0,0.0,0.0,4.44,20.38,0.1112
2019-07-07 18:30:00,188,18.5,37,2532,1,0,2402.5,3,35.0,35.44,56.42,55.36,72.5,73.88,0.5785,42.74,301.21,315.66,31.14,-14.45,16.7,11.99,17.43,0.0,0.15,46.85,750.58,0.0,0.0,0.0,4.44,21.14,0.1153
2019-07-07 18:30:00,188,18.5,38,2534,1,0,2402.5,3,35.0,35.39,301.09,55.36,72.5,394.32,0.5784,228.09,301.21,315.66,166.23,-14.45,151.78,11.99,17.41,0.0,0.15,46.85,750.58,0.0,0.0,0.0,4.44,156.23,0.8522
2019-07-07 18:30:00,188,18.5,39,2534,1,0,2402.5,3,35.0,35.39,284.68,55.36,72.5,372.82,0.5784,215.65,301.21,315.66,157.17,-14.45,142.72,11.99,17.41,0.0,0.15,46.85,750.58,0.0,0.0,0.0,4.44,147.16,0.8027
2019-07-07 18:30:00,188,18.5,40,2515,1,0,2402.5,3,35.0,35.88,55.98,55.36,72.5,73.32,0.5789,42.44,301.21,315.66,30.87,-14.45,16.43,11.99,17.54,0.0,0.15,46.85,750.58,0.0,0.0,0.0,4.44,20.87,0.1138
2019-07-07 18:30:00,188,18.5,41,2487,1,0,2402.5,3,35.0,36.61,56.69,55.36,72.5,74.24,0.5796,43.03,301.21,315.66,31.21,-14.45,16.76,11.99,17.72,0.0,0.15,46.85,750.58,0.0,0.0,0.0,4.44,21.21,0.1157
2019-07-07 18:30:00,188,18.5,42,2487,1,0,2402.5,3,35.0,36.61,56.67,55.36,72.5,74.21,0.5796,43.02,301.21,315.66,31.2,-14.45,16.75,11.99,17.72,0.0,0.15,46.85,750.58,0.0,0.0,0.0,4.44,21.2,0.1156
2019-07-07 18:30:00,188,18.5,43,2464,1,0,2402.5,3,35.0,37.21,56.6,55.36,72.5,74.13,0.5802,43.01,301.21,315.66,31.12,-14.45,16.67,11.99,17.87,0.0,0.15,46.85,750.58,0.0,0.0,0.0,4.44,21.12,0.1152
2019-07-07 18:30:00,188,18.5,44,2555,1,0,2402.5,3,35.0,34.84,54.46,55.36,72.5,71.33,0.5779,41.22,301.21,315.66,30.11,-14.45,15.66,11.99,17.28,0.0,0.15,46.85,750.58,0.0,0.0,0.0,4.44,20.11,0.1097
2019-07-07 18:30:00,188,18.5,45,2555,1,0,2402.5,3,35.0,34.84,55.89,55.36,72.5,73.2,0.5779,42.3,301.21,315.66,30.9,-14.45,16.45,11.99,17.28,0.0,0.15,46.85,750.58,0.0,0.0,0.0,4.44,20.89,0.114
2019-07-07 18:30:00,188,18.5,46,2555,1,0,2402.5,3,35.0,34.84,55.52,55.36,72.5,72.71,0.5779,42.02,301.21,315.66,30.69,-14.45,16.24,11.99,17.28,0.0,0.15,46.85,750.58,0.0,0.0,0.0,4.44,20.69,0.1128
2019-07-07 18:30:00,188,18.5,47,2530,1,0,2402.5,3,35.0,35.49,54.85,55.36,72.5,71.84,0.5785,41.56,301.21,315.66,30.28,-14.45,15.83,11.99,17.44,0.0,0.15,46.85,750.58,0.0,0.0,0.0,4.44,20.28,0.1106
2019-07-07 18:30:00,188,18.5,48,2510,1,0,2402.5,3,35.0,36.01,56.4,55.36,72.5,73.86,0.579,42.77,301.21,315.66,31.09,-14.45,16.65,11.99,17.57,0.0,0.15,46.85,750.58,0.0,0.0,0.0,4.44,21.09,0.115
2019-07-07 18:30:00,188,18.5,49,2534,1,0,2402.5,3,35.0,35.39,222.81,55.36,72.5,291.8,0.5784,168.79,301.21,315.66,123.01,-14.45,108.57,11.99,17.41,0.0,0.15,46.85,750.58,0.0,0.0,0.0,4.44,113.01,0.6164
2019-07-07 18:30:00,188,18.5,50,2531,1,0,2402.5,3,35.0,35.47,54.33,55.36,72.5,71.15,0.5785,41.16,301.21,315.66,29.99,-14.45,15.54,11.99,17.43,0.0,0.15,46.85,750.58,0.0,0.0,0.0,4.44,19.99,0.109
2019-07-07 18:30:00,188,18.5,51,2531,1,0,2402.5,3,35.0,35.47,56.79,55.36,72.5,74.37,0.5785,43.03,301.21,315.66,31.35,-14.45,16.9,11.99,17.43,0.0,0.15,46.85,750.58,0.0,0.0,0.0,4.44,21.35,0.1164
2019-07-07 18:30:00,188,18.5,52,2531,1,0,2402.5,3,35.0,35.47,56.42,55.36,72.5,73.89,0.5785,42.75,301.21,315.66,31.14,-14.45,16.7,11.99,17.43,0.0,0.15,46.85,750.58,0.0,0.0,0.0,4.44,21.14,0.1153
2019-07-07 18:30:00,188,18.5,53,2507,1,0,2402.5,3,35.0,36.09,55.92,55.36,72.5,73.23,0.5791,42.41,301.21,315.66,30.82,-14.45,16.37,11.99,17.59,0.0,0.15,46.85,750.58,0.0,0.0,0.0,4.44,20.82,0.1136
2019-07-07 18:30:00,188,18.5,54,2494,1,0,2402.5,3,35.0,36.43,56.99,55.36,72.5,74.63,0.5795,43.24,301.21,315.66,31.39,-14.45,16.94,11.99,17.67,0.0,0.15,46.85,750.58,0.0,0.0,0.0,4.44,21.38,0.1166
2019-07-07 18:30:00,188,18.5,55,2531,1,0,2402.5,3,35.0,35.47,56.76,55.36,72.5,74.33,0.5785,43.0,301.21,315.66,31.33,-14.45,16.88,11.99,17.43,0.0,0.15,46.85,750.58,0.0,0.0,0.0,4.44,21.33,0.1163
2019-07-07 18:30:00,188,18.5,56,2531,1,0,2402.5,3,35.0,35.47,56.44,55.36,72.5,73.91,0.5785,42.76,301.21,315.66,31.15,-14.45,16.71,11.99,17.43,0.0,0.15,46.85,750.58,0.0,0.0,0.0,4.44,21.15,0.1154
2019-07-07 18:30:00,188,18.5,57,2507,1,0,2402.5,3,35.0,36.09,55.95,55.36,72.5,73.27,0.5791,42.44,301.21,315.66,30.84,-14.45,16.39,11.99,17.59,0.0,0.15,46.85,750.58,0.0,0.0,0.0,4.44,20.84,0.1137
2019-07-07 18:30:00,188,18.5,58,2494,1,0,2402.5,3,35.0,36.43,56.65,55.36,72.5,74.2,0.5795,42.99,301.21,315.66,31.2,-14.45,16.76,11.99,17.67,0.0,0.15,46.85,750.58,0.0,0.0,0.0,4.44,21.2,0.1156
2019-07-07 18:30:00,188,18.5,59,2506,1,0,2402.5,3,35.0,36.12,56.76,55.36,72.5,74.33,0.5791,43.05,301.21,315.66,31.28,-14.45,16.84,11.99,17.6,0.0,0.15,46.85,750.58,0.0,0.0,0.0,4.44,21.28,0.1161
2019-07-07 18:30:00,188,18.5,60,2506,1,0,2402.5,3,35.0,36.12,56.48,55.36,72.5,73.96,0.5791,42.84,301.21,315.66,31.13,-14.45,16.68,11.99,17.6,0.0,0.15,46.85,750.58,0.0,0.0,0.0,4.44,21.13,0.1152
2019-07-07 18:30:00,188,18.5,61,2485,1,0,2402.5,3,35.0,36.66,55.69,55.36,72.5,72.93,0.5797,42.28,301.21,315.66,30.65,-14.45,16.21,11.99,17.73,0.0,0.15,46.85,750.58,0.0,0.0,0.0,4.44,20.65,0.1126
2019-07-07 18:30:00,188,18.5,62,2469,1,0,2402.5,3,35.0,37.08,56.23,55.36,72.5,73.64,0.5801,42.72,301.21,315.66,30.92,-14.45,16.48,11.99,17.84,0.0,0.15,46.85,750.58,0.0,0.0,0.0,4.44,20.92,0.1141
2019-07-07 18:30:00,188,18.5,63,2506,1,0,2402.5,3,35.0,36.12,53.15,55.36,72.5,69.61,0.5791,40.31,301.21,315.66,29.29,-14.45,14.85,11.99,17.6,0.0,0.15,46.85,750.58,0.0,0.0,0.0,4.44,19.29,0.1052
2019-07-07 18:30:00,188,18.5,64,2506,1,0,2402.5,3,35.0,36.12,56.98,55.36,72.5,74.62,0.5791,43.22,301.21,315.66,31.4,-14.45,16.96,11.99,17.6,0.0,0.15,46.85,750.58,0.0,0.0,0.0,4.44,21.4,0.1167
2019-07-07 18:30:00,188,18.5,65,2506,1,0,2402.5,3,35.0,36.12,56.79,55.36,72.5,74.38,0.5791,43.08,301.21,315.66,31.3,-14.45,16.86,11.99,17.6,0.0,0.15,46.85,750.58,0.0,0.0,0.0,4.44,21.3,0.1162
2019-07-07 18:30:00,188,18.5,66,2485,1,0,2402.5,3,35.0,36.66,55.9,55.36,72.5,73.21,0.5797,42.44,301.21,315.66,30.77,-14.45,16.32,11.99,17.73,0.0,0.15,46.85,750.58,0.0,0.0,0.0,4.44,20.77,0.1133
2019-07-07 18:30:00,188,18.5,67,2455,1,0,2402.5,3,35.0,37.44,56.98,55.36,72.5,74.63,0.5804,43.32,301.21,315.66,31.31,-14.45,16.86,11.99,17.93,0.0,0.15,46.85,750.58,0.0,0.0,0.0,4.44,21.31,0.1162
2019-07-07 18:30:00,188,18.5,68,2489,1,0,2402.5,3,35.0,36.56,52.47,55.36,72.5,68.72,0.5796,39.83,301.21,315.66,28.89,-14.45,14.45,11.99,17.71,0.0,0.15,46.85,750.58,0.0,0.0,0.0,4.44,18.89,0.103
2019-07-07 18:30:00,188,18.5,69,2489,1,0,2402.5,3,35.0,36.56,56.88,55.36,72.5,74.49,0.5796,43.17,301.21,315.66,31.32,-14.45,16.87,11.99,17.71,0.0,0.15,46.85,750.58,0.0,0.0,0.0,4.44,21.32,0.1163
2019-07-07 18:30:00,188,18.5,70,2489,1,0,2402.5,3,35.0,36.56,56.72,55.36,72.5,74.29,0.5796,43.05,301.21,315.66,31.23,-14.45,16.79,11.99,17.71,0.0,0.15,46.85,750.58,0.0,0.0,0.0,4.44,21.23,0.1158
2019-07-07 18:30:00,188,18.5,71,2477,1,0,2402.5,3,35.0,36.87,55.98,55.36,72.5,73.31,0.5799,42.51,301.21,315.66,30.8,-14.45,16.35,11.99,17.79,0.0,0.15,46.85,750.58,0.0,0.0,0.0,4.44,20.8,0.1134
2019-07-07 18:30:00,188,18.5,72,2455,1,0,2402.5,3,35.0,37.44,57.04,55.36,72.5,74.7,0.5804,43.36,301.21,315.66,31.34,-14.45,16.9,11.99,17.93,0.0,0.15,46.85,750.58,0.0,0.0,0.0,4.44,21.34,0.1164
2019-07-07 18:30:00,188,18.5,73,2485,1,0,2402.5,3,35.0,36.66,51.61,55.36,72.5,67.59,0.5797,39.18,301.21,315.66,28.41,-14.45,13.97,11.99,17.73,0.0,0.15,46.85,750.58,0.0,0.0,0.0,4.44,18.41,0.1004
2019-07-07 18:30:00,188,18.5,74,2485,1,0,2402.5,3,35.0,36.66,57.09,55.36,72.5,74.77,0.5797,43.34,301.21,315.66,31.43,-14.45,16.98,11.99,17.73,0.0,0.15,46.85,750.58,0.0,0.0,0.0,4.44,21.43,0.1169
2019-07-07 18:30:00,188,18.5,75,2485,1,0,2402.5,3,35.0,36.66,56.76,55.36,72.5,74.33,0.5797,43.09,301.21,315.66,31.24,-14.45,16.8,11.99,17.73,0.0,0.15,46.85,750.58,0.0,0.0,0.0,4.44,21.24,0.1159
2019-07-07 18:30:00,188,18.5,76,2466,1,0,2402.5,3,35.0,37.16,55.45,55.36,72.5,72.62,0.5802,42.13,301.21,315.66,30.49,-14.45,16.04,11.99,17.86,0.0,0.15,46.85,750.58,0.0,0.0,0.0,4.44,20.49,0.1117
2019-07-07 18:30:00,188,18.5,77,2445,1,0,2402.5,3,35.0,37.7,56.2,55.36,72.5,73.6,0.5807,42.74,301.21,315.66,30.86,-14.45,16.42,11.99,17.99,0.0,0.15,46.85,750.58,0.0,0.0,0.0,4.44,20.86,0.1138
2019-07-07 18:30:00,188,18.5,78,2478,1,0,2402.5,3,35.0,36.85,57.09,55.36,72.5,74.77,0.5799,43.36,301.21,315.66,31.41,-14.45,16.97,11.99,17.78,0.0,0.15,46.85,750.58,0.0,0.0,0.0,4.44,21.41,0.1168
2019-07-07 18:30:00,188,18.5,79,2478,1,0,2402.5,3,35.0,36.85,56.47,55.36,72.5,73.95,0.5799,42.88,301.21,315.66,31.07,-14.45,16.62,11.99,17.78,0.0,0.15,46.85,750.58,0.0,0.0,0.0,4.44,21.07,0.1149
2019-07-07 18:30:00,188,18.5,80,2449,1,0,2402.5,3,35.0,37.6,54.39,55.36,72.5,71.23,0.5806,41.36,301.21,315.66,29.88,-14.45,15.43,11.99,17.97,0.0,0.15,46.85,750.58,0.0,0.0,0.0,4.44,19.87,0.1084
2019-07-07 18:30:00,188,18.5,81,2412,1,0,2402.5,3,35.0,38.56,55.85,55.36,72.5,73.15,0.5815,42.54,301.21,315.66,30.61,-14.45,16.16,11.99,18.21,0.0,0.15,46.85,750.58,0.0,0.0,0.0,4.44,20.61,0.1124
2019-07-07 18:30:00,188,18.5,82,2443,1,0,2402.5,3,35.0,37.76,53.67,55.36,72.5,70.29,0.5807,40.82,301.21,315.66,29.47,-14.45,15.02,11.99,18.01,0.0,0.15,46.85,750.58,0.0,0.0,0.0,4.44,19.47,0.1062
2019-07-07 18:30:00,188,18.5,83,2474,1,0,2402.5,3,35.0,36.95,57.17,55.36,72.5,74.87,0.58,43.42,301.21,315.66,31.45,-14.45,17.0,11.99,17.8,0.0,0.15,46.85,750.58,0.0,0.0,0.0,4.44,21.45,0.117
2019-07-07 18:30:00,188,18.5,84,2474,1,0,2402.5,3,35.0,36.95,56.2,55.36,72.5,73.6,0.58,42.68,301.21,315.66,30.91,-14.45,16.47,11.99,17.8,0.0,0.15,46.85,750.58,0.0,0.0,0.0,4.44,20.91,0.1141
2019-07-07 18:30:00,188,18.5,85,2436,1,0,2402.5,3,35.0,37.94,53.44,55.36,72.5,69.98,0.5809,40.65,301.21,315.66,29.33,-14.45,14.88,11.99,18.05,0.0,0.15,46.85,750.58,0.0,0.0,0.0,4.44,19.33,0.1054
2019-07-07 18:30:00,188,18.5,86,2397,0,0,2402.5,3,35.0,38.95,55.83,55.36,72.5,73.11,0.2445,17.87,301.21,315.66,55.24,-14.45,40.8,11.99,18.3,0.0,0.15,46.85,750.58,0.0,0.0,0.0,24.44,65.24,0.3505
2019-07-07 18:30:00,188,18.5,87,2415,1,0,2402.5,3,35.0,38.48,55.0,55.36,72.5,72.03,0.5815,41.88,301.21,315.66,30.15,-14.45,15.7,11.99,18.19,0.0,0.15,46.85,750.58,0.0,0.0,0.0,4.44,20.15,0.1099
2019-07-07 18:30:00,188,18.5,88,2476,1,0,2402.5,3,35.0,36.9,55.41,55.36,72.5,72.56,0.5799,42.08,301.21,315.66,30.48,-14.45,16.04,11.99,17.79,0.0,0.15,46.85,750.58,0.0,0.0,0.0,4.44,20.48,0.1117
2019-07-07 18:30:00,188,18.5,89,2428,1,0,2402.5,3,35.0,38.15,52.06,55.36,72.5,68.17,0.5811,39.62,301.21,315.66,28.56,-14.45,14.11,11.99,18.1,0.0,0.15,46.85,750.58,0.0,0.0,0.0,4.44,18.55,0.1012
2019-07-07 18:30:00,188,18.5,90,2377,0,0,2402.5,3,35.0,39.47,55.29,55.36,72.5,72.41,0.245,17.74,301.21,315.66,54.67,-14.45,40.23,11.99,18.43,0.0,0.15,46.85,750.58,0.0,0.0,0.0,24.44,64.67,0.3475
2019-07-07 18:30:00,188,18.5,91,2378,0,0,2402.5,3,35.0,39.45,55.66,55.36,72.5,72.9,0.2449,17.86,301.21,315.66,55.04,-14.45,40.6,11.99,18.43,0.0,0.15,46.85,750.58,0.0,0.0,0.0,24.44,65.04,0.3495
2019-07-07 18:30:00,188,18.5,92,2496,1,0,2402.5,3,35.0,36.38,52.2,55.36,72.5,68.36,0.5794,39.61,301.21,315.66,28.75,-14.45,14.31,11.99,17.66,0.0,0.15,46.85,750.58,0.0,0.0,0.0,4.44,18.75,0.1023
2019-07-07 18:30:00,188,18.5,93,2423,1,0,2402.5,3,35.0,38.28,49.09,55.36,72.5,64.29,0.5813,37.37,301.21,315.66,26.92,-14.45,12.48,11.99,18.14,0.0,0.15,46.85,750.58,0.0,0.0,0.0,4.44,16.92,0.0923
2019-07-07 18:30:00,188,18.5,95,2372,0,0,2402.5,3,35.0,39.6,54.26,55.36,72.5,71.06,0.2451,17.42,301.21,315.66,53.64,-14.45,39.2,11.99,18.47,0.0,0.15,46.85,750.58,0.0,0.0,0.0,24.44,63.64,0.342
2019-07-07 18:30:00,188,18.5,97,2358,0,0,2402.5,3,35.0,39.97,56.69,55.36,72.5,74.25,0.2454,18.22,301.21,315.66,56.02,-14.45,41.58,11.99,18.56,0.0,0.15,46.85,750.58,0.0,0.0,0.0,24.44,66.02,0.3548
2019-07-07 18:30:00,188,18.5,98,2554,1,0,2402.5,3,35.0,34.87,50.64,55.36,72.5,66.32,0.5779,38.33,301.21,315.66,27.99,-14.45,13.55,11.99,17.28,0.0,0.15,46.85,750.58,0.0,0.0,0.0,4.44,17.99,0.0981
2019-07-07 18:30:00,188,18.5,99,2451,1,0,2402.5,3,35.0,37.55,45.59,55.36,72.5,59.71,0.5805,34.66,301.21,315.66,25.05,-14.45,10.6,11.99,17.95,0.0,0.15,46.85,750.58,0.0,0.0,0.0,4.44,15.04,0.0821
2019-07-07 18:30:00,188,18.5,100,2361,0,0,2402.5,3,35.0,39.89,52.02,55.36,72.5,68.12,0.2454,16.71,301.21,315.66,51.41,-14.45,36.96,11.99,18.54,0.0,0.15,46.85,750.58,0.0,0.0,0.0,24.44,61.4,0.3299
2019-07-07 19:00:00,188,19.0,94,2563,1,0,2402.5,3,35.0,34.64,42.43,45.51,49.0,45.69,0.5777,26.39,291.3,315.66,19.29,-24.36,-5.07,12.36,17.23,0.0,0.58,46.49,750.71,0.0,0.0,0.0,4.44,0.0,0.0
2019-07-07 19:00:00,188,19.0,96,2549,1,0,2402.5,3,35.0,35.0,45.51,45.51,49.0,49.0,0.5781,28.32,291.3,315.66,20.68,-24.36,-3.68,12.36,17.32,0.0,0.58,46.49,750.71,0.0,0.0,0.0,4.44,0.76,0.0041
2019-07-07 19:00:00,188,19.0,1,2612,1,0,2402.5,3,35.0,33.36,43.33,45.51,49.0,46.66,0.5765,26.9,291.3,315.66,19.76,-24.36,-4.6,12.36,16.91,0.0,0.58,46.49,750.71,0.0,0.0,0.0,4.44,0.0,0.0
2019-07-07 19:00:00,188,19.0,2,2612,1,0,2402.5,3,35.0,33.36,43.67,45.51,49.0,47.02,0.5765,27.1,291.3,315.66,19.91,-24.36,-4.44,12.36,16.91,0.0,0.58,46.49,750.71,0.0,0.0,0.0,4.44,0.0,0.0
2019-07-07 19:00:00,188,19.0,3,2610,1,0,2402.5,3,35.0,33.41,43.54,45.51,49.0,46.88,0.5765,27.03,291.3,315.66,19.85,-24.36,-4.5,12.36,16.92,0.0,0.58,46.49,750.71,0.0,0.0,0.0,4.44,0.0,0.0
2019-07-07 19:00:00,188,19.0,4,2583,1,0,2402.5,3,35.0,34.12,44.74,45.51,49.0,48.17,0.5772,27.8,291.3,315.66,20.37,-24.36,-3.99,12.36,17.1,0.0,0.58,46.49,750.71,0.0,0.0,0.0,4.44,0.45,0.0025
2019-07-07 19:00:00,188,19.0,5,2583,1,0,2402.5,3,35.0,34.12,44.79,45.51,49.0,48.23,0.5772,27.84,291.3,315.66,20.39,-24.36,-3.97,12.36,17.1,0.0,0.58,46.49,750.71,0.0,0.0,0.0,4.44,0.48,0.0026
2019-07-07 19:00:00,188,19.0,6,2546,1,0,2402.5,3,35.0,35.08,45.03,45.51,49.0,48.49,0.5781,28.03,291.3,315.66,20.46,-24.36,-3.9,12.36,17.34,0.0,0.58,46.49,750.71,0.0,0.0,0.0,4.44,0.54,0.003
2019-07-07 19:00:00,188,19.0,7,2546,1,0,2402.5,3,35.0,35.08,45.34,45.51,49.0,48.82,0.5781,28.22,291.3,315.66,20.6,-24.36,-3.76,12.36,17.34,0.0,0.58,46.49,750.71,0.0,0.0,0.0,4.44,0.68,0.0037
2019-07-07 19:00:00,188,19.0,8,2639,1,0,2402.5,3,35.0,32.66,445.6,45.51,49.0,479.8,0.5758,276.26,291.3,315.66,203.54,-24.36,179.19,12.36,16.73,0.0,0.58,46.49,750.71,0.0,0.0,0.0,4.44,183.63,1.0016
2019-07-07 19:00:00,188,19.0,9,2610,1,0,2402.5,3,35.0,33.41,42.78,45.51,49.0,46.07,0.5765,26.56,291.3,315.66,19.51,-24.36,-4.85,12.36,16.92,0.0,0.58,46.49,750.71,0.0,0.0,0.0,4.44,0.0,0.0
2019-07-07 19:00:00,188,19.0,10,2579,1,0,2402.5,3,35.0,34.22,44.33,45.51,49.0,47.73,0.5773,27.55,291.3,315.66,20.18,-24.36,-4.18,12.36,17.12,0.0,0.58,46.49,750.71,0.0,0.0,0.0,4.44,0.26,0.0014
2019-07-07 19:00:00,188,19.0,11,2579,1,0,2402.5,3,35.0,34.22,44.51,45.51,49.0,47.93,0.5773,27.67,291.3,315.66,20.26,-24.36,-4.1,12.36,17.12,0.0,0.58,46.49,750.71,0.0,0.0,0.0,4.44,0.34,0.0019
2019-07-07 19:00:00,188,19.0,12,2546,1,0,2402.5,3,35.0,35.08,43.43,45.51,49.0,46.76,0.5781,27.03,291.3,315.66,19.73,-24.36,-4.63,12.36,17.34,0.0,0.58,46.49,750.71,0.0,0.0,0.0,4.44,0.0,0.0
2019-07-07 19:00:00,188,19.0,13,2530,1,0,2402.5,3,35.0,35.49,43.77,45.51,49.0,47.13,0.5785,27.27,291.3,315.66,19.86,-24.36,-4.49,12.36,17.44,0.0,0.58,46.49,750.71,0.0,0.0,0.0,4.44,0.0,0.0
2019-07-07 19:00:00,188,19.0,14,2530,1,0,2402.5,3,35.0,35.49,43.76,45.51,49.0,47.12,0.5785,27.26,291.3,315.66,19.86,-24.36,-4.5,12.36,17.44,0.0,0.58,46.49,750.71,0.0,0.0,0.0,4.44,0.0,0.0
2019-07-07 19:00:00,188,19.0,15,2494,1,0,2402.5,3,35.0,36.43,44.1,45.51,49.0,47.48,0.5795,27.52,291.3,315.66,19.97,-24.36,-4.39,12.36,17.67,0.0,0.58,46.49,750.71,0.0,0.0,0.0,4.44,0.06,0.0003
2019-07-07 19:00:00,188,19.0,16,2494,1,0,2402.5,3,35.0,36.43,44.24,45.51,49.0,47.63,0.5795,27.6,291.3,315.66,20.03,-24.36,-4.33,12.36,17.67,0.0,0.58,46.49,750.71,0.0,0.0,0.0,4.44,0.12,0.0006
2019-07-07 19:00:00,188,19.0,17,2462,1,0,2402.5,3,35.0,37.26,44.35,45.51,49.0,47.76,0.5803,27.71,291.3,315.66,20.04,-24.36,-4.31,12.36,17.88,0.0,0.58,46.49,750.71,0.0,0.0,0.0,4.44,0.13,0.0007
2019-07-07 19:00:00,188,19.0,18,2630,1,0,2402.5,3,35.0,32.89,374.14,45.51,49.0,402.86,0.576,232.05,291.3,315.66,170.81,-24.36,146.45,12.36,16.79,0.0,0.58,46.49,750.71,0.0,0.0,0.0,4.44,150.9,0.8231
2019-07-07 19:00:00,188,19.0,19,2630,1,0,2402.5,3,35.0,32.89,423.46,45.51,49.0,455.96,0.576,262.64,291.3,315.66,193.33,-24.36,168.97,12.36,16.79,0.0,0.58,46.49,750.71,0.0,0.0,0.0,4.44,173.41,0.9459
2019-07-07 19:00:00,188,19.0,20,2604,1,0,2402.5,3,35.0,33.57,42.33,45.51,49.0,45.58,0.5767,26.28,291.3,315.66,19.29,-24.36,-5.06,12.36,16.96,0.0,0.58,46.49,750.71,0.0,0.0,0.0,4.44,0.0,0.0
2019-07-07 19:00:00,188,19.0,21,2563,1,0,2402.5,3,35.0,34.64,42.43,45.51,49.0,45.69,0.5777,26.39,291.3,315.66,19.29,-24.36,-5.07,12.36,17.23,0.0,0.58,46.49,750.71,0.0,0.0,0.0,4.44,0.0,0.0
2019-07-07 19:00:00,188,19.0,22,2556,1,0,2402.5,3,35.0,34.82,44.08,45.51,49.0,47.46,0.5779,27.43,291.3,315.66,20.03,-24.36,-4.33,12.36,17.27,0.0,0.58,46.49,750.71,0.0,0.0,0.0,4.44,0.12,0.0007
2019-07-07 19:00:00,188,19.0,23,2549,1,0,2402.5,3,35.0,35.0,45.51,45.51,49.0,49.0,0.5781,28.32,291.3,315.66,20.68,-24.36,-3.68,12.36,17.32,0.0,0.58,46.49,750.71,0.0,0.0,0.0,4.44,0.76,0.0041
2019-07-07 19:00:00,188,19.0,24,2549,1,0,2402.5,3,35.0,35.0,45.78,45.51,49.0,49.29,0.5781,28.49,291.3,315.66,20.8,-24.36,-3.56,12.36,17.32,0.0,0.58,46.49,750.71,0.0,0.0,0.0,4.44,0.88,0.0048
2019-07-07 19:00:00,188,19.0,25,2524,1,0,2402.5,3,35.0,35.65,45.19,45.51,49.0,48.65,0.5787,28.16,291.3,315.66,20.5,-24.36,-3.86,12.36,17.48,0.0,0.58,46.49,750.71,0.0,0.0,0.0,4.44,0.58,0.0032
2019-07-07 19:00:00,188,19.0,26,2502,1,0,2402.5,3,35.0,36.22,45.92,45.51,49.0,49.44,0.5792,28.64,291.3,315.66,20.8,-24.36,-3.56,12.36,17.62,0.0,0.58,46.49,750.71,0.0,0.0,0.0,4.44,0.89,0.0048
2019-07-07 19:00:00,188,19.0,27,2502,1,0,2402.5,3,35.0,36.22,45.8,45.51,49.0,49.32,0.5792,28.57,291.3,315.66,20.75,-24.36,-3.61,12.36,17.62,0.0,0.58,46.49,750.71,0.0,0.0,0.0,4.44,0.84,0.0046
2019-07-07 19:00:00,188,19.0,28,2477,1,0,2402.5,3,35.0,36.87,46.03,45.51,49.0,49.56,0.5799,28.74,291.3,315.66,20.82,-24.36,-3.54,12.36,17.79,0.0,0.58,46.49,750.71,0.0,0.0,0.0,4.44,0.91,0.005
2019-07-07 19:00:00,188,19.0,29,2477,1,0,2402.5,3,35.0,36.87,46.12,45.51,49.0,49.66,0.5799,28.8,291.3,315.66,20.86,-24.36,-3.49,12.36,17.79,0.0,0.58,46.49,750.71,0.0,0.0,0.0,4.44,0.95,0.0052
2019-07-07 19:00:00,188,19.0,30,2440,1,0,2402.5,3,35.0,37.83,46.51,45.51,49.0,50.08,0.5808,29.09,291.3,315.66,20.99,-24.36,-3.37,12.36,18.03,0.0,0.58,46.49,750.71,0.0,0.0,0.0,4.44,1.08,0.0059
2019-07-07 19:00:00,188,19.0,31,2620,1,0,2402.5,3,35.0,33.15,37.76,45.51,49.0,40.66,0.5763,23.43,291.3,315.66,17.23,-24.36,-7.13,12.36,16.86,0.0,0.58,46.49,750.71,0.0,0.0,0.0,4.44,0.0,0.0
2019-07-07 19:00:00,188,19.0,32,2576,1,0,2402.5,3,35.0,34.3,43.88,45.51,49.0,47.25,0.5774,27.28,291.3,315.66,19.97,-24.36,-4.39,12.36,17.14,0.0,0.58,46.49,750.71,0.0,0.0,0.0,4.44,0.05,0.0003
2019-07-07 19:00:00,188,19.0,33,2576,1,0,2402.5,3,35.0,34.3,44.36,45.51,49.0,47.77,0.5774,27.58,291.3,315.66,20.19,-24.36,-4.17,12.36,17.14,0.0,0.58,46.49,750.71,0.0,0.0,0.0,4.44,0.27,0.0015
2019-07-07 19:00:00,188,19.0,34,2576,1,0,2402.5,3,35.0,34.3,44.18,45.51,49.0,47.57,0.5774,27.46,291.3,315.66,20.1,-24.36,-4.26,12.36,17.14,0.0,0.58,46.49,750.71,0.0,0.0,0.0,4.44,0.19,0.001
2019-07-07 19:00:00,188,19.0,35,2556,1,0,2402.5,3,35.0,34.82,43.76,45.51,49.0,47.12,0.5779,27.23,291.3,315.66,19.89,-24.36,-4.47,12.36,17.27,0.0,0.58,46.49,750.71,0.0,0.0,0.0,4.44,0.0,0.0
2019-07-07 19:00:00,188,19.0,36,2533,1,0,2402.5,3,35.0,35.42,45.24,45.51,49.0,48.71,0.5785,28.18,291.3,315.66,20.53,-24.36,-3.82,12.36,17.42,0.0,0.58,46.49,750.71,0.0,0.0,0.0,4.44,0.62,0.0034
2019-07-07 19:00:00,188,19.0,37,2532,1,0,2402.5,3,35.0,35.44,46.37,45.51,49.0,49.93,0.5785,28.89,291.3,315.66,21.05,-24.36,-3.31,12.36,17.43,0.0,0.58,46.49,750.71,0.0,0.0,0.0,4.44,1.13,0.0062
2019-07-07 19:00:00,188,19.0,38,2534,1,0,2402.5,3,35.0,35.39,46.78,45.51,49.0,50.37,0.5784,29.14,291.3,315.66,21.24,-24.36,-3.12,12.36,17.41,0.0,0.58,46.49,750.71,0.0,0.0,0.0,4.44,1.32,0.0072
2019-07-07 19:00:00,188,19.0,39,2534,1,0,2402.5,3,35.0,35.39,46.81,45.51,49.0,50.4,0.5784,29.15,291.3,315.66,21.25,-24.36,-3.11,12.36,17.41,0.0,0.58,46.49,750.71,0.0,0.0,0.0,4.44,1.33,0.0073
2019-07-07 19:00:00,188,19.0,40,2515,1,0,2402.5,3,35.0,35.88,46.02,45.51,49.0,49.55,0.5789,28.69,291.3,315.66,20.87,-24.36,-3.49,12.36,17.54,0.0,0.58,46.49,750.71,0.0,0.0,0.0,4.44,0.95,0.0052
2019-07-07 19:00:00,188,19.0,41,2487,1,0,2402.5,3,35.0,36.61,46.6,45.51,49.0,50.18,0.5796,29.08,291.3,315.66,21.09,-24.36,-3.27,12.36,17.72,0.0,0.58,46.49,750.71,0.0,0.0,0.0,4.44,1.18,0.0064
2019-07-07 19:00:00,188,19.0,42,2487,1,0,2402.5,3,35.0,36.61,46.58,45.51,49.0,50.16,0.5796,29.07,291.3,315.66,21.08,-24.36,-3.27,12.36,17.72,0.0,0.58,46.49,750.71,0.0,0.0,0.0,4.44,1.17,0.0064
2019-07-07 19:00:00,188,19.0,43,2464,1,0,2402.5,3,35.0,37.21,46.53,45.51,49.0,50.1,0.5802,29.07,291.3,315.66,21.03,-24.36,-3.33,12.36,17.87,0.0,0.58,46.49,750.71,0.0,0.0,0.0,4.44,1.12,0.0061
2019-07-07 19:00:00,188,19.0,44,2555,1,0,2402.5,3,35.0,34.84,44.77,45.51,49.0,48.21,0.5779,27.86,291.3,315.66,20.35,-24.36,-4.01,12.36,17.28,0.0,0.58,46.49,750.71,0.0,0.0,0.0,4.44,0.43,0.0024
2019-07-07 19:00:00,188,19.0,45,2555,1,0,2402.5,3,35.0,34.84,45.94,45.51,49.0,49.47,0.5779,28.59,291.3,315.66,20.88,-24.36,-3.48,12.36,17.28,0.0,0.58,46.49,750.71,0.0,0.0,0.0,4.44,0.97,0.0053
2019-07-07 19:00:00,188,19.0,46,2555,1,0,2402.5,3,35.0,34.84,45.64,45.51,49.0,49.14,0.5779,28.4,291.3,315.66,20.74,-24.36,-3.62,12.36,17.28,0.0,0.58,46.49,750.71,0.0,0.0,0.0,4.44,0.83,0.0045
2019-07-07 19:00:00,188,19.0,47,2530,1,0,2402.5,3,35.0,35.49,45.09,45.51,49.0,48.55,0.5785,28.09,291.3,315.66,20.46,-24.36,-3.9,12.36,17.44,0.0,0.58,46.49,750.71,0.0,0.0,0.0,4.44,0.55,0.003
2019-07-07 19:00:00,188,19.0,48,2510,1,0,2402.5,3,35.0,36.01,46.36,45.51,49.0,49.92,0.579,28.9,291.3,315.66,21.01,-24.36,-3.35,12.36,17.57,0.0,0.58,46.49,750.71,0.0,0.0,0.0,4.44,1.1,0.006
2019-07-07 19:00:00,188,19.0,49,2534,1,0,2402.5,3,35.0,35.39,46.95,45.51,49.0,50.56,0.5784,29.24,291.3,315.66,21.31,-24.36,-3.05,12.36,17.41,0.0,0.58,46.49,750.71,0.0,0.0,0.0,4.44,1.4,0.0076
2019-07-07 19:00:00,188,19.0,50,2531,1,0,2402.5,3,35.0,35.47,44.66,45.51,49.0,48.09,0.5785,27.82,291.3,315.66,20.27,-24.36,-4.09,12.36,17.43,0.0,0.58,46.49,750.71,0.0,0.0,0.0,4.44,0.35,0.0019
2019-07-07 19:00:00,188,19.0,51,2531,1,0,2402.5,3,35.0,35.47,46.68,45.51,49.0,50.27,0.5785,29.08,291.3,315.66,21.19,-24.36,-3.17,12.36,17.43,0.0,0.58,46.49,750.71,0.0,0.0,0.0,4.44,1.27,0.0069
2019-07-07 19:00:00,188,19.0,52,2531,1,0,2402.5,3,35.0,35.47,46.38,45.51,49.0,49.94,0.5785,28.89,291.3,315.66,21.05,-24.36,-3.31,12.36,17.43,0.0,0.58,46.49,750.71,0.0,0.0,0.0,4.44,1.13,0.0062
2019-07-07 19:00:00,188,19.0,53,2507,1,0,2402.5,3,35.0,36.09,45.96,45.51,49.0,49.49,0.5791,28.66,291.3,315.66,20.83,-24.36,-3.53,12.36,17.59,0.0,0.58,46.49,750.71,0.0,0.0,0.0,4.44,0.91,0.005
2019-07-07 19:00:00,188,19.0,54,2494,1,0,2402.5,3,35.0,36.43,46.84,45.51,49.0,50.44,0.5795,29.23,291.3,315.66,21.21,-24.36,-3.15,12.36,17.67,0.0,0.58,46.49,750.71,0.0,0.0,0.0,4.44,1.3,0.0071
2019-07-07 19:00:00,188,19.0,55,2531,1,0,2402.5,3,35.0,35.47,46.66,45.51,49.0,50.24,0.5785,29.06,291.3,315.66,21.17,-24.36,-3.18,12.36,17.43,0.0,0.58,46.49,750.71,0.0,0.0,0.0,4.44,1.26,0.0069
2019-07-07 19:00:00,188,19.0,56,2531,1,0,2402.5,3,35.0,35.47,46.39,45.51,49.0,49.95,0.5785,28.9,291.3,315.66,21.05,-24.36,-3.31,12.36,17.43,0.0,0.58,46.49,750.71,0.0,0.0,0.0,4.44,1.14,0.0062
2019-07-07 19:00:00,188,19.0,57,2507,1,0,2402.5,3,35.0,36.09,45.99,45.51,49.0,49.52,0.5791,28.68,291.3,315.66,20.84,-24.36,-3.52,12.36,17.59,0.0,0.58,46.49,750.71,0.0,0.0,0.0,4.44,0.93,0.0051
2019-07-07 19:00:00,188,19.0,58,2494,1,0,2402.5,3,35.0,36.43,46.57,45.51,49.0,50.14,0.5795,29.06,291.3,315.66,21.09,-24.36,-3.27,12.36,17.67,0.0,0.58,46.49,750.71,0.0,0.0,0.0,4.44,1.17,0.0064
2019-07-07 19:00:00,188,19.0,59,2506,1,0,2402.5,3,35.0,36.12,46.65,45.51,49.0,50.24,0.5791,29.09,291.3,315.66,21.14,-24.36,-3.22,12.36,17.6,0.0,0.58,46.49,750.71,0.0,0.0,0.0,4.44,1.23,0.0067
2019-07-07 19:00:00,188,19.0,60,2506,1,0,2402.5,3,35.0,36.12,46.42,45.51,49.0,49.99,0.5791,28.95,291.3,315.66,21.04,-24.36,-3.32,12.36,17.6,0.0,0.58,46.49,750.71,0.0,0.0,0.0,4.44,1.12,0.0061
2019-07-07 19:00:00,188,19.0,61,2485,1,0,2402.5,3,35.0,36.66,45.77,45.51,49.0,49.29,0.5797,28.57,291.3,315.66,20.72,-24.36,-3.64,12.36,17.73,0.0,0.58,46.49,750.71,0.0,0.0,0.0,4.44,0.8,0.0044
2019-07-07 19:00:00,188,19.0,62,2469,1,0,2402.5,3,35.0,37.08,46.22,45.51,49.0,49.77,0.5801,28.87,291.3,315.66,20.9,-24.36,-3.46,12.36,17.84,0.0,0.58,46.49,750.71,0.0,0.0,0.0,4.44,0.98,0.0054
2019-07-07 19:00:00,188,19.0,63,2506,1,0,2402.5,3,35.0,36.12,43.69,45.51,49.0,47.04,0.5791,27.24,291.3,315.66,19.8,-24.36,-4.56,12.36,17.6,0.0,0.58,46.49,750.71,0.0,0.0,0.0,4.44,0.0,0.0
2019-07-07 19:00:00,188,19.0,64,2506,1,0,2402.5,3,35.0,36.12,46.84,45.51,49.0,50.43,0.5791,29.21,291.3,315.66,21.22,-24.36,-3.13,12.36,17.6,0.0,0.58,46.49,750.71,0.0,0.0,0.0,4.44,1.31,0.0071
2019-07-07 19:00:00,188,19.0,65,2506,1,0,2402.5,3,35.0,36.12,46.68,45.51,49.0,50.27,0.5791,29.11,291.3,315.66,21.15,-24.36,-3.2,12.36,17.6,0.0,0.58,46.49,750.71,0.0,0.0,0.0,4.44,1.24,0.0068
2019-07-07 19:00:00,188,19.0,66,2485,1,0,2402.5,3,35.0,36.66,45.95,45.51,49.0,49.47,0.5797,28.68,291.3,315.66,20.79,-24.36,-3.56,12.36,17.73,0.0,0.58,46.49,750.71,0.0,0.0,0.0,4.44,0.88,0.0048
2019-07-07 19:00:00,188,19.0,67,2455,1,0,2402.5,3,35.0,37.44,46.84,45.51,49.0,50.43,0.5804,29.27,291.3,315.66,21.16,-24.36,-3.2,12.36,17.93,0.0,0.58,46.49,750.71,0.0,0.0,0.0,4.44,1.25,0.0068
2019-07-07 19:00:00,188,19.0,68,2489,1,0,2402.5,3,35.0,36.56,43.13,45.51,49.0,46.44,0.5796,26.92,291.3,315.66,19.53,-24.36,-4.83,12.36,17.71,0.0,0.58,46.49,750.71,0.0,0.0,0.0,4.44,0.0,0.0
2019-07-07 19:00:00,188,19.0,69,2489,1,0,2402.5,3,35.0,36.56,46.75,45.51,49.0,50.34,0.5796,29.18,291.3,315.66,21.16,-24.36,-3.19,12.36,17.71,0.0,0.58,46.49,750.71,0.0,0.0,0.0,4.44,1.25,0.0068
2019-07-07 19:00:00,188,19.0,70,2489,1,0,2402.5,3,35.0,36.56,46.63,45.51,49.0,50.2,0.5796,29.1,291.3,315.66,21.11,-24.36,-3.25,12.36,17.71,0.0,0.58,46.49,750.71,0.0,0.0,0.0,4.44,1.19,0.0065
2019-07-07 19:00:00,188,19.0,71,2477,1,0,2402.5,3,35.0,36.87,46.01,45.51,49.0,49.54,0.5799,28.73,291.3,315.66,20.81,-24.36,-3.55,12.36,17.79,0.0,0.58,46.49,750.71,0.0,0.0,0.0,4.44,0.9,0.0049
2019-07-07 19:00:00,188,19.0,72,2455,1,0,2402.5,3,35.0,37.44,46.89,45.51,49.0,50.48,0.5804,29.3,291.3,315.66,21.18,-24.36,-3.18,12.36,17.93,0.0,0.58,46.49,750.71,0.0,0.0,0.0,4.44,1.27,0.0069
2019-07-07 19:00:00,188,19.0,73,2485,1,0,2402.5,3,35.0,36.66,42.43,45.51,49.0,45.68,0.5797,26.48,291.3,315.66,19.2,-24.36,-5.16,12.36,17.73,0.0,0.58,46.49,750.71,0.0,0.0,0.0,4.44,0.0,0.0
2019-07-07 19:00:00,188,19.0,74,2485,1,0,2402.5,3,35.0,36.66,46.93,45.51,49.0,50.53,0.5797,29.29,291.3,315.66,21.24,-24.36,-3.12,12.36,17.73,0.0,0.58,46.49,750.71,0.0,0.0,0.0,4.44,1.32,0.0072
2019-07-07 19:00:00,188,19.0,75,2485,1,0,2402.5,3,35.0,36.66,46.65,45.51,49.0,50.23,0.5797,29.12,291.3,315.66,21.11,-24.36,-3.24,12.36,17.73,0.0,0.58,46.49,750.71,0.0,0.0,0.0,4.44,1.2,0.0065
2019-07-07 19:00:00,188,19.0,76,2466,1,0,2402.5,3,35.0,37.16,45.58,45.51,49.0,49.08,0.5802,28.47,291.3,315.66,20.6,-24.36,-3.75,12.36,17.86,0.0,0.58,46.49,750.71,0.0,0.0,0.0,4.44,0.69,0.0038
2019-07-07 19:00:00,188,19.0,77,2445,1,0,2402.5,3,35.0,37.7,46.19,45.51,49.0,49.74,0.5807,28.88,291.3,315.66,20.86,-24.36,-3.5,12.36,17.99,0.0,0.58,46.49,750.71,0.0,0.0,0.0,4.44,0.94,0.0051
2019-07-07 19:00:00,188,19.0,78,2478,1,0,2402.5,3,35.0,36.85,46.93,45.51,49.0,50.53,0.5799,29.3,291.3,315.66,21.23,-24.36,-3.13,12.36,17.78,0.0,0.58,46.49,750.71,0.0,0.0,0.0,4.44,1.32,0.0072
2019-07-07 19:00:00,188,19.0,79,2478,1,0,2402.5,3,35.0,36.85,46.41,45.51,49.0,49.98,0.5799,28.98,291.3,315.66,21.0,-24.36,-3.36,12.36,17.78,0.0,0.58,46.49,750.71,0.0,0.0,0.0,4.44,1.08,0.0059
2019-07-07 19:00:00,188,19.0,80,2449,1,0,2402.5,3,35.0,37.6,44.71,45.51,49.0,48.14,0.5806,27.95,291.3,315.66,20.19,-24.36,-4.17,12.36,17.97,0.0,0.58,46.49,750.71,0.0,0.0,0.0,4.44,0.28,0.0015
2019-07-07 19:00:00,188,19.0,81,2412,1,0,2402.5,3,35.0,38.56,45.91,45.51,49.0,49.43,0.5815,28.75,291.3,315.66,20.69,-24.36,-3.67,12.36,18.21,0.0,0.58,46.49,750.71,0.0,0.0,0.0,4.44,0.77,0.0042
2019-07-07 19:00:00,188,19.0,82,2443,1,0,2402.5,3,35.0,37.76,44.12,45.51,49.0,47.5,0.5807,27.59,291.3,315.66,19.92,-24.36,-4.44,12.36,18.01,0.0,0.58,46.49,750.71,0.0,0.0,0.0,4.44,0.0,0.0
2019-07-07 19:00:00,188,19.0,83,2474,1,0,2402.5,3,35.0,36.95,46.99,45.51,49.0,50.6,0.58,29.35,291.3,315.66,21.25,-24.36,-3.1,12.36,17.8,0.0,0.58,46.49,750.71,0.0,0.0,0.0,4.44,1.34,0.0073
2019-07-07 19:00:00,188,19.0,84,2474,1,0,2402.5,3,35.0,36.95,46.19,45.51,49.0,49.74,0.58,28.85,291.3,315.66,20.89,-24.36,-3.47,12.36,17.8,0.0,0.58,46.49,750.71,0.0,0.0,0.0,4.44,0.98,0.0053
2019-07-07 19:00:00,188,19.0,85,2436,1,0,2402.5,3,35.0,37.94,43.92,45.51,49.0,47.29,0.5809,27.47,291.3,315.66,19.82,-24.36,-4.54,12.36,18.05,0.0,0.58,46.49,750.71,0.0,0.0,0.0,4.44,0.0,0.0
2019-07-07 19:00:00,188,19.0,86,2397,0,0,2402.5,3,35.0,38.95,45.89,45.51,49.0,49.41,0.2445,12.08,291.3,315.66,37.33,-24.36,12.97,12.36,18.3,0.0,0.58,46.49,750.71,0.0,0.0,0.0,24.44,37.42,0.201
2019-07-07 19:00:00,188,19.0,87,2415,1,0,2402.5,3,35.0,38.48,45.21,45.51,49.0,48.68,0.5815,28.3,291.3,315.66,20.37,-24.36,-3.99,12.36,18.19,0.0,0.58,46.49,750.71,0.0,0.0,0.0,4.44,0.46,0.0025
2019-07-07 19:00:00,188,19.0,88,2476,1,0,2402.5,3,35.0,36.9,45.54,45.51,49.0,49.04,0.5799,28.44,291.3,315.66,20.6,-24.36,-3.76,12.36,17.79,0.0,0.58,46.49,750.71,0.0,0.0,0.0,4.44,0.69,0.0037
2019-07-07 19:00:00,188,19.0,89,2428,1,0,2402.5,3,35.0,38.15,42.79,45.51,49.0,46.07,0.5811,26.77,291.3,315.66,19.3,-24.36,-5.06,12.36,18.1,0.0,0.58,46.49,750.71,0.0,0.0,0.0,4.44,0.0,0.0
2019-07-07 19:00:00,188,19.0,90,2377,0,0,2402.5,3,35.0,39.47,45.45,45.51,49.0,48.93,0.245,11.99,291.3,315.66,36.95,-24.36,12.59,12.36,18.43,0.0,0.58,46.49,750.71,0.0,0.0,0.0,24.44,37.03,0.199
2019-07-07 19:00:00,188,19.0,91,2378,0,0,2402.5,3,35.0,39.45,45.75,45.51,49.0,49.26,0.2449,12.07,291.3,315.66,37.2,-24.36,12.84,12.36,18.43,0.0,0.58,46.49,750.71,0.0,0.0,0.0,24.44,37.28,0.2003
2019-07-07 19:00:00,188,19.0,92,2496,1,0,2402.5,3,35.0,36.38,42.9,45.51,49.0,46.2,0.5794,26.77,291.3,315.66,19.43,-24.36,-4.93,12.36,17.66,0.0,0.58,46.49,750.71,0.0,0.0,0.0,4.44,0.0,0.0
2019-07-07 19:00:00,188,19.0,93,2423,1,0,2402.5,3,35.0,38.28,40.35,45.51,49.0,43.45,0.5813,25.25,291.3,315.66,18.19,-24.36,-6.17,12.36,18.14,0.0,0.58,46.49,750.71,0.0,0.0,0.0,4.44,0.0,0.0
2019-07-07 19:00:00,188,19.0,95,2372,0,0,2402.5,3,35.0,39.6,44.6,45.51,49.0,48.02,0.2451,11.77,291.3,315.66,36.25,-24.36,11.89,12.36,18.47,0.0,0.58,46.49,750.71,0.0,0.0,0.0,24.44,36.34,0.1952
2019-07-07 19:00:00,188,19.0,97,2358,0,0,2402.5,3,35.0,39.97,46.6,45.51,49.0,50.18,0.2454,12.32,291.3,315.66,37.86,-24.36,13.5,12.36,18.56,0.0,0.58,46.49,750.71,0.0,0.0,0.0,24.44,37.95,0.2039
2019-07-07 19:00:00,188,19.0,98,2554,1,0,2402.5,3,35.0,34.87,41.62,45.51,49.0,44.82,0.5779,25.9,291.3,315.66,18.92,-24.36,-5.44,12.36,17.28,0.0,0.58,46.49,750.71,0.0,0.0,0.0,4.44,0.0,0.0
2019-07-07 19:00:00,188,19.0,99,2451,1,0,2402.5,3,35.0,37.55,37.47,45.51,49.0,40.35,0.5805,23.43,291.3,315.66,16.93,-24.36,-7.43,12.36,17.95,0.0,0.58,46.49,750.71,0.0,0.0,0.0,4.44,0.0,0.0
2019-07-07 19:00:00,188,19.0,100,2361,0,0,2402.5,3,35.0,39.89,42.75,45.51,49.0,46.03,0.2454,11.3,291.3,315.66,34.74,-24.36,10.38,12.36,18.54,0.0,0.58,46.49,750.71,0.0,0.0,0.0,24.44,34.82,0.1871
2019-07-07 19:30:00,188,19.5,94,2563,1,0,2402.5,3,35.0,34.64,32.73,35.1,34.5,32.17,0.5777,18.58,286.45,315.66,13.58,-29.21,-15.62,11.61,17.23,0.0,0.57,48.17,750.45,0.0,0.0,0.0,4.44,0.0,0.0
2019-07-07 19:30:00,188,19.5,96,2549,1,0,2402.5,3,35.0,35.0,35.1,35.1,34.5,34.5,0.5781,19.94,286.45,315.66,14.56,-29.21,-14.65,11.61,17.32,0.0,0.57,48.17,750.45,0.0,0.0,0.0,4.44,0.0,0.0
2019-07-07 19:30:00,188,19.5,1,2612,1,0,2402.5,3,35.0,33.36,33.42,35.1,34.5,32.85,0.5765,18.94,286.45,315.66,13.91,-29.21,-15.29,11.61,16.91,0.0,0.57,48.17,750.45,0.0,0.0,0.0,4.44,0.0,0.0
2019-07-07 19:30:00,188,19.5,2,2612,1,0,2402.5,3,35.0,33.36,33.68,35.1,34.5,33.11,0.5765,19.08,286.45,315.66,14.02,-29.21,-15.19,11.61,16.91,0.0,0.57,48.17,750.45,0.0,0.0,0.0,4.44,0.0,0.0
2019-07-07 19:30:00,188,19.5,3,2610,1,0,2402.5,3,35.0,33.41,33.59,35.1,34.5,33.01,0.5765,19.03,286.45,315.66,13.98,-29.21,-15.23,11.61,16.92,0.0,0.57,48.17,750.45,0.0,0.0,0.0,4.44,0.0,0.0
2019-07-07 19:30:00,188,19.5,4,2583,1,0,2402.5,3,35.0,34.12,34.51,35.1,34.5,33.92,0.5772,19.58,286.45,315.66,14.34,-29.21,-14.87,11.61,17.1,0.0,0.57,48.17,750.45,0.0,0.0,0.0,4.44,0.0,0.0
2019-07-07 19:30:00,188,19.5,5,2583,1,0,2402.5,3,35.0,34.12,34.55,35.1,34.5,33.96,0.5772,19.6,286.45,315.66,14.36,-29.21,-14.85,11.61,17.1,0.0,0.57,48.17,750.45,0.0,0.0,0.0,4.44,0.0,0.0
2019-07-07 19:30:00,188,19.5,6,2546,1,0,2402.5,3,35.0,35.08,34.74,35.1,34.5,34.14,0.5781,19.74,286.45,315.66,14.4,-29.21,-14.8,11.61,17.34,0.0,0.57,48.17,750.45,0.0,0.0,0.0,4.44,0.0,0.0
2019-07-07 19:30:00,188,19.5,7,2546,1,0,2402.5,3,35.0,35.08,34.97,35.1,34.5,34.37,0.5781,19.87,286.45,315.66,14.5,-29.21,-14.71,11.61,17.34,0.0,0.57,48.17,750.45,0.0,0.0,0.0,4.44,0.0,0.0
2019-07-07 19:30:00,188,19.5,8,2639,1,0,2402.5,3,35.0,32.66,337.0,35.1,34.5,331.23,0.5758,190.72,286.45,315.66,140.52,-29.21,111.31,11.61,16.73,0.0,0.57,48.17,750.45,0.0,0.0,0.0,4.44,115.76,0.6314
2019-07-07 19:30:00,188,19.5,9,2610,1,0,2402.5,3,35.0,33.41,33.0,35.1,34.5,32.44,0.5765,18.7,286.45,315.66,13.74,-29.21,-15.47,11.61,16.92,0.0,0.57,48.17,750.45,0.0,0.0,0.0,4.44,0.0,0.0
2019-07-07 19:30:00,188,19.5,10,2579,1,0,2402.5,3,35.0,34.22,34.19,35.1,34.5,33.61,0.5773,19.4,286.45,315.66,14.21,-29.21,-15.0,11.61,17.12,0.0,0.57,48.17,750.45,0.0,0.0,0.0,4.44,0.0,0.0
2019-07-07 19:30:00,188,19.5,11,2579,1,0,2402.5,3,35.0,34.22,34.33,35.1,34.5,33.74,0.5773,19.48,286.45,315.66,14.26,-29.21,-14.94,11.61,17.12,0.0,0.57,48.17,750.45,0.0,0.0,0.0,4.44,0.0,0.0
2019-07-07 19:30:00,188,19.5,12,2546,1,0,2402.5,3,35.0,35.08,33.5,35.1,34.5,32.92,0.5781,19.03,286.45,315.66,13.89,-29.21,-15.32,11.61,17.34,0.0,0.57,48.17,750.45,0.0,0.0,0.0,4.44,0.0,0.0
2019-07-07 19:30:00,188,19.5,13,2530,1,0,2402.5,3,35.0,35.49,33.76,35.1,34.5,33.19,0.5785,19.2,286.45,315.66,13.99,-29.21,-15.22,11.61,17.44,0.0,0.57,48.17,750.45,0.0,0.0,0.0,4.44,0.0,0.0
2019-07-07 19:30:00,188,19.5,14,2530,1,0,2402.5,3,35.0,35.49,33.75,35.1,34.5,33.18,0.5785,19.19,286.45,315.66,13.98,-29.21,-15.22,11.61,17.44,0.0,0.57,48.17,750.45,0.0,0.0,0.0,4.44,0.0,0.0
2019-07-07 19:30:00,188,19.5,15,2494,1,0,2402.5,3,35.0,36.43,34.02,35.1,34.5,33.43,0.5795,19.37,286.45,315.66,14.06,-29.21,-15.15,11.61,17.67,0.0,0.57,48.17,750.45,0.0,0.0,0.0,4.44,0.0,0.0
2019-07-07 19:30:00,188,19.5,16,2494,1,0,2402.5,3,35.0,36.43,34.12,35.1,34.5,33.54,0.5795,19.43,286.45,315.66,14.1,-29.21,-15.1,11.61,17.67,0.0,0.57,48.17,750.45,0.0,0.0,0.0,4.44,0.0,0.0
2019-07-07 19:30:00,188,19.5,17,2462,1,0,2402.5,3,35.0,37.26,34.21,35.1,34.5,33.62,0.5803,19.51,286.45,315.66,14.11,-29.21,-15.09,11.61,17.88,0.0,0.57,48.17,750.45,0.0,0.0,0.0,4.44,0.0,0.0
2019-07-07 19:30:00,188,19.5,18,2630,1,0,2402.5,3,35.0,32.89,268.69,35.1,34.5,264.09,0.576,152.12,286.45,315.66,111.97,-29.21,82.77,11.61,16.79,0.0,0.57,48.17,750.45,0.0,0.0,0.0,4.44,87.21,0.4757
2019-07-07 19:30:00,188,19.5,19,2630,1,0,2402.5,3,35.0,32.89,314.2,35.1,34.5,308.82,0.576,177.88,286.45,315.66,130.94,-29.21,101.73,11.61,16.79,0.0,0.57,48.17,750.45,0.0,0.0,0.0,4.44,106.18,0.5791
2019-07-07 19:30:00,188,19.5,20,2604,1,0,2402.5,3,35.0,33.57,32.65,35.1,34.5,32.09,0.5767,18.5,286.45,315.66,13.58,-29.21,-15.62,11.61,16.96,0.0,0.57,48.17,750.45,0.0,0.0,0.0,4.44,0.0,0.0
2019-07-07 19:30:00,188,19.5,21,2563,1,0,2402.5,3,35.0,34.64,32.73,35.1,34.5,32.17,0.5777,18.58,286.45,315.66,13.58,-29.21,-15.62,11.61,17.23,0.0,0.57,48.17,750.45,0.0,0.0,0.0,4.44,0.0,0.0
2019-07-07 19:30:00,188,19.5,22,2556,1,0,2402.5,3,35.0,34.82,34.0,35.1,34.5,33.42,0.5779,19.31,286.45,315.66,14.11,-29.21,-15.1,11.61,17.27,0.0,0.57,48.17,750.45,0.0,0.0,0.0,4.44,0.0,0.0
2019-07-07 19:30:00,188,19.5,23,2549,1,0,2402.5,3,35.0,35.0,35.1,35.1,34.5,34.5,0.5781,19.94,286.45,315.66,14.56,-29.21,-14.65,11.61,17.32,0.0,0.57,48.17,750.45,0.0,0.0,0.0,4.44,0.0,0.0
2019-07-07 19:30:00,188,19.5,24,2549,1,0,2402.5,3,35.0,35.0,35.31,35.1,34.5,34.71,0.5781,20.06,286.45,315.66,14.64,-29.21,-14.56,11.61,17.32,0.0,0.57,48.17,750.45,0.0,0.0,0.0,4.44,0.0,0.0
2019-07-07 19:30:00,188,19.5,25,2524,1,0,2402.5,3,35.0,35.65,34.85,35.1,34.5,34.26,0.5787,19.82,286.45,315.66,14.43,-29.21,-14.77,11.61,17.48,0.0,0.57,48.17,750.45,0.0,0.0,0.0,4.44,0.0,0.0
2019-07-07 19:30:00,188,19.5,26,2502,1,0,2402.5,3,35.0,36.22,35.42,35.1,34.5,34.81,0.5792,20.16,286.45,315.66,14.65,-29.21,-14.56,11.61,17.62,0.0,0.57,48.17,750.45,0.0,0.0,0.0,4.44,0.0,0.0
2019-07-07 19:30:00,188,19.5,27,2502,1,0,2402.5,3,35.0,36.22,35.33,35.1,34.5,34.72,0.5792,20.11,286.45,315.66,14.61,-29.21,-14.6,11.61,17.62,0.0,0.57,48.17,750.45,0.0,0.0,0.0,4.44,0.0,0.0
2019-07-07 19:30:00,188,19.5,28,2477,1,0,2402.5,3,35.0,36.87,35.51,35.1,34.5,34.9,0.5799,20.24,286.45,315.66,14.66,-29.21,-14.55,11.61,17.79,0.0,0.57,48.17,750.45,0.0,0.0,0.0,4.44,0.0,0.0
2019-07-07 19:30:00,188,19.5,29,2477,1,0,2402.5,3,35.0,36.87,35.58,35.1,34.5,34.97,0.5799,20.28,286.45,315.66,14.69,-29.21,-14.52,11.61,17.79,0.0,0.57,48.17,750.45,0.0,0.0,0.0,4.44,0.0,0.0
2019-07-07 19:30:00,188,19.5,30,2440,1,0,2402.5,3,35.0,37.83,35.87,35.1,34.5,35.26,0.5808,20.48,286.45,315.66,14.78,-29.21,-14.43,11.61,18.03,0.0,0.57,48.17,750.45,0.0,0.0,0.0,4.44,0.0,0.0
2019-07-07 19:30:00,188,19.5,31,2620,1,0,2402.5,3,35.0,33.15,29.12,35.1,34.5,28.63,0.5763,16.5,286.45,315.66,12.13,-29.21,-17.08,11.61,16.86,0.0,0.57,48.17,750.45,0.0,0.0,0.0,4.44,0.0,0.0
2019-07-07 19:30:00,188,19.5,32,2576,1,0,2402.5,3,35.0,34.3,33.85,35.1,34.5,33.27,0.5774,19.21,286.45,315.66,14.06,-29.21,-15.15,11.61,17.14,0.0,0.57,48.17,750.45,0.0,0.0,0.0,4.44,0.0,0.0
2019-07-07 19:30:00,188,19.5,33,2576,1,0,2402.5,3,35.0,34.3,34.22,35.1,34.5,33.63,0.5774,19.42,286.45,315.66,14.21,-29.21,-14.99,11.61,17.14,0.0,0.57,48.17,750.45,0.0,0.0,0.0,4.44,0.0,0.0
2019-07-07 19:30:00,188,19.5,34,2576,1,0,2402.5,3,35.0,34.3,34.07,35.1,34.5,33.49,0.5774,19.34,286.45,315.66,14.15,-29.21,-15.05,11.61,17.14,0.0,0.57,48.17,750.45,0.0,0.0,0.0,4.44,0.0,0.0
2019-07-07 19:30:00,188,19.5,35,2556,1,0,2402.5,3,35.0,34.82,33.75,35.1,34.5,33.17,0.5779,19.17,286.45,315.66,14.0,-29.21,-15.2,11.61,17.27,0.0,0.57,48.17,750.45,0.0,0.0,0.0,4.44,0.0,0.0
2019-07-07 19:30:00,188,19.5,36,2533,1,0,2402.5,3,35.0,35.42,34.89,35.1,34.5,34.3,0.5785,19.84,286.45,315.66,14.46,-29.21,-14.75,11.61,17.42,0.0,0.57,48.17,750.45,0.0,0.0,0.0,4.44,0.0,0.0
2019-07-07 19:30:00,188,19.5,37,2532,1,0,2402.5,3,35.0,35.44,35.77,35.1,34.5,35.16,0.5785,20.34,286.45,315.66,14.82,-29.21,-14.39,11.61,17.43,0.0,0.57,48.17,750.45,0.0,0.0,0.0,4.44,0.0,0.0
2019-07-07 19:30:00,188,19.5,38,2534,1,0,2402.5,3,35.0,35.39,36.08,35.1,34.5,35.47,0.5784,20.52,286.45,315.66,14.95,-29.21,-14.26,11.61,17.41,0.0,0.57,48.17,750.45,0.0,0.0,0.0,4.44,0.0,0.0
2019-07-07 19:30:00,188,19.5,39,2534,1,0,2402.5,3,35.0,35.39,36.1,35.1,34.5,35.49,0.5784,20.53,286.45,315.66,14.96,-29.21,-14.25,11.61,17.41,0.0,0.57,48.17,750.45,0.0,0.0,0.0,4.44,0.0,0.0
2019-07-07 19:30:00,188,19.5,40,2515,1,0,2402.5,3,35.0,35.88,35.5,35.1,34.5,34.89,0.5789,20.2,286.45,315.66,14.69,-29.21,-14.52,11.61,17.54,0.0,0.57,48.17,750.45,0.0,0.0,0.0,4.44,0.0,0.0
2019-07-07 19:30:00,188,19.5,41,2487,1,0,2402.5,3,35.0,36.61,35.94,35.1,34.5,35.33,0.5796,20.48,286.45,315.66,14.85,-29.21,-14.36,11.61,17.72,0.0,0.57,48.17,750.45,0.0,0.0,0.0,4.44,0.0,0.0
2019-07-07 19:30:00,188,19.5,42,2487,1,0,2402.5,3,35.0,36.61,35.93,35.1,34.5,35.31,0.5796,20.47,286.45,315.66,14.85,-29.21,-14.36,11.61,17.72,0.0,0.57,48.17,750.45,0.0,0.0,0.0,4.44,0.0,0.0
2019-07-07 19:30:00,188,19.5,43,2464,1,0,2402.5,3,35.0,37.21,35.89,35.1,34.5,35.27,0.5802,20.47,286.45,315.66,14.81,-29.21,-14.4,11.61,17.87,0.0,0.57,48.17,750.45,0.0,0.0,0.0,4.44,0.0,0.0
2019-07-07 19:30:00,188,19.5,44,2555,1,0,2402.5,3,35.0,34.84,34.53,35.1,34.5,33.94,0.5779,19.61,286.45,315.66,14.33,-29.21,-14.88,11.61,17.28,0.0,0.57,48.17,750.45,0.0,0.0,0.0,4.44,0.0,0.0
2019-07-07 19:30:00,188,19.5,45,2555,1,0,2402.5,3,35.0,34.84,35.44,35.1,34.5,34.83,0.5779,20.13,286.45,315.66,14.7,-29.21,-14.51,11.61,17.28,0.0,0.57,48.17,750.45,0.0,0.0,0.0,4.44,0.0,0.0
2019-07-07 19:30:00,188,19.5,46,2555,1,0,2402.5,3,35.0,34.84,35.2,35.1,34.5,34.6,0.5779,19.99,286.45,315.66,14.6,-29.21,-14.6,11.61,17.28,0.0,0.57,48.17,750.45,0.0,0.0,0.0,4.44,0.0,0.0
2019-07-07 19:30:00,188,19.5,47,2530,1,0,2402.5,3,35.0,35.49,34.78,35.1,34.5,34.18,0.5785,19.78,286.45,315.66,14.41,-29.21,-14.8,11.61,17.44,0.0,0.57,48.17,750.45,0.0,0.0,0.0,4.44,0.0,0.0
2019-07-07 19:30:00,188,19.5,48,2510,1,0,2402.5,3,35.0,36.01,35.76,35.1,34.5,35.15,0.579,20.35,286.45,315.66,14.79,-29.21,-14.41,11.61,17.57,0.0,0.57,48.17,750.45,0.0,0.0,0.0,4.44,0.0,0.0
2019-07-07 19:30:00,188,19.5,49,2534,1,0,2402.5,3,35.0,35.39,36.21,35.1,34.5,35.59,0.5784,20.59,286.45,315.66,15.01,-29.21,-14.2,11.61,17.41,0.0,0.57,48.17,750.45,0.0,0.0,0.0,4.44,0.0,0.0
2019-07-07 19:30:00,188,19.5,50,2531,1,0,2402.5,3,35.0,35.47,34.45,35.1,34.5,33.86,0.5785,19.59,286.45,315.66,14.27,-29.21,-14.94,11.61,17.43,0.0,0.57,48.17,750.45,0.0,0.0,0.0,4.44,0.0,0.0
2019-07-07 19:30:00,188,19.5,51,2531,1,0,2402.5,3,35.0,35.47,36.01,35.1,34.5,35.39,0.5785,20.47,286.45,315.66,14.92,-29.21,-14.29,11.61,17.43,0.0,0.57,48.17,750.45,0.0,0.0,0.0,4.44,0.0,0.0
2019-07-07 19:30:00,188,19.5,52,2531,1,0,2402.5,3,35.0,35.47,35.77,35.1,34.5,35.16,0.5785,20.34,286.45,315.66,14.82,-29.21,-14.39,11.61,17.43,0.0,0.57,48.17,750.45,0.0,0.0,0.0,4.44,0.0,0.0
2019-07-07 19:30:00,188,19.5,53,2507,1,0,2402.5,3,35.0,36.09,35.45,35.1,34.5,34.84,0.5791,20.18,286.45,315.66,14.66,-29.21,-14.54,11.61,17.59,0.0,0.57,48.17,750.45,0.0,0.0,0.0,4.44,0.0,0.0
2019-07-07 19:30:00,188,19.5,54,2494,1,0,2402.5,3,35.0,36.43,36.13,35.1,34.5,35.51,0.5795,20.58,286.45,315.66,14.93,-29.21,-14.27,11.61,17.67,0.0,0.57,48.17,750.45,0.0,0.0,0.0,4.44,0.0,0.0
2019-07-07 19:30:00,188,19.5,55,2531,1,0,2402.5,3,35.0,35.47,35.98,35.1,34.5,35.37,0.5785,20.46,286.45,315.66,14.91,-29.21,-14.3,11.61,17.43,0.0,0.57,48.17,750.45,0.0,0.0,0.0,4.44,0.0,0.0
2019-07-07 19:30:00,188,19.5,56,2531,1,0,2402.5,3,35.0,35.47,35.78,35.1,34.5,35.17,0.5785,20.34,286.45,315.66,14.82,-29.21,-14.38,11.61,17.43,0.0,0.57,48.17,750.45,0.0,0.0,0.0,4.44,0.0,0.0
2019-07-07 19:30:00,188,19.5,57,2507,1,0,2402.5,3,35.0,36.09,35.47,35.1,34.5,34.87,0.5791,20.19,286.45,315.66,14.67,-29.21,-14.53,11.61,17.59,0.0,0.57,48.17,750.45,0.0,0.0,0.0,4.44,0.0,0.0
2019-07-07 19:30:00,188,19.5,58,2494,1,0,2402.5,3,35.0,36.43,35.92,35.1,34.5,35.3,0.5795,20.46,286.45,315.66,14.85,-29.21,-14.36,11.61,17.67,0.0,0.57,48.17,750.45,0.0,0.0,0.0,4.44,0.0,0.0
2019-07-07 19:30:00,188,19.5,59,2506,1,0,2402.5,3,35.0,36.12,35.98,35.1,34.5,35.37,0.5791,20.48,286.45,315.66,14.88,-29.21,-14.32,11.61,17.6,0.0,0.57,48.17,750.45,0.0,0.0,0.0,4.44,0.0,0.0
2019-07-07 19:30:00,188,19.5,60,2506,1,0,2402.5,3,35.0,36.12,35.81,35.1,34.5,35.19,0.5791,20.38,286.45,315.66,14.81,-29.21,-14.4,11.61,17.6,0.0,0.57,48.17,750.45,0.0,0.0,0.0,4.44,0.0,0.0
2019-07-07 19:30:00,188,19.5,61,2485,1,0,2402.5,3,35.0,36.66,35.3,35.1,34.5,34.7,0.5797,20.12,286.45,315.66,14.59,-29.21,-14.62,11.61,17.73,0.0,0.57,48.17,750.45,0.0,0.0,0.0,4.44,0.0,0.0
2019-07-07 19:30:00,188,19.5,62,2469,1,0,2402.5,3,35.0,37.08,35.65,35.1,34.5,35.04,0.5801,20.33,286.45,315.66,14.71,-29.21,-14.49,11.61,17.84,0.0,0.57,48.17,750.45,0.0,0.0,0.0,4.44,0.0,0.0
2019-07-07 19:30:00,188,19.5,63,2506,1,0,2402.5,3,35.0,36.12,33.7,35.1,34.5,33.12,0.5791,19.18,286.45,315.66,13.94,-29.21,-15.27,11.61,17.6,0.0,0.57,48.17,750.45,0.0,0.0,0.0,4.44,0.0,0.0
2019-07-07 19:30:00,188,19.5,64,2506,1,0,2402.5,3,35.0,36.12,36.12,35.1,34.5,35.5,0.5791,20.56,286.45,315.66,14.94,-29.21,-14.26,11.61,17.6,0.0,0.57,48.17,750.45,0.0,0.0,0.0,4.44,0.0,0.0
2019-07-07 19:30:00,188,19.5,65,2506,1,0,2402.5,3,35.0,36.12,36.0,35.1,34.5,35.39,0.5791,20.5,286.45,315.66,14.89,-29.21,-14.31,11.61,17.6,0.0,0.57,48.17,750.45,0.0,0.0,0.0,4.44,0.0,0.0
2019-07-07 19:30:00,188,19.5,66,2485,1,0,2402.5,3,35.0,36.66,35.44,35.1,34.5,34.83,0.5797,20.19,286.45,315.66,14.64,-29.21,-14.57,11.61,17.73,0.0,0.57,48.17,750.45,0.0,0.0,0.0,4.44,0.0,0.0
2019-07-07 19:30:00,188,19.5,67,2455,1,0,2402.5,3,35.0,37.44,36.12,35.1,34.5,35.51,0.5804,20.61,286.45,315.66,14.9,-29.21,-14.31,11.61,17.93,0.0,0.57,48.17,750.45,0.0,0.0,0.0,4.44,0.0,0.0
2019-07-07 19:30:00,188,19.5,68,2489,1,0,2402.5,3,35.0,36.56,33.27,35.1,34.5,32.7,0.5796,18.95,286.45,315.66,13.75,-29.21,-15.46,11.61,17.71,0.0,0.57,48.17,750.45,0.0,0.0,0.0,4.44,0.0,0.0
2019-07-07 19:30:00,188,19.5,69,2489,1,0,2402.5,3,35.0,36.56,36.06,35.1,34.5,35.44,0.5796,20.54,286.45,315.66,14.9,-29.21,-14.31,11.61,17.71,0.0,0.57,48.17,750.45,0.0,0.0,0.0,4.44,0.0,0.0
2019-07-07 19:30:00,188,19.5,70,2489,1,0,2402.5,3,35.0,36.56,35.96,35.1,34.5,35.34,0.5796,20.48,286.45,315.66,14.86,-29.21,-14.35,11.61,17.71,0.0,0.57,48.17,750.45,0.0,0.0,0.0,4.44,0.0,0.0
2019-07-07 19:30:00,188,19.5,71,2477,1,0,2402.5,3,35.0,36.87,35.49,35.1,34.5,34.88,0.5799,20.23,286.45,315.66,14.65,-29.21,-14.55,11.61,17.79,0.0,0.57,48.17,750.45,0.0,0.0,0.0,4.44,0.0,0.0
2019-07-07 19:30:00,188,19.5,72,2455,1,0,2402.5,3,35.0,37.44,36.16,35.1,34.5,35.54,0.5804,20.63,286.45,315.66,14.91,-29.21,-14.29,11.61,17.93,0.0,0.57,48.17,750.45,0.0,0.0,0.0,4.44,0.0,0.0
2019-07-07 19:30:00,188,19.5,73,2485,1,0,2402.5,3,35.0,36.66,32.72,35.1,34.5,32.16,0.5797,18.64,286.45,315.66,13.52,-29.21,-15.69,11.61,17.73,0.0,0.57,48.17,750.45,0.0,0.0,0.0,4.44,0.0,0.0
2019-07-07 19:30:00,188,19.5,74,2485,1,0,2402.5,3,35.0,36.66,36.19,35.1,34.5,35.57,0.5797,20.62,286.45,315.66,14.95,-29.21,-14.25,11.61,17.73,0.0,0.57,48.17,750.45,0.0,0.0,0.0,4.44,0.0,0.0
2019-07-07 19:30:00,188,19.5,75,2485,1,0,2402.5,3,35.0,36.66,35.98,35.1,34.5,35.36,0.5797,20.5,286.45,315.66,14.86,-29.21,-14.34,11.61,17.73,0.0,0.57,48.17,750.45,0.0,0.0,0.0,4.44,0.0,0.0
2019-07-07 19:30:00,188,19.5,76,2466,1,0,2402.5,3,35.0,37.16,35.15,35.1,34.5,34.55,0.5802,20.04,286.45,315.66,14.51,-29.21,-14.7,11.61,17.86,0.0,0.57,48.17,750.45,0.0,0.0,0.0,4.44,0.0,0.0
2019-07-07 19:30:00,188,19.5,77,2445,1,0,2402.5,3,35.0,37.7,35.63,35.1,34.5,35.02,0.5807,20.33,286.45,315.66,14.68,-29.21,-14.52,11.61,17.99,0.0,0.57,48.17,750.45,0.0,0.0,0.0,4.44,0.0,0.0
2019-07-07 19:30:00,188,19.5,78,2478,1,0,2402.5,3,35.0,36.85,36.19,35.1,34.5,35.57,0.5799,20.63,286.45,315.66,14.95,-29.21,-14.26,11.61,17.78,0.0,0.57,48.17,750.45,0.0,0.0,0.0,4.44,0.0,0.0
2019-07-07 19:30:00,188,19.5,79,2478,1,0,2402.5,3,35.0,36.85,35.8,35.1,34.5,35.18,0.5799,20.4,286.45,315.66,14.78,-29.21,-14.43,11.61,17.78,0.0,0.57,48.17,750.45,0.0,0.0,0.0,4.44,0.0,0.0
2019-07-07 19:30:00,188,19.5,80,2449,1,0,2402.5,3,35.0,37.6,34.48,35.1,34.5,33.89,0.5806,19.68,286.45,315.66,14.21,-29.21,-14.99,11.61,17.97,0.0,0.57,48.17,750.45,0.0,0.0,0.0,4.44,0.0,0.0
2019-07-07 19:30:00,188,19.5,81,2412,1,0,2402.5,3,35.0,38.56,35.41,35.1,34.5,34.8,0.5815,20.24,286.45,315.66,14.56,-29.21,-14.64,11.61,18.21,0.0,0.57,48.17,750.45,0.0,0.0,0.0,4.44,0.0,0.0
2019-07-07 19:30:00,188,19.5,82,2443,1,0,2402.5,3,35.0,37.76,34.02,35.1,34.5,33.44,0.5807,19.42,286.45,315.66,14.02,-29.21,-15.19,11.61,18.01,0.0,0.57,48.17,750.45,0.0,0.0,0.0,4.44,0.0,0.0
2019-07-07 19:30:00,188,19.5,83,2474,1,0,2402.5,3,35.0,36.95,36.24,35.1,34.5,35.62,0.58,20.66,286.45,315.66,14.96,-29.21,-14.24,11.61,17.8,0.0,0.57,48.17,750.45,0.0,0.0,0.0,4.44,0.0,0.0
2019-07-07 19:30:00,188,19.5,84,2474,1,0,2402.5,3,35.0,36.95,35.62,35.1,34.5,35.01,0.58,20.31,286.45,315.66,14.71,-29.21,-14.5,11.61,17.8,0.0,0.57,48.17,750.45,0.0,0.0,0.0,4.44,0.0,0.0
2019-07-07 19:30:00,188,19.5,85,2436,1,0,2402.5,3,35.0,37.94,33.87,35.1,34.5,33.29,0.5809,19.34,286.45,315.66,13.95,-29.21,-15.25,11.61,18.05,0.0,0.57,48.17,750.45,0.0,0.0,0.0,4.44,0.0,0.0
2019-07-07 19:30:00,188,19.5,86,2397,0,0,2402.5,3,35.0,38.95,35.39,35.1,34.5,34.78,0.2445,8.5,286.45,315.66,26.28,-29.21,-2.93,11.61,18.3,0.0,0.57,48.17,750.45,0.0,0.0,0.0,24.44,21.52,0.1156
2019-07-07 19:30:00,188,19.5,87,2415,1,0,2402.5,3,35.0,38.48,34.86,35.1,34.5,34.27,0.5815,19.92,286.45,315.66,14.34,-29.21,-14.86,11.61,18.19,0.0,0.57,48.17,750.45,0.0,0.0,0.0,4.44,0.0,0.0
2019-07-07 19:30:00,188,19.5,88,2476,1,0,2402.5,3,35.0,36.9,35.12,35.1,34.5,34.52,0.5799,20.02,286.45,315.66,14.5,-29.21,-14.7,11.61,17.79,0.0,0.57,48.17,750.45,0.0,0.0,0.0,4.44,0.0,0.0
2019-07-07 19:30:00,188,19.5,89,2428,1,0,2402.5,3,35.0,38.15,33.0,35.1,34.5,32.43,0.5811,18.85,286.45,315.66,13.59,-29.21,-15.62,11.61,18.1,0.0,0.57,48.17,750.45,0.0,0.0,0.0,4.44,0.0,0.0
2019-07-07 19:30:00,188,19.5,90,2377,0,0,2402.5,3,35.0,39.47,35.05,35.1,34.5,34.45,0.245,8.44,286.45,315.66,26.01,-29.21,-3.2,11.61,18.43,0.0,0.57,48.17,750.45,0.0,0.0,0.0,24.44,21.25,0.1142
2019-07-07 19:30:00,188,19.5,91,2378,0,0,2402.5,3,35.0,39.45,35.28,35.1,34.5,34.68,0.2449,8.49,286.45,315.66,26.19,-29.21,-3.02,11.61,18.43,0.0,0.57,48.17,750.45,0.0,0.0,0.0,24.44,21.42,0.1151
2019-07-07 19:30:00,188,19.5,92,2496,1,0,2402.5,3,35.0,36.38,33.09,35.1,34.5,32.52,0.5794,18.84,286.45,315.66,13.68,-29.21,-15.53,11.61,17.66,0.0,0.57,48.17,750.45,0.0,0.0,0.0,4.44,0.0,0.0
2019-07-07 19:30:00,188,19.5,93,2423,1,0,2402.5,3,35.0,38.28,31.12,35.1,34.5,30.58,0.5813,17.78,286.45,315.66,12.81,-29.21,-16.4,11.61,18.14,0.0,0.57,48.17,750.45,0.0,0.0,0.0,4.44,0.0,0.0
2019-07-07 19:30:00,188,19.5,95,2372,0,0,2402.5,3,35.0,39.6,34.39,35.1,34.5,33.8,0.2451,8.29,286.45,315.66,25.52,-29.21,-3.69,11.61,18.47,0.0,0.57,48.17,750.45,0.0,0.0,0.0,24.44,20.76,0.1115
2019-07-07 19:30:00,188,19.5,97,2358,0,0,2402.5,3,35.0,39.97,35.94,35.1,34.5,35.32,0.2454,8.67,286.45,315.66,26.65,-29.21,-2.55,11.61,18.56,0.0,0.57,48.17,750.45,0.0,0.0,0.0,24.44,21.89,0.1176
2019-07-07 19:30:00,188,19.5,98,2554,1,0,2402.5,3,35.0,34.87,32.1,35.1,34.5,31.55,0.5779,18.23,286.45,315.66,13.32,-29.21,-15.89,11.61,17.28,0.0,0.57,48.17,750.45,0.0,0.0,0.0,4.44,0.0,0.0
2019-07-07 19:30:00,188,19.5,99,2451,1,0,2402.5,3,35.0,37.55,28.9,35.1,34.5,28.4,0.5805,16.49,286.45,315.66,11.91,-29.21,-17.29,11.61,17.95,0.0,0.57,48.17,750.45,0.0,0.0,0.0,4.44,0.0,0.0
2019-07-07 19:30:00,188,19.5,100,2361,0,0,2402.5,3,35.0,39.89,32.97,35.1,34.5,32.41,0.2454,7.95,286.45,315.66,24.45,-29.21,-4.75,11.61,18.54,0.0,0.57,48.17,750.45,0.0,0.0,0.0,24.44,19.69,0.1058
2019-07-07 20:00:00,188,20.0,94,2563,1,0,2402.5,3,35.0,34.64,22.78,24.43,25.4,23.68,0.5777,13.68,300.68,315.66,10.0,-14.97,-4.97,11.36,17.23,0.0,0.72,50.2,750.38,0.0,0.0,0.0,4.44,0.0,0.0
2019-07-07 20:00:00,188,20.0,96,2549,1,0,2402.5,3,35.0,35.0,24.43,24.43,25.4,25.4,0.5781,14.68,300.68,315.66,10.72,-14.97,-4.26,11.36,17.32,0.0,0.72,50.2,750.38,0.0,0.0,0.0,4.44,0.19,0.001
2019-07-07 20:00:00,188,20.0,1,2612,1,0,2402.5,3,35.0,33.36,23.27,24.43,25.4,24.19,0.5765,13.94,300.68,315.66,10.24,-14.97,-4.73,11.36,16.91,0.0,0.72,50.2,750.38,0.0,0.0,0.0,4.44,0.0,0.0
2019-07-07 20:00:00,188,20.0,2,2612,1,0,2402.5,3,35.0,33.36,23.45,24.43,25.4,24.37,0.5765,14.05,300.68,315.66,10.32,-14.97,-4.65,11.36,16.91,0.0,0.72,50.2,750.38,0.0,0.0,0.0,4.44,0.0,0.0
2019-07-07 20:00:00,188,20.0,3,2610,1,0,2402.5,3,35.0,33.41,23.38,24.43,25.4,24.3,0.5765,14.01,300.68,315.66,10.29,-14.97,-4.68,11.36,16.92,0.0,0.72,50.2,750.38,0.0,0.0,0.0,4.44,0.0,0.0
2019-07-07 20:00:00,188,20.0,4,2583,1,0,2402.5,3,35.0,34.12,24.02,24.43,25.4,24.97,0.5772,14.41,300.68,315.66,10.56,-14.97,-4.42,11.36,17.1,0.0,0.72,50.2,750.38,0.0,0.0,0.0,4.44,0.03,0.0002
2019-07-07 20:00:00,188,20.0,5,2583,1,0,2402.5,3,35.0,34.12,24.05,24.43,25.4,25.0,0.5772,14.43,300.68,315.66,10.57,-14.97,-4.4,11.36,17.1,0.0,0.72,50.2,750.38,0.0,0.0,0.0,4.44,0.04,0.0002
2019-07-07 20:00:00,188,20.0,6,2546,1,0,2402.5,3,35.0,35.08,24.18,24.43,25.4,25.14,0.5781,14.53,300.68,315.66,10.6,-14.97,-4.37,11.36,17.34,0.0,0.72,50.2,750.38,0.0,0.0,0.0,4.44,0.08,0.0004
2019-07-07 20:00:00,188,20.0,7,2546,1,0,2402.5,3,35.0,35.08,24.35,24.43,25.4,25.31,0.5781,14.63,300.68,315.66,10.68,-14.97,-4.3,11.36,17.34,0.0,0.72,50.2,750.38,0.0,0.0,0.0,4.44,0.15,0.0008
2019-07-07 20:00:00,188,20.0,8,2639,1,0,2402.5,3,35.0,32.66,205.74,24.43,25.4,213.87,0.5758,123.14,300.68,315.66,90.73,-14.97,75.76,11.36,16.73,0.0,0.72,50.2,750.38,0.0,0.0,0.0,4.44,80.2,0.4375
2019-07-07 20:00:00,188,20.0,9,2610,1,0,2402.5,3,35.0,33.41,22.97,24.43,25.4,23.88,0.5765,13.77,300.68,315.66,10.11,-14.97,-4.86,11.36,16.92,0.0,0.72,50.2,750.38,0.0,0.0,0.0,4.44,0.0,0.0
2019-07-07 20:00:00,188,20.0,10,2579,1,0,2402.5,3,35.0,34.22,23.8,24.43,25.4,24.74,0.5773,14.28,300.68,315.66,10.46,-14.97,-4.52,11.36,17.12,0.0,0.72,50.2,750.38,0.0,0.0,0.0,4.44,0.0,0.0
2019-07-07 20:00:00,188,20.0,11,2579,1,0,2402.5,3,35.0,34.22,23.9,24.43,25.4,24.84,0.5773,14.34,300.68,315.66,10.5,-14.97,-4.47,11.36,17.12,0.0,0.72,50.2,750.38,0.0,0.0,0.0,4.44,0.0,0.0
2019-07-07 20:00:00,188,20.0,12,2546,1,0,2402.5,3,35.0,35.08,23.32,24.43,25.4,24.24,0.5781,14.01,300.68,315.66,10.23,-14.97,-4.75,11.36,17.34,0.0,0.72,50.2,750.38,0.0,0.0,0.0,4.44,0.0,0.0
2019-07-07 20:00:00,188,20.0,13,2530,1,0,2402.5,3,35.0,35.49,23.5,24.43,25.4,24.43,0.5785,14.14,300.68,315.66,10.3,-14.97,-4.68,11.36,17.44,0.0,0.72,50.2,750.38,0.0,0.0,0.0,4.44,0.0,0.0
2019-07-07 20:00:00,188,20.0,14,2530,1,0,2402.5,3,35.0,35.49,23.5,24.43,25.4,24.43,0.5785,14.13,300.68,315.66,10.29,-14.97,-4.68,11.36,17.44,0.0,0.72,50.2,750.38,0.0,0.0,0.0,4.44,0.0,0.0
2019-07-07 20:00:00,188,20.0,15,2494,1,0,2402.5,3,35.0,36.43,23.68,24.43,25.4,24.62,0.5795,14.26,300.68,315.66,10.35,-14.97,-4.62,11.36,17.67,0.0,0.72,50.2,750.38,0.0,0.0,0.0,4.44,0.0,0.0
2019-07-07 20:00:00,188,20.0,16,2494,1,0,2402.5,3,35.0,36.43,23.75,24.43,25.4,24.69,0.5795,14.31,300.68,315.66,10.38,-14.97,-4.59,11.36,17.67,0.0,0.72,50.2,750.38,0.0,0.0,0.0,4.44,0.0,0.0
2019-07-07 20:00:00,188,20.0,17,2462,1,0,2402.5,3,35.0,37.26,23.82,24.43,25.4,24.76,0.5803,14.37,300.68,315.66,10.39,-14.97,-4.58,11.36,17.88,0.0,0.72,50.2,750.38,0.0,0.0,0.0,4.44,0.0,0.0
2019-07-07 20:00:00,188,20.0,18,2630,1,0,2402.5,3,35.0,32.89,23.93,24.43,25.4,24.88,0.576,14.33,300.68,315.66,10.55,-14.97,-4.43,11.36,16.79,0.0,0.72,50.2,750.38,0.0,0.0,0.0,4.44,0.02,0.0001
2019-07-07 20:00:00,188,20.0,19,2630,1,0,2402.5,3,35.0,32.89,23.56,24.43,25.4,24.49,0.576,14.11,300.68,315.66,10.38,-14.97,-4.59,11.36,16.79,0.0,0.72,50.2,750.38,0.0,0.0,0.0,4.44,0.0,0.0
2019-07-07 20:00:00,188,20.0,20,2604,1,0,2402.5,3,35.0,33.57,22.73,24.43,25.4,23.63,0.5767,13.62,300.68,315.66,10.0,-14.97,-4.97,11.36,16.96,0.0,0.72,50.2,750.38,0.0,0.0,0.0,4.44,0.0,0.0
2019-07-07 20:00:00,188,20.0,21,2563,1,0,2402.5,3,35.0,34.64,22.78,24.43,25.4,23.68,0.5777,13.68,300.68,315.66,10.0,-14.97,-4.97,11.36,17.23,0.0,0.72,50.2,750.38,0.0,0.0,0.0,4.44,0.0,0.0
2019-07-07 20:00:00,188,20.0,22,2556,1,0,2402.5,3,35.0,34.82,23.67,24.43,25.4,24.6,0.5779,14.22,300.68,315.66,10.38,-14.97,-4.59,11.36,17.27,0.0,0.72,50.2,750.38,0.0,0.0,0.0,4.44,0.0,0.0
2019-07-07 20:00:00,188,20.0,23,2549,1,0,2402.5,3,35.0,35.0,24.43,24.43,25.4,25.4,0.5781,14.68,300.68,315.66,10.72,-14.97,-4.26,11.36,17.32,0.0,0.72,50.2,750.38,0.0,0.0,0.0,4.44,0.19,0.001
2019-07-07 20:00:00,188,20.0,24,2549,1,0,2402.5,3,35.0,35.0,24.58,24.43,25.4,25.55,0.5781,14.77,300.68,315.66,10.78,-14.97,-4.19,11.36,17.32,0.0,0.72,50.2,750.38,0.0,0.0,0.0,4.44,0.25,0.0014
2019-07-07 20:00:00,188,20.0,25,2524,1,0,2402.5,3,35.0,35.65,24.26,24.43,25.4,25.22,0.5787,14.6,300.68,315.66,10.63,-14.97,-4.35,11.36,17.48,0.0,0.72,50.2,750.38,0.0,0.0,0.0,4.44,0.1,0.0005
2019-07-07 20:00:00,188,20.0,26,2502,1,0,2402.5,3,35.0,36.22,24.65,24.43,25.4,25.63,0.5792,14.85,300.68,315.66,10.78,-14.97,-4.19,11.36,17.62,0.0,0.72,50.2,750.38,0.0,0.0,0.0,4.44,0.25,0.0014
2019-07-07 20:00:00,188,20.0,27,2502,1,0,2402.5,3,35.0,36.22,24.59,24.43,25.4,25.56,0.5792,14.81,300.68,315.66,10.76,-14.97,-4.22,11.36,17.62,0.0,0.72,50.2,750.38,0.0,0.0,0.0,4.44,0.23,0.0012
2019-07-07 20:00:00,188,20.0,28,2477,1,0,2402.5,3,35.0,36.87,24.72,24.43,25.4,25.69,0.5799,14.9,300.68,315.66,10.79,-14.97,-4.18,11.36,17.79,0.0,0.72,50.2,750.38,0.0,0.0,0.0,4.44,0.26,0.0014
2019-07-07 20:00:00,188,20.0,29,2477,1,0,2402.5,3,35.0,36.87,24.77,24.43,25.4,25.74,0.5799,14.93,300.68,315.66,10.82,-14.97,-4.16,11.36,17.79,0.0,0.72,50.2,750.38,0.0,0.0,0.0,4.44,0.29,0.0016
2019-07-07 20:00:00,188,20.0,30,2440,1,0,2402.5,3,35.0,37.83,24.97,24.43,25.4,25.96,0.5808,15.08,300.68,315.66,10.88,-14.97,-4.09,11.36,18.03,0.0,0.72,50.2,750.38,0.0,0.0,0.0,4.44,0.35,0.0019
2019-07-07 20:00:00,188,20.0,31,2620,1,0,2402.5,3,35.0,33.15,20.27,24.43,25.4,21.07,0.5763,12.14,300.68,315.66,8.93,-14.97,-6.04,11.36,16.86,0.0,0.72,50.2,750.38,0.0,0.0,0.0,4.44,0.0,0.0
2019-07-07 20:00:00,188,20.0,32,2576,1,0,2402.5,3,35.0,34.3,23.56,24.43,25.4,24.49,0.5774,14.14,300.68,315.66,10.35,-14.97,-4.62,11.36,17.14,0.0,0.72,50.2,750.38,0.0,0.0,0.0,4.44,0.0,0.0
2019-07-07 20:00:00,188,20.0,33,2576,1,0,2402.5,3,35.0,34.3,23.82,24.43,25.4,24.76,0.5774,14.3,300.68,315.66,10.46,-14.97,-4.51,11.36,17.14,0.0,0.72,50.2,750.38,0.0,0.0,0.0,4.44,0.0,0.0
2019-07-07 20:00:00,188,20.0,34,2576,1,0,2402.5,3,35.0,34.3,23.72,24.43,25.4,24.66,0.5774,14.24,300.68,315.66,10.42,-14.97,-4.55,11.36,17.14,0.0,0.72,50.2,750.38,0.0,0.0,0.0,4.44,0.0,0.0
2019-07-07 20:00:00,188,20.0,35,2556,1,0,2402.5,3,35.0,34.82,23.49,24.43,25.4,24.42,0.5779,14.11,300.68,315.66,10.31,-14.97,-4.66,11.36,17.27,0.0,0.72,50.2,750.38,0.0,0.0,0.0,4.44,0.0,0.0
2019-07-07 20:00:00,188,20.0,36,2533,1,0,2402.5,3,35.0,35.42,24.29,24.43,25.4,25.25,0.5785,14.61,300.68,315.66,10.64,-14.97,-4.33,11.36,17.42,0.0,0.72,50.2,750.38,0.0,0.0,0.0,4.44,0.11,0.0006
2019-07-07 20:00:00,188,20.0,37,2532,1,0,2402.5,3,35.0,35.44,24.9,24.43,25.4,25.88,0.5785,14.97,300.68,315.66,10.91,-14.97,-4.06,11.36,17.43,0.0,0.72,50.2,750.38,0.0,0.0,0.0,4.44,0.38,0.0021
2019-07-07 20:00:00,188,20.0,38,2534,1,0,2402.5,3,35.0,35.39,25.12,24.43,25.4,26.11,0.5784,15.1,300.68,315.66,11.01,-14.97,-3.97,11.36,17.41,0.0,0.72,50.2,750.38,0.0,0.0,0.0,4.44,0.48,0.0026
2019-07-07 20:00:00,188,20.0,39,2534,1,0,2402.5,3,35.0,35.39,25.13,24.43,25.4,26.12,0.5784,15.11,300.68,315.66,11.01,-14.97,-3.96,11.36,17.41,0.0,0.72,50.2,750.38,0.0,0.0,0.0,4.44,0.48,0.0026
2019-07-07 20:00:00,188,20.0,40,2515,1,0,2402.5,3,35.0,35.88,24.71,24.43,25.4,25.68,0.5789,14.87,300.68,315.66,10.82,-14.97,-4.16,11.36,17.54,0.0,0.72,50.2,750.38,0.0,0.0,0.0,4.44,0.29,0.0016
2019-07-07 20:00:00,188,20.0,41,2487,1,0,2402.5,3,35.0,36.61,25.02,24.43,25.4,26.01,0.5796,15.08,300.68,315.66,10.93,-14.97,-4.04,11.36,17.72,0.0,0.72,50.2,750.38,0.0,0.0,0.0,4.44,0.4,0.0022
2019-07-07 20:00:00,188,20.0,42,2487,1,0,2402.5,3,35.0,36.61,25.01,24.43,25.4,26.0,0.5796,15.07,300.68,315.66,10.93,-14.97,-4.04,11.36,17.72,0.0,0.72,50.2,750.38,0.0,0.0,0.0,4.44,0.4,0.0022
2019-07-07 20:00:00,188,20.0,43,2464,1,0,2402.5,3,35.0,37.21,24.98,24.43,25.4,25.97,0.5802,15.07,300.68,315.66,10.9,-14.97,-4.07,11.36,17.87,0.0,0.72,50.2,750.38,0.0,0.0,0.0,4.44,0.37,0.002
2019-07-07 20:00:00,188,20.0,44,2555,1,0,2402.5,3,35.0,34.84,24.04,24.43,25.4,24.99,0.5779,14.44,300.68,315.66,10.55,-14.97,-4.43,11.36,17.28,0.0,0.72,50.2,750.38,0.0,0.0,0.0,4.44,0.02,0.0001
2019-07-07 20:00:00,188,20.0,45,2555,1,0,2402.5,3,35.0,34.84,24.67,24.43,25.4,25.64,0.5779,14.82,300.68,315.66,10.82,-14.97,-4.15,11.36,17.28,0.0,0.72,50.2,750.38,0.0,0.0,0.0,4.44,0.29,0.0016
2019-07-07 20:00:00,188,20.0,46,2555,1,0,2402.5,3,35.0,34.84,24.5,24.43,25.4,25.47,0.5779,14.72,300.68,315.66,10.75,-14.97,-4.22,11.36,17.28,0.0,0.72,50.2,750.38,0.0,0.0,0.0,4.44,0.22,0.0012
2019-07-07 20:00:00,188,20.0,47,2530,1,0,2402.5,3,35.0,35.49,24.21,24.43,25.4,25.17,0.5785,14.56,300.68,315.66,10.61,-14.97,-4.37,11.36,17.44,0.0,0.72,50.2,750.38,0.0,0.0,0.0,4.44,0.08,0.0004
2019-07-07 20:00:00,188,20.0,48,2510,1,0,2402.5,3,35.0,36.01,24.89,24.43,25.4,25.87,0.579,14.98,300.68,315.66,10.89,-14.97,-4.08,11.36,17.57,0.0,0.72,50.2,750.38,0.0,0.0,0.0,4.44,0.36,0.002
2019-07-07 20:00:00,188,20.0,49,2534,1,0,2402.5,3,35.0,35.39,25.21,24.43,25.4,26.2,0.5784,15.16,300.68,315.66,11.05,-14.97,-3.93,11.36,17.41,0.0,0.72,50.2,750.38,0.0,0.0,0.0,4.44,0.52,0.0028
2019-07-07 20:00:00,188,20.0,50,2531,1,0,2402.5,3,35.0,35.47,23.98,24.43,25.4,24.92,0.5785,14.42,300.68,315.66,10.51,-14.97,-4.47,11.36,17.43,0.0,0.72,50.2,750.38,0.0,0.0,0.0,4.44,0.0,0.0
2019-07-07 20:00:00,188,20.0,51,2531,1,0,2402.5,3,35.0,35.47,25.06,24.43,25.4,26.05,0.5785,15.07,300.68,315.66,10.98,-14.97,-3.99,11.36,17.43,0.0,0.72,50.2,750.38,0.0,0.0,0.0,4.44,0.45,0.0025
2019-07-07 20:00:00,188,20.0,52,2531,1,0,2402.5,3,35.0,35.47,24.9,24.43,25.4,25.88,0.5785,14.97,300.68,315.66,10.91,-14.97,-4.06,11.36,17.43,0.0,0.72,50.2,750.38,0.0,0.0,0.0,4.44,0.38,0.0021
2019-07-07 20:00:00,188,20.0,53,2507,1,0,2402.5,3,35.0,36.09,24.68,24.43,25.4,25.65,0.5791,14.85,300.68,315.66,10.8,-14.97,-4.18,11.36,17.59,0.0,0.72,50.2,750.38,0.0,0.0,0.0,4.44,0.27,0.0015
2019-07-07 20:00:00,188,20.0,54,2494,1,0,2402.5,3,35.0,36.43,25.15,24.43,25.4,26.14,0.5795,15.15,300.68,315.66,10.99,-14.97,-3.98,11.36,17.67,0.0,0.72,50.2,750.38,0.0,0.0,0.0,4.44,0.46,0.0025
2019-07-07 20:00:00,188,20.0,55,2531,1,0,2402.5,3,35.0,35.47,25.05,24.43,25.4,26.04,0.5785,15.06,300.68,315.66,10.97,-14.97,-4.0,11.36,17.43,0.0,0.72,50.2,750.38,0.0,0.0,0.0,4.44,0.44,0.0024
2019-07-07 20:00:00,188,20.0,56,2531,1,0,2402.5,3,35.0,35.47,24.9,24.43,25.4,25.89,0.5785,14.98,300.68,315.66,10.91,-14.97,-4.06,11.36,17.43,0.0,0.72,50.2,750.38,0.0,0.0,0.0,4.44,0.38,0.0021
2019-07-07 20:00:00,188,20.0,57,2507,1,0,2402.5,3,35.0,36.09,24.69,24.43,25.4,25.67,0.5791,14.86,300.68,315.66,10.8,-14.97,-4.17,11.36,17.59,0.0,0.72,50.2,750.38,0.0,0.0,0.0,4.44,0.27,0.0015
2019-07-07 20:00:00,188,20.0,58,2494,1,0,2402.5,3,35.0,36.43,25.0,24.43,25.4,25.99,0.5795,15.06,300.68,315.66,10.93,-14.97,-4.04,11.36,17.67,0.0,0.72,50.2,750.38,0.0,0.0,0.0,4.44,0.4,0.0022
2019-07-07 20:00:00,188,20.0,59,2506,1,0,2402.5,3,35.0,36.12,25.05,24.43,25.4,26.03,0.5791,15.08,300.68,315.66,10.96,-14.97,-4.02,11.36,17.6,0.0,0.72,50.2,750.38,0.0,0.0,0.0,4.44,0.43,0.0023
2019-07-07 20:00:00,188,20.0,60,2506,1,0,2402.5,3,35.0,36.12,24.92,24.43,25.4,25.91,0.5791,15.0,300.68,315.66,10.9,-14.97,-4.07,11.36,17.6,0.0,0.72,50.2,750.38,0.0,0.0,0.0,4.44,0.37,0.002
2019-07-07 20:00:00,188,20.0,61,2485,1,0,2402.5,3,35.0,36.66,24.57,24.43,25.4,25.54,0.5797,14.81,300.68,315.66,10.74,-14.97,-4.24,11.36,17.73,0.0,0.72,50.2,750.38,0.0,0.0,0.0,4.44,0.21,0.0011
2019-07-07 20:00:00,188,20.0,62,2469,1,0,2402.5,3,35.0,37.08,24.81,24.43,25.4,25.79,0.5801,14.96,300.68,315.66,10.83,-14.97,-4.14,11.36,17.84,0.0,0.72,50.2,750.38,0.0,0.0,0.0,4.44,0.3,0.0016
2019-07-07 20:00:00,188,20.0,63,2506,1,0,2402.5,3,35.0,36.12,23.45,24.43,25.4,24.38,0.5791,14.12,300.68,315.66,10.26,-14.97,-4.71,11.36,17.6,0.0,0.72,50.2,750.38,0.0,0.0,0.0,4.44,0.0,0.0
2019-07-07 20:00:00,188,20.0,64,2506,1,0,2402.5,3,35.0,36.12,25.14,24.43,25.4,26.14,0.5791,15.14,300.68,315.66,11.0,-14.97,-3.97,11.36,17.6,0.0,0.72,50.2,750.38,0.0,0.0,0.0,4.44,0.47,0.0026
2019-07-07 20:00:00,188,20.0,65,2506,1,0,2402.5,3,35.0,36.12,25.06,24.43,25.4,26.05,0.5791,15.09,300.68,315.66,10.96,-14.97,-4.01,11.36,17.6,0.0,0.72,50.2,750.38,0.0,0.0,0.0,4.44,0.43,0.0024
2019-07-07 20:00:00,188,20.0,66,2485,1,0,2402.5,3,35.0,36.66,24.66,24.43,25.4,25.64,0.5797,14.86,300.68,315.66,10.78,-14.97,-4.2,11.36,17.73,0.0,0.72,50.2,750.38,0.0,0.0,0.0,4.44,0.25,0.0013
2019-07-07 20:00:00,188,20.0,67,2455,1,0,2402.5,3,35.0,37.44,25.14,24.43,25.4,26.14,0.5804,15.17,300.68,315.66,10.97,-14.97,-4.01,11.36,17.93,0.0,0.72,50.2,750.38,0.0,0.0,0.0,4.44,0.44,0.0024
2019-07-07 20:00:00,188,20.0,68,2489,1,0,2402.5,3,35.0,36.56,23.15,24.43,25.4,24.07,0.5796,13.95,300.68,315.66,10.12,-14.97,-4.86,11.36,17.71,0.0,0.72,50.2,750.38,0.0,0.0,0.0,4.44,0.0,0.0
2019-07-07 20:00:00,188,20.0,69,2489,1,0,2402.5,3,35.0,36.56,25.1,24.43,25.4,26.09,0.5796,15.12,300.68,315.66,10.97,-14.97,-4.01,11.36,17.71,0.0,0.72,50.2,750.38,0.0,0.0,0.0,4.44,0.44,0.0024
2019-07-07 20:00:00,188,20.0,70,2489,1,0,2402.5,3,35.0,36.56,25.03,24.43,25.4,26.02,0.5796,15.08,300.68,315.66,10.94,-14.97,-4.04,11.36,17.71,0.0,0.72,50.2,750.38,0.0,0.0,0.0,4.44,0.41,0.0022
2019-07-07 20:00:00,188,20.0,71,2477,1,0,2402.5,3,35.0,36.87,24.7,24.43,25.4,25.67,0.5799,14.89,300.68,315.66,10.79,-14.97,-4.19,11.36,17.79,0.0,0.72,50.2,750.38,0.0,0.0,0.0,4.44,0.26,0.0014
2019-07-07 20:00:00,188,20.0,72,2455,1,0,2402.5,3,35.0,37.44,25.17,24.43,25.4,26.16,0.5804,15.19,300.68,315.66,10.98,-14.97,-4.0,11.36,17.93,0.0,0.72,50.2,750.38,0.0,0.0,0.0,4.44,0.45,0.0024
2019-07-07 20:00:00,188,20.0,73,2485,1,0,2402.5,3,35.0,36.66,22.77,24.43,25.4,23.67,0.5797,13.72,300.68,315.66,9.95,-14.97,-5.02,11.36,17.73,0.0,0.72,50.2,750.38,0.0,0.0,0.0,4.44,0.0,0.0
2019-07-07 20:00:00,188,20.0,74,2485,1,0,2402.5,3,35.0,36.66,25.19,24.43,25.4,26.18,0.5797,15.18,300.68,315.66,11.01,-14.97,-3.97,11.36,17.73,0.0,0.72,50.2,750.38,0.0,0.0,0.0,4.44,0.48,0.0026
2019-07-07 20:00:00,188,20.0,75,2485,1,0,2402.5,3,35.0,36.66,25.04,24.43,25.4,26.03,0.5797,15.09,300.68,315.66,10.94,-14.97,-4.03,11.36,17.73,0.0,0.72,50.2,750.38,0.0,0.0,0.0,4.44,0.41,0.0022
2019-07-07 20:00:00,188,20.0,76,2466,1,0,2402.5,3,35.0,37.16,24.46,24.43,25.4,25.43,0.5802,14.75,300.68,315.66,10.68,-14.97,-4.3,11.36,17.86,0.0,0.72,50.2,750.38,0.0,0.0,0.0,4.44,0.15,0.0008
2019-07-07 20:00:00,188,20.0,77,2445,1,0,2402.5,3,35.0,37.7,24.8,24.43,25.4,25.77,0.5807,14.97,300.68,315.66,10.81,-14.97,-4.17,11.36,17.99,0.0,0.72,50.2,750.38,0.0,0.0,0.0,4.44,0.28,0.0015
2019-07-07 20:00:00,188,20.0,78,2478,1,0,2402.5,3,35.0,36.85,25.19,24.43,25.4,26.18,0.5799,15.18,300.68,315.66,11.0,-14.97,-3.97,11.36,17.78,0.0,0.72,50.2,750.38,0.0,0.0,0.0,4.44,0.47,0.0026
2019-07-07 20:00:00,188,20.0,79,2478,1,0,2402.5,3,35.0,36.85,24.91,24.43,25.4,25.9,0.5799,15.02,300.68,315.66,10.88,-14.97,-4.09,11.36,17.78,0.0,0.72,50.2,750.38,0.0,0.0,0.0,4.44,0.35,0.0019
2019-07-07 20:00:00,188,20.0,80,2449,1,0,2402.5,3,35.0,37.6,24.0,24.43,25.4,24.94,0.5806,14.48,300.68,315.66,10.46,-14.97,-4.51,11.36,17.97,0.0,0.72,50.2,750.38,0.0,0.0,0.0,4.44,0.0,0.0
2019-07-07 20:00:00,188,20.0,81,2412,1,0,2402.5,3,35.0,38.56,24.64,24.43,25.4,25.61,0.5815,14.9,300.68,315.66,10.72,-14.97,-4.26,11.36,18.21,0.0,0.72,50.2,750.38,0.0,0.0,0.0,4.44,0.19,0.001
2019-07-07 20:00:00,188,20.0,82,2443,1,0,2402.5,3,35.0,37.76,23.68,24.43,25.4,24.61,0.5807,14.29,300.68,315.66,10.32,-14.97,-4.65,11.36,18.01,0.0,0.72,50.2,750.38,0.0,0.0,0.0,4.44,0.0,0.0
2019-07-07 20:00:00,188,20.0,83,2474,1,0,2402.5,3,35.0,36.95,25.22,24.43,25.4,26.22,0.58,15.21,300.68,315.66,11.01,-14.97,-3.96,11.36,17.8,0.0,0.72,50.2,750.38,0.0,0.0,0.0,4.44,0.48,0.0026
2019-07-07 20:00:00,188,20.0,84,2474,1,0,2402.5,3,35.0,36.95,24.79,24.43,25.4,25.77,0.58,14.95,300.68,315.66,10.82,-14.97,-4.15,11.36,17.8,0.0,0.72,50.2,750.38,0.0,0.0,0.0,4.44,0.3,0.0016
2019-07-07 20:00:00,188,20.0,85,2436,1,0,2402.5,3,35.0,37.94,23.57,24.43,25.4,24.5,0.5809,14.23,300.68,315.66,10.27,-14.97,-4.7,11.36,18.05,0.0,0.72,50.2,750.38,0.0,0.0,0.0,4.44,0.0,0.0
2019-07-07 20:00:00,188,20.0,86,2397,0,0,2402.5,3,35.0,38.95,24.63,24.43,25.4,25.6,0.2445,6.26,300.68,315.66,19.34,-14.97,4.37,11.36,18.3,0.0,0.72,50.2,750.38,0.0,0.0,0.0,24.44,28.81,0.1548
2019-07-07 20:00:00,188,20.0,87,2415,1,0,2402.5,3,35.0,38.48,24.26,24.43,25.4,25.22,0.5815,14.67,300.68,315.66,10.56,-14.97,-4.42,11.36,18.19,0.0,0.72,50.2,750.38,0.0,0.0,0.0,4.44,0.03,0.0001
2019-07-07 20:00:00,188,20.0,88,2476,1,0,2402.5,3,35.0,36.9,24.44,24.43,25.4,25.41,0.5799,14.73,300.68,315.66,10.67,-14.97,-4.3,11.36,17.79,0.0,0.72,50.2,750.38,0.0,0.0,0.0,4.44,0.14,0.0008
2019-07-07 20:00:00,188,20.0,89,2428,1,0,2402.5,3,35.0,38.15,22.96,24.43,25.4,23.87,0.5811,13.87,300.68,315.66,10.0,-14.97,-4.98,11.36,18.1,0.0,0.72,50.2,750.38,0.0,0.0,0.0,4.44,0.0,0.0
2019-07-07 20:00:00,188,20.0,90,2377,0,0,2402.5,3,35.0,39.47,24.39,24.43,25.4,25.35,0.245,6.21,300.68,315.66,19.14,-14.97,4.17,11.36,18.43,0.0,0.72,50.2,750.38,0.0,0.0,0.0,24.44,28.61,0.1537
2019-07-07 20:00:00,188,20.0,91,2378,0,0,2402.5,3,35.0,39.45,24.55,24.43,25.4,25.52,0.2449,6.25,300.68,315.66,19.27,-14.97,4.3,11.36,18.43,0.0,0.72,50.2,750.38,0.0,0.0,0.0,24.44,28.74,0.1544
2019-07-07 20:00:00,188,20.0,92,2496,1,0,2402.5,3,35.0,36.38,23.02,24.43,25.4,23.93,0.5794,13.87,300.68,315.66,10.07,-14.97,-4.91,11.36,17.66,0.0,0.72,50.2,750.38,0.0,0.0,0.0,4.44,0.0,0.0
2019-07-07 20:00:00,188,20.0,93,2423,1,0,2402.5,3,35.0,38.28,21.65,24.43,25.4,22.51,0.5813,13.08,300.68,315.66,9.43,-14.97,-5.55,11.36,18.14,0.0,0.72,50.2,750.38,0.0,0.0,0.0,4.44,0.0,0.0
2019-07-07 20:00:00,188,20.0,95,2372,0,0,2402.5,3,35.0,39.6,23.93,24.43,25.4,24.88,0.2451,6.1,300.68,315.66,18.78,-14.97,3.81,11.36,18.47,0.0,0.72,50.2,750.38,0.0,0.0,0.0,24.44,28.25,0.1518
2019-07-07 20:00:00,188,20.0,97,2358,0,0,2402.5,3,35.0,39.97,25.01,24.43,25.4,26.0,0.2454,6.38,300.68,315.66,19.62,-14.97,4.64,11.36,18.56,0.0,0.72,50.2,750.38,0.0,0.0,0.0,24.44,29.09,0.1563
2019-07-07 20:00:00,188,20.0,98,2554,1,0,2402.5,3,35.0,34.87,22.34,24.43,25.4,23.22,0.5779,13.42,300.68,315.66,9.8,-14.97,-5.17,11.36,17.28,0.0,0.72,50.2,750.38,0.0,0.0,0.0,4.44,0.0,0.0
2019-07-07 20:00:00,188,20.0,99,2451,1,0,2402.5,3,35.0,37.55,20.11,24.43,25.4,20.9,0.5805,12.14,300.68,315.66,8.77,-14.97,-6.21,11.36,17.95,0.0,0.72,50.2,750.38,0.0,0.0,0.0,4.44,0.0,0.0
2019-07-07 20:00:00,188,20.0,100,2361,0,0,2402.5,3,35.0,39.89,22.94,24.43,25.4,23.85,0.2454,5.85,300.68,315.66,18.0,-14.97,3.02,11.36,18.54,0.0,0.72,50.2,750.38,0.0,0.0,0.0,24.44,27.47,0.1476
2019-07-07 20:30:00,188,20.5,94,2563,1,0,2402.5,3,35.0,34.64,12.91,13.84,7.3,6.81,0.5777,3.93,312.19,315.66,2.87,-3.46,-0.59,11.36,17.23,0.0,0.57,50.44,750.33,0.0,0.0,0.0,4.44,3.85,0.021
2019-07-07 20:30:00,188,20.5,96,2549,1,0,2402.5,3,35.0,35.0,13.84,13.84,7.3,7.3,0.5781,4.22,312.19,315.66,3.08,-3.46,-0.38,11.36,17.32,0.0,0.57,50.44,750.33,0.0,0.0,0.0,4.44,4.06,0.0221
2019-07-07 20:30:00,188,20.5,1,2612,1,0,2402.5,3,35.0,33.36,13.18,13.84,7.3,6.95,0.5765,4.01,312.19,315.66,2.94,-3.46,-0.52,11.36,16.91,0.0,0.57,50.44,750.33,0.0,0.0,0.0,4.44,3.92,0.0214
2019-07-07 20:30:00,188,20.5,2,2612,1,0,2402.5,3,35.0,33.36,13.29,13.84,7.3,7.01,0.5765,4.04,312.19,315.66,2.97,-3.46,-0.5,11.36,16.91,0.0,0.57,50.44,750.33,0.0,0.0,0.0,4.44,3.95,0.0215
2019-07-07 20:30:00,188,20.5,3,2610,1,0,2402.5,3,35.0,33.41,13.25,13.84,7.3,6.99,0.5765,4.03,312.19,315.66,2.96,-3.46,-0.51,11.36,16.92,0.0,0.57,50.44,750.33,0.0,0.0,0.0,4.44,3.94,0.0215
2019-07-07 20:30:00,188,20.5,4,2583,1,0,2402.5,3,35.0,34.12,13.61,13.84,7.3,7.18,0.5772,4.14,312.19,315.66,3.03,-3.46,-0.43,11.36,17.1,0.0,0.57,50.44,750.33,0.0,0.0,0.0,4.44,4.01,0.0219
2019-07-07 20:30:00,188,20.5,5,2583,1,0,2402.5,3,35.0,34.12,13.63,13.84,7.3,7.19,0.5772,4.15,312.19,315.66,3.04,-3.46,-0.43,11.36,17.1,0.0,0.57,50.44,750.33,0.0,0.0,0.0,4.44,4.02,0.0219
2019-07-07 20:30:00,188,20.5,6,2546,1,0,2402.5,3,35.0,35.08,13.7,13.84,7.3,7.23,0.5781,4.18,312.19,315.66,3.05,-3.46,-0.42,11.36,17.34,0.0,0.57,50.44,750.33,0.0,0.0,0.0,4.44,4.03,0.022
2019-07-07 20:30:00,188,20.5,7,2546,1,0,2402.5,3,35.0,35.08,13.8,13.84,7.3,7.27,0.5781,4.21,312.19,315.66,3.07,-3.46,-0.4,11.36,17.34,0.0,0.57,50.44,750.33,0.0,0.0,0.0,4.44,4.05,0.0221
2019-07-07 20:30:00,188,20.5,8,2639,1,0,2402.5,3,35.0,32.66,96.8,13.84,7.3,51.04,0.5758,29.39,312.19,315.66,21.65,-3.46,18.19,11.36,16.73,0.0,0.57,50.44,750.33,0.0,0.0,0.0,4.44,22.63,0.1235
2019-07-07 20:30:00,188,20.5,9,2610,1,0,2402.5,3,35.0,33.41,13.02,13.84,7.3,6.86,0.5765,3.96,312.19,315.66,2.91,-3.46,-0.56,11.36,16.92,0.0,0.57,50.44,750.33,0.0,0.0,0.0,4.44,3.89,0.0212
2019-07-07 20:30:00,188,20.5,10,2579,1,0,2402.5,3,35.0,34.22,13.49,13.84,7.3,7.11,0.5773,4.11,312.19,315.66,3.01,-3.46,-0.46,11.36,17.12,0.0,0.57,50.44,750.33,0.0,0.0,0.0,4.44,3.99,0.0217
2019-07-07 20:30:00,188,20.5,11,2579,1,0,2402.5,3,35.0,34.22,13.54,13.84,7.3,7.14,0.5773,4.12,312.19,315.66,3.02,-3.46,-0.45,11.36,17.12,0.0,0.57,50.44,750.33,0.0,0.0,0.0,4.44,4.0,0.0218
2019-07-07 20:30:00,188,20.5,12,2546,1,0,2402.5,3,35.0,35.08,13.21,13.84,7.3,6.97,0.5781,4.03,312.19,315.66,2.94,-3.46,-0.53,11.36,17.34,0.0,0.57,50.44,750.33,0.0,0.0,0.0,4.44,3.92,0.0214
2019-07-07 20:30:00,188,20.5,13,2530,1,0,2402.5,3,35.0,35.49,13.32,13.84,7.3,7.02,0.5785,4.06,312.19,315.66,2.96,-3.46,-0.5,11.36,17.44,0.0,0.57,50.44,750.33,0.0,0.0,0.0,4.44,3.94,0.0215
2019-07-07 20:30:00,188,20.5,14,2530,1,0,2402.5,3,35.0,35.49,13.31,13.84,7.3,7.02,0.5785,4.06,312.19,315.66,2.96,-3.46,-0.51,11.36,17.44,0.0,0.57,50.44,750.33,0.0,0.0,0.0,4.44,3.94,0.0215
2019-07-07 20:30:00,188,20.5,15,2494,1,0,2402.5,3,35.0,36.43,13.42,13.84,7.3,7.08,0.5795,4.1,312.19,315.66,2.98,-3.46,-0.49,11.36,17.67,0.0,0.57,50.44,750.33,0.0,0.0,0.0,4.44,3.96,0.0216
2019-07-07 20:30:00,188,20.5,16,2494,1,0,2402.5,3,35.0,36.43,13.46,13.84,7.3,7.1,0.5795,4.11,312.19,315.66,2.98,-3.46,-0.48,11.36,17.67,0.0,0.57,50.44,750.33,0.0,0.0,0.0,4.44,3.96,0.0216
2019-07-07 20:30:00,188,20.5,17,2462,1,0,2402.5,3,35.0,37.26,13.49,13.84,7.3,7.12,0.5803,4.13,312.19,315.66,2.99,-3.46,-0.48,11.36,17.88,0.0,0.57,50.44,750.33,0.0,0.0,0.0,4.44,3.97,0.0216
2019-07-07 20:30:00,188,20.5,18,2630,1,0,2402.5,3,35.0,32.89,13.56,13.84,7.3,7.15,0.576,4.12,312.19,315.66,3.03,-3.46,-0.43,11.36,16.79,0.0,0.57,50.44,750.33,0.0,0.0,0.0,4.44,4.01,0.0219
2019-07-07 20:30:00,188,20.5,19,2630,1,0,2402.5,3,35.0,32.89,13.35,13.84,7.3,7.04,0.576,4.05,312.19,315.66,2.98,-3.46,-0.48,11.36,16.79,0.0,0.57,50.44,750.33,0.0,0.0,0.0,4.44,3.96,0.0216
2019-07-07 20:30:00,188,20.5,20,2604,1,0,2402.5,3,35.0,33.57,12.88,13.84,7.3,6.79,0.5767,3.92,312.19,315.66,2.87,-3.46,-0.59,11.36,16.96,0.0,0.57,50.44,750.33,0.0,0.0,0.0,4.44,3.85,0.021
2019-07-07 20:30:00,188,20.5,21,2563,1,0,2402.5,3,35.0,34.64,12.91,13.84,7.3,6.81,0.5777,3.93,312.19,315.66,2.87,-3.46,-0.59,11.36,17.23,0.0,0.57,50.44,750.33,0.0,0.0,0.0,4.44,3.85,0.021
2019-07-07 20:30:00,188,20.5,22,2556,1,0,2402.5,3,35.0,34.82,13.41,13.84,7.3,7.07,0.5779,4.09,312.19,315.66,2.98,-3.46,-0.48,11.36,17.27,0.0,0.57,50.44,750.33,0.0,0.0,0.0,4.44,3.96,0.0216
2019-07-07 20:30:00,188,20.5,23,2549,1,0,2402.5,3,35.0,35.0,13.84,13.84,7.3,7.3,0.5781,4.22,312.19,315.66,3.08,-3.46,-0.38,11.36,17.32,0.0,0.57,50.44,750.33,0.0,0.0,0.0,4.44,4.06,0.0221
2019-07-07 20:30:00,188,20.5,24,2549,1,0,2402.5,3,35.0,35.0,13.93,13.84,7.3,7.34,0.5781,4.24,312.19,315.66,3.1,-3.46,-0.37,11.36,17.32,0.0,0.57,50.44,750.33,0.0,0.0,0.0,4.44,4.08,0.0222
2019-07-07 20:30:00,188,20.5,25,2524,1,0,2402.5,3,35.0,35.65,13.75,13.84,7.3,7.25,0.5787,4.19,312.19,315.66,3.05,-3.46,-0.41,11.36,17.48,0.0,0.57,50.44,750.33,0.0,0.0,0.0,4.44,4.03,0.022
2019-07-07 20:30:00,188,20.5,26,2502,1,0,2402.5,3,35.0,36.22,13.97,13.84,7.3,7.37,0.5792,4.27,312.19,315.66,3.1,-3.46,-0.37,11.36,17.62,0.0,0.57,50.44,750.33,0.0,0.0,0.0,4.44,4.08,0.0222
2019-07-07 20:30:00,188,20.5,27,2502,1,0,2402.5,3,35.0,36.22,13.93,13.84,7.3,7.35,0.5792,4.26,312.19,315.66,3.09,-3.46,-0.37,11.36,17.62,0.0,0.57,50.44,750.33,0.0,0.0,0.0,4.44,4.07,0.0222
2019-07-07 20:30:00,188,20.5,28,2477,1,0,2402.5,3,35.0,36.87,14.0,13.84,7.3,7.38,0.5799,4.28,312.19,315.66,3.1,-3.46,-0.36,11.36,17.79,0.0,0.57,50.44,750.33,0.0,0.0,0.0,4.44,4.08,0.0223
2019-07-07 20:30:00,188,20.5,29,2477,1,0,2402.5,3,35.0,36.87,14.03,13.84,7.3,7.4,0.5799,4.29,312.19,315.66,3.11,-3.46,-0.36,11.36,17.79,0.0,0.57,50.44,750.33,0.0,0.0,0.0,4.44,4.09,0.0223
2019-07-07 20:30:00,188,20.5,30,2440,1,0,2402.5,3,35.0,37.83,14.15,13.84,7.3,7.46,0.5808,4.33,312.19,315.66,3.13,-3.46,-0.34,11.36,18.03,0.0,0.57,50.44,750.33,0.0,0.0,0.0,4.44,4.11,0.0224
2019-07-07 20:30:00,188,20.5,31,2620,1,0,2402.5,3,35.0,33.15,11.48,13.84,7.3,6.06,0.5763,3.49,312.19,315.66,2.57,-3.46,-0.9,11.36,16.86,0.0,0.57,50.44,750.33,0.0,0.0,0.0,4.44,3.55,0.0193
2019-07-07 20:30:00,188,20.5,32,2576,1,0,2402.5,3,35.0,34.3,13.35,13.84,7.3,7.04,0.5774,4.06,312.19,315.66,2.97,-3.46,-0.49,11.36,17.14,0.0,0.57,50.44,750.33,0.0,0.0,0.0,4.44,3.95,0.0216
2019-07-07 20:30:00,188,20.5,33,2576,1,0,2402.5,3,35.0,34.3,13.49,13.84,7.3,7.12,0.5774,4.11,312.19,315.66,3.01,-3.46,-0.46,11.36,17.14,0.0,0.57,50.44,750.33,0.0,0.0,0.0,4.44,3.99,0.0217
2019-07-07 20:30:00,188,20.5,34,2576,1,0,2402.5,3,35.0,34.3,13.44,13.84,7.3,7.09,0.5774,4.09,312.19,315.66,2.99,-3.46,-0.47,11.36,17.14,0.0,0.57,50.44,750.33,0.0,0.0,0.0,4.44,3.97,0.0217
2019-07-07 20:30:00,188,20.5,35,2556,1,0,2402.5,3,35.0,34.82,13.31,13.84,7.3,7.02,0.5779,4.06,312.19,315.66,2.96,-3.46,-0.5,11.36,17.27,0.0,0.57,50.44,750.33,0.0,0.0,0.0,4.44,3.94,0.0215
2019-07-07 20:30:00,188,20.5,36,2533,1,0,2402.5,3,35.0,35.42,13.76,13.84,7.3,7.26,0.5785,4.2,312.19,315.66,3.06,-3.46,-0.41,11.36,17.42,0.0,0.57,50.44,750.33,0.0,0.0,0.0,4.44,4.04,0.022
2019-07-07 20:30:00,188,20.5,37,2532,1,0,2402.5,3,35.0,35.44,14.11,13.84,7.3,7.44,0.5785,4.3,312.19,315.66,3.14,-3.46,-0.33,11.36,17.43,0.0,0.57,50.44,750.33,0.0,0.0,0.0,4.44,4.12,0.0224
2019-07-07 20:30:00,188,20.5,38,2534,1,0,2402.5,3,35.0,35.39,14.23,13.84,7.3,7.5,0.5784,4.34,312.19,315.66,3.16,-3.46,-0.3,11.36,17.41,0.0,0.57,50.44,750.33,0.0,0.0,0.0,4.44,4.14,0.0226
2019-07-07 20:30:00,188,20.5,39,2534,1,0,2402.5,3,35.0,35.39,14.24,13.84,7.3,7.51,0.5784,4.34,312.19,315.66,3.16,-3.46,-0.3,11.36,17.41,0.0,0.57,50.44,750.33,0.0,0.0,0.0,4.44,4.14,0.0226
2019-07-07 20:30:00,188,20.5,40,2515,1,0,2402.5,3,35.0,35.88,14.0,13.84,7.3,7.38,0.5789,4.27,312.19,315.66,3.11,-3.46,-0.36,11.36,17.54,0.0,0.57,50.44,750.33,0.0,0.0,0.0,4.44,4.09,0.0223
2019-07-07 20:30:00,188,20.5,41,2487,1,0,2402.5,3,35.0,36.61,14.17,13.84,7.3,7.47,0.5796,4.33,312.19,315.66,3.14,-3.46,-0.32,11.36,17.72,0.0,0.57,50.44,750.33,0.0,0.0,0.0,4.44,4.12,0.0225
2019-07-07 20:30:00,188,20.5,42,2487,1,0,2402.5,3,35.0,36.61,14.17,13.84,7.3,7.47,0.5796,4.33,312.19,315.66,3.14,-3.46,-0.32,11.36,17.72,0.0,0.57,50.44,750.33,0.0,0.0,0.0,4.44,4.12,0.0225
2019-07-07 20:30:00,188,20.5,43,2464,1,0,2402.5,3,35.0,37.21,14.15,13.84,7.3,7.46,0.5802,4.33,312.19,315.66,3.13,-3.46,-0.33,11.36,17.87,0.0,0.57,50.44,750.33,0.0,0.0,0.0,4.44,4.11,0.0224
2019-07-07 20:30:00,188,20.5,44,2555,1,0,2402.5,3,35.0,34.84,13.62,13.84,7.3,7.18,0.5779,4.15,312.19,315.66,3.03,-3.46,-0.43,11.36,17.28,0.0,0.57,50.44,750.33,0.0,0.0,0.0,4.44,4.01,0.0219
2019-07-07 20:30:00,188,20.5,45,2555,1,0,2402.5,3,35.0,34.84,13.97,13.84,7.3,7.37,0.5779,4.26,312.19,315.66,3.11,-3.46,-0.35,11.36,17.28,0.0,0.57,50.44,750.33,0.0,0.0,0.0,4.44,4.09,0.0223
2019-07-07 20:30:00,188,20.5,46,2555,1,0,2402.5,3,35.0,34.84,13.88,13.84,7.3,7.32,0.5779,4.23,312.19,315.66,3.09,-3.46,-0.38,11.36,17.28,0.0,0.57,50.44,750.33,0.0,0.0,0.0,4.44,4.07,0.0222
2019-07-07 20:30:00,188,20.5,47,2530,1,0,2402.5,3,35.0,35.49,13.71,13.84,7.3,7.23,0.5785,4.18,312.19,315.66,3.05,-3.46,-0.42,11.36,17.44,0.0,0.57,50.44,750.33,0.0,0.0,0.0,4.44,4.03,0.022
2019-07-07 20:30:00,188,20.5,48,2510,1,0,2402.5,3,35.0,36.01,14.1,13.84,7.3,7.44,0.579,4.31,312.19,315.66,3.13,-3.46,-0.33,11.36,17.57,0.0,0.57,50.44,750.33,0.0,0.0,0.0,4.44,4.11,0.0224
2019-07-07 20:30:00,188,20.5,49,2534,1,0,2402.5,3,35.0,35.39,14.28,13.84,7.3,7.53,0.5784,4.36,312.19,315.66,3.17,-3.46,-0.29,11.36,17.41,0.0,0.57,50.44,750.33,0.0,0.0,0.0,4.44,4.15,0.0227
2019-07-07 20:30:00,188,20.5,50,2531,1,0,2402.5,3,35.0,35.47,13.58,13.84,7.3,7.16,0.5785,4.14,312.19,315.66,3.02,-3.46,-0.45,11.36,17.43,0.0,0.57,50.44,750.33,0.0,0.0,0.0,4.44,4.0,0.0218
2019-07-07 20:30:00,188,20.5,51,2531,1,0,2402.5,3,35.0,35.47,14.2,13.84,7.3,7.49,0.5785,4.33,312.19,315.66,3.16,-3.46,-0.31,11.36,17.43,0.0,0.57,50.44,750.33,0.0,0.0,0.0,4.44,4.13,0.0226
2019-07-07 20:30:00,188,20.5,52,2531,1,0,2402.5,3,35.0,35.47,14.1,13.84,7.3,7.44,0.5785,4.3,312.19,315.66,3.13,-3.46,-0.33,11.36,17.43,0.0,0.57,50.44,750.33,0.0,0.0,0.0,4.44,4.11,0.0224
2019-07-07 20:30:00,188,20.5,53,2507,1,0,2402.5,3,35.0,36.09,13.98,13.84,7.3,7.37,0.5791,4.27,312.19,315.66,3.1,-3.46,-0.36,11.36,17.59,0.0,0.57,50.44,750.33,0.0,0.0,0.0,4.44,4.08,0.0223
2019-07-07 20:30:00,188,20.5,54,2494,1,0,2402.5,3,35.0,36.43,14.24,13.84,7.3,7.51,0.5795,4.35,312.19,315.66,3.16,-3.46,-0.31,11.36,17.67,0.0,0.57,50.44,750.33,0.0,0.0,0.0,4.44,4.14,0.0226
2019-07-07 20:30:00,188,20.5,55,2531,1,0,2402.5,3,35.0,35.47,14.19,13.84,7.3,7.48,0.5785,4.33,312.19,315.66,3.15,-3.46,-0.31,11.36,17.43,0.0,0.57,50.44,750.33,0.0,0.0,0.0,4.44,4.13,0.0225
2019-07-07 20:30:00,188,20.5,56,2531,1,0,2402.5,3,35.0,35.47,14.1,13.84,7.3,7.44,0.5785,4.3,312.19,315.66,3.14,-3.46,-0.33,11.36,17.43,0.0,0.57,50.44,750.33,0.0,0.0,0.0,4.44,4.11,0.0224
2019-07-07 20:30:00,188,20.5,57,2507,1,0,2402.5,3,35.0,36.09,13.98,13.84,7.3,7.37,0.5791,4.27,312.19,315.66,3.1,-3.46,-0.36,11.36,17.59,0.0,0.57,50.44,750.33,0.0,0.0,0.0,4.44,4.08,0.0223
2019-07-07 20:30:00,188,20.5,58,2494,1,0,2402.5,3,35.0,36.43,14.16,13.84,7.3,7.47,0.5795,4.33,312.19,315.66,3.14,-3.46,-0.32,11.36,17.67,0.0,0.57,50.44,750.33,0.0,0.0,0.0,4.44,4.12,0.0225
2019-07-07 20:30:00,188,20.5,59,2506,1,0,2402.5,3,35.0,36.12,14.18,13.84,7.3,7.48,0.5791,4.33,312.19,315.66,3.15,-3.46,-0.32,11.36,17.6,0.0,0.57,50.44,750.33,0.0,0.0,0.0,4.44,4.13,0.0225
2019-07-07 20:30:00,188,20.5,60,2506,1,0,2402.5,3,35.0,36.12,14.11,13.84,7.3,7.44,0.5791,4.31,312.19,315.66,3.13,-3.46,-0.33,11.36,17.6,0.0,0.57,50.44,750.33,0.0,0.0,0.0,4.44,4.11,0.0224
2019-07-07 20:30:00,188,20.5,61,2485,1,0,2402.5,3,35.0,36.66,13.92,13.84,7.3,7.34,0.5797,4.25,312.19,315.66,3.08,-3.46,-0.38,11.36,17.73,0.0,0.57,50.44,750.33,0.0,0.0,0.0,4.44,4.06,0.0222
2019-07-07 20:30:00,188,20.5,62,2469,1,0,2402.5,3,35.0,37.08,14.05,13.84,7.3,7.41,0.5801,4.3,312.19,315.66,3.11,-3.46,-0.35,11.36,17.84,0.0,0.57,50.44,750.33,0.0,0.0,0.0,4.44,4.09,0.0223
2019-07-07 20:30:00,188,20.5,63,2506,1,0,2402.5,3,35.0,36.12,13.28,13.84,7.3,7.0,0.5791,4.06,312.19,315.66,2.95,-3.46,-0.52,11.36,17.6,0.0,0.57,50.44,750.33,0.0,0.0,0.0,4.44,3.93,0.0214
2019-07-07 20:30:00,188,20.5,64,2506,1,0,2402.5,3,35.0,36.12,14.24,13.84,7.3,7.51,0.5791,4.35,312.19,315.66,3.16,-3.46,-0.31,11.36,17.6,0.0,0.57,50.44,750.33,0.0,0.0,0.0,4.44,4.14,0.0226
2019-07-07 20:30:00,188,20.5,65,2506,1,0,2402.5,3,35.0,36.12,14.19,13.84,7.3,7.48,0.5791,4.33,312.19,315.66,3.15,-3.46,-0.32,11.36,17.6,0.0,0.57,50.44,750.33,0.0,0.0,0.0,4.44,4.13,0.0225
2019-07-07 20:30:00,188,20.5,66,2485,1,0,2402.5,3,35.0,36.66,13.97,13.84,7.3,7.37,0.5797,4.27,312.19,315.66,3.1,-3.46,-0.37,11.36,17.73,0.0,0.57,50.44,750.33,0.0,0.0,0.0,4.44,4.08,0.0222
2019-07-07 20:30:00,188,20.5,67,2455,1,0,2402.5,3,35.0,37.44,14.24,13.84,7.3,7.51,0.5804,4.36,312.19,315.66,3.15,-3.46,-0.31,11.36,17.93,0.0,0.57,50.44,750.33,0.0,0.0,0.0,4.44,4.13,0.0225
2019-07-07 20:30:00,188,20.5,68,2489,1,0,2402.5,3,35.0,36.56,13.11,13.84,7.3,6.91,0.5796,4.01,312.19,315.66,2.91,-3.46,-0.56,11.36,17.71,0.0,0.57,50.44,750.33,0.0,0.0,0.0,4.44,3.89,0.0212
2019-07-07 20:30:00,188,20.5,69,2489,1,0,2402.5,3,35.0,36.56,14.21,13.84,7.3,7.49,0.5796,4.34,312.19,315.66,3.15,-3.46,-0.31,11.36,17.71,0.0,0.57,50.44,750.33,0.0,0.0,0.0,4.44,4.13,0.0225
2019-07-07 20:30:00,188,20.5,70,2489,1,0,2402.5,3,35.0,36.56,14.17,13.84,7.3,7.47,0.5796,4.33,312.19,315.66,3.14,-3.46,-0.32,11.36,17.71,0.0,0.57,50.44,750.33,0.0,0.0,0.0,4.44,4.12,0.0225
2019-07-07 20:30:00,188,20.5,71,2477,1,0,2402.5,3,35.0,36.87,13.98,13.84,7.3,7.37,0.5799,4.28,312.19,315.66,3.1,-3.46,-0.37,11.36,17.79,0.0,0.57,50.44,750.33,0.0,0.0,0.0,4.44,4.08,0.0222
2019-07-07 20:30:00,188,20.5,72,2455,1,0,2402.5,3,35.0,37.44,14.25,13.84,7.3,7.51,0.5804,4.36,312.19,315.66,3.15,-3.46,-0.31,11.36,17.93,0.0,0.57,50.44,750.33,0.0,0.0,0.0,4.44,4.13,0.0225
2019-07-07 20:30:00,188,20.5,73,2485,1,0,2402.5,3,35.0,36.66,12.89,13.84,7.3,6.8,0.5797,3.94,312.19,315.66,2.86,-3.46,-0.61,11.36,17.73,0.0,0.57,50.44,750.33,0.0,0.0,0.0,4.44,3.84,0.0209
2019-07-07 20:30:00,188,20.5,74,2485,1,0,2402.5,3,35.0,36.66,14.26,13.84,7.3,7.52,0.5797,4.36,312.19,315.66,3.16,-3.46,-0.3,11.36,17.73,0.0,0.57,50.44,750.33,0.0,0.0,0.0,4.44,4.14,0.0226
2019-07-07 20:30:00,188,20.5,75,2485,1,0,2402.5,3,35.0,36.66,14.18,13.84,7.3,7.48,0.5797,4.33,312.19,315.66,3.14,-3.46,-0.32,11.36,17.73,0.0,0.57,50.44,750.33,0.0,0.0,0.0,4.44,4.12,0.0225
2019-07-07 20:30:00,188,20.5,76,2466,1,0,2402.5,3,35.0,37.16,13.85,13.84,7.3,7.3,0.5802,4.24,312.19,315.66,3.07,-3.46,-0.4,11.36,17.86,0.0,0.57,50.44,750.33,0.0,0.0,0.0,4.44,4.05,0.0221
2019-07-07 20:30:00,188,20.5,77,2445,1,0,2402.5,3,35.0,37.7,14.04,13.84,7.3,7.4,0.5807,4.3,312.19,315.66,3.1,-3.46,-0.36,11.36,17.99,0.0,0.57,50.44,750.33,0.0,0.0,0.0,4.44,4.08,0.0223
2019-07-07 20:30:00,188,20.5,78,2478,1,0,2402.5,3,35.0,36.85,14.26,13.84,7.3,7.52,0.5799,4.36,312.19,315.66,3.16,-3.46,-0.31,11.36,17.78,0.0,0.57,50.44,750.33,0.0,0.0,0.0,4.44,4.14,0.0226
2019-07-07 20:30:00,188,20.5,79,2478,1,0,2402.5,3,35.0,36.85,14.1,13.84,7.3,7.44,0.5799,4.31,312.19,315.66,3.12,-3.46,-0.34,11.36,17.78,0.0,0.57,50.44,750.33,0.0,0.0,0.0,4.44,4.1,0.0224
2019-07-07 20:30:00,188,20.5,80,2449,1,0,2402.5,3,35.0,37.6,13.59,13.84,7.3,7.16,0.5806,4.16,312.19,315.66,3.0,-3.46,-0.46,11.36,17.97,0.0,0.57,50.44,750.33,0.0,0.0,0.0,4.44,3.98,0.0217
2019-07-07 20:30:00,188,20.5,81,2412,1,0,2402.5,3,35.0,38.56,13.95,13.84,7.3,7.36,0.5815,4.28,312.19,315.66,3.08,-3.46,-0.39,11.36,18.21,0.0,0.57,50.44,750.33,0.0,0.0,0.0,4.44,4.06,0.0221
2019-07-07 20:30:00,188,20.5,82,2443,1,0,2402.5,3,35.0,37.76,13.41,13.84,7.3,7.07,0.5807,4.11,312.19,315.66,2.96,-3.46,-0.5,11.36,18.01,0.0,0.57,50.44,750.33,0.0,0.0,0.0,4.44,3.94,0.0215
2019-07-07 20:30:00,188,20.5,83,2474,1,0,2402.5,3,35.0,36.95,14.28,13.84,7.3,7.53,0.58,4.37,312.19,315.66,3.16,-3.46,-0.3,11.36,17.8,0.0,0.57,50.44,750.33,0.0,0.0,0.0,4.44,4.14,0.0226
2019-07-07 20:30:00,188,20.5,84,2474,1,0,2402.5,3,35.0,36.95,14.03,13.84,7.3,7.4,0.58,4.29,312.19,315.66,3.11,-3.46,-0.36,11.36,17.8,0.0,0.57,50.44,750.33,0.0,0.0,0.0,4.44,4.09,0.0223
2019-07-07 20:30:00,188,20.5,85,2436,1,0,2402.5,3,35.0,37.94,13.34,13.84,7.3,7.04,0.5809,4.09,312.19,315.66,2.95,-3.46,-0.52,11.36,18.05,0.0,0.57,50.44,750.33,0.0,0.0,0.0,4.44,3.93,0.0214
2019-07-07 20:30:00,188,20.5,86,2397,0,0,2402.5,3,35.0,38.95,13.94,13.84,7.3,7.35,0.2445,1.8,312.19,315.66,5.56,-3.46,2.09,11.36,18.3,0.0,0.57,50.44,750.33,0.0,0.0,0.0,24.44,26.53,0.1426
2019-07-07 20:30:00,188,20.5,87,2415,1,0,2402.5,3,35.0,38.48,13.74,13.84,7.3,7.24,0.5815,4.21,312.19,315.66,3.03,-3.46,-0.43,11.36,18.19,0.0,0.57,50.44,750.33,0.0,0.0,0.0,4.44,4.01,0.0219
2019-07-07 20:30:00,188,20.5,88,2476,1,0,2402.5,3,35.0,36.9,13.84,13.84,7.3,7.3,0.5799,4.23,312.19,315.66,3.07,-3.46,-0.4,11.36,17.79,0.0,0.57,50.44,750.33,0.0,0.0,0.0,4.44,4.04,0.0221
2019-07-07 20:30:00,188,20.5,89,2428,1,0,2402.5,3,35.0,38.15,13.0,13.84,7.3,6.85,0.5811,3.98,312.19,315.66,2.87,-3.46,-0.59,11.36,18.1,0.0,0.57,50.44,750.33,0.0,0.0,0.0,4.44,3.85,0.021
2019-07-07 20:30:00,188,20.5,90,2377,0,0,2402.5,3,35.0,39.47,13.81,13.84,7.3,7.28,0.245,1.78,312.19,315.66,5.5,-3.46,2.03,11.36,18.43,0.0,0.57,50.44,750.33,0.0,0.0,0.0,24.44,26.48,0.1423
2019-07-07 20:30:00,188,20.5,91,2378,0,0,2402.5,3,35.0,39.45,13.9,13.84,7.3,7.33,0.2449,1.8,312.19,315.66,5.53,-3.46,2.07,11.36,18.43,0.0,0.57,50.44,750.33,0.0,0.0,0.0,24.44,26.51,0.1425
2019-07-07 20:30:00,188,20.5,92,2496,1,0,2402.5,3,35.0,36.38,13.03,13.84,7.3,6.87,0.5794,3.98,312.19,315.66,2.89,-3.46,-0.57,11.36,17.66,0.0,0.57,50.44,750.33,0.0,0.0,0.0,4.44,3.87,0.0211
2019-07-07 20:30:00,188,20.5,93,2423,1,0,2402.5,3,35.0,38.28,12.26,13.84,7.3,6.46,0.5813,3.76,312.19,315.66,2.71,-3.46,-0.76,11.36,18.14,0.0,0.57,50.44,750.33,0.0,0.0,0.0,4.44,3.69,0.0201
2019-07-07 20:30:00,188,20.5,95,2372,0,0,2402.5,3,35.0,39.6,13.55,13.84,7.3,7.14,0.2451,1.75,312.19,315.66,5.39,-3.46,1.93,11.36,18.47,0.0,0.57,50.44,750.33,0.0,0.0,0.0,24.44,26.37,0.1417
2019-07-07 20:30:00,188,20.5,97,2358,0,0,2402.5,3,35.0,39.97,14.16,13.84,7.3,7.46,0.2454,1.83,312.19,315.66,5.63,-3.46,2.17,11.36,18.56,0.0,0.57,50.44,750.33,0.0,0.0,0.0,24.44,26.61,0.143
2019-07-07 20:30:00,188,20.5,98,2554,1,0,2402.5,3,35.0,34.87,12.64,13.84,7.3,6.67,0.5779,3.85,312.19,315.66,2.81,-3.46,-0.65,11.36,17.28,0.0,0.57,50.44,750.33,0.0,0.0,0.0,4.44,3.79,0.0207
2019-07-07 20:30:00,188,20.5,99,2451,1,0,2402.5,3,35.0,37.55,11.38,13.84,7.3,6.0,0.5805,3.48,312.19,315.66,2.52,-3.46,-0.95,11.36,17.95,0.0,0.57,50.44,750.33,0.0,0.0,0.0,4.44,3.5,0.0191
2019-07-07 20:30:00,188,20.5,100,2361,0,0,2402.5,3,35.0,39.89,12.99,13.84,7.3,6.85,0.2454,1.68,312.19,315.66,5.17,-3.46,1.7,11.36,18.54,0.0,0.57,50.44,750.33,0.0,0.0,0.0,24.44,26.15,0.1405
2019-07-07 21:00:00,188,21.0,94,2563,1,0,2402.5,3,35.0,34.64,0.0,0.0,0.0,0.0,0.5777,0.0,315.33,315.66,0.0,-0.33,-0.33,11.11,17.23,0.0,0.42,52.0,750.37,0.0,0.0,0.0,4.44,4.12,0.0225
2019-07-07 21:00:00,188,21.0,96,2549,1,0,2402.5,3,35.0,35.0,0.0,0.0,0.0,0.0,0.5781,0.0,315.33,315.66,0.0,-0.33,-0.33,11.11,17.32,0.0,0.42,52.0,750.37,0.0,0.0,0.0,4.44,4.12,0.0225
2019-07-07 21:00:00,188,21.0,1,2612,1,0,2402.5,3,35.0,33.36,0.0,0.0,0.0,0.0,0.5765,0.0,315.33,315.66,0.0,-0.33,-0.33,11.11,16.91,0.0,0.42,52.0,750.37,0.0,0.0,0.0,4.44,4.12,0.0225
2019-07-07 21:00:00,188,21.0,2,2612,1,0,2402.5,3,35.0,33.36,0.0,0.0,0.0,0.0,0.5765,0.0,315.33,315.66,0.0,-0.33,-0.33,11.11,16.91,0.0,0.42,52.0,750.37,0.0,0.0,0.0,4.44,4.12,0.0225
2019-07-07 21:00:00,188,21.0,3,2610,1,0,2402.5,3,35.0,33.41,0.0,0.0,0.0,0.0,0.5765,0.0,315.33,315.66,0.0,-0.33,-0.33,11.11,16.92,0.0,0.42,52.0,750.37,0.0,0.0,0.0,4.44,4.12,0.0225
2019-07-07 21:00:00,188,21.0,4,2583,1,0,2402.5,3,35.0,34.12,0.0,0.0,0.0,0.0,0.5772,0.0,315.33,315.66,0.0,-0.33,-0.33,11.11,17.1,0.0,0.42,52.0,750.37,0.0,0.0,0.0,4.44,4.12,0.0225
2019-07-07 21:00:00,188,21.0,5,2583,1,0,2402.5,3,35.0,34.12,0.0,0.0,0.0,0.0,0.5772,0.0,315.33,315.66,0.0,-0.33,-0.33,11.11,17.1,0.0,0.42,52.0,750.37,0.0,0.0,0.0,4.44,4.12,0.0225
2019-07-07 21:00:00,188,21.0,6,2546,1,0,2402.5,3,35.0,35.08,0.0,0.0,0.0,0.0,0.5781,0.0,315.33,315.66,0.0,-0.33,-0.33,11.11,17.34,0.0,0.42,52.0,750.37,0.0,0.0,0.0,4.44,4.12,0.0225
2019-07-07 21:00:00,188,21.0,7,2546,1,0,2402.5,3,35.0,35.08,0.0,0.0,0.0,0.0,0.5781,0.0,315.33,315.66,0.0,-0.33,-0.33,11.11,17.34,0.0,0.42,52.0,750.37,0.0,0.0,0.0,4.44,4.12,0.0225
2019-07-07 21:00:00,188,21.0,8,2639,1,0,2402.5,3,35.0,32.66,0.0,0.0,0.0,0.0,0.5758,0.0,315.33,315.66,0.0,-0.33,-0.33,11.11,16.73,0.0,0.42,52.0,750.37,0.0,0.0,0.0,4.44,4.12,0.0225
2019-07-07 21:00:00,188,21.0,9,2610,1,0,2402.5,3,35.0,33.41,0.0,0.0,0.0,0.0,0.5765,0.0,315.33,315.66,0.0,-0.33,-0.33,11.11,16.92,0.0,0.42,52.0,750.37,0.0,0.0,0.0,4.44,4.12,0.0225
2019-07-07 21:00:00,188,21.0,10,2579,1,0,2402.5,3,35.0,34.22,0.0,0.0,0.0,0.0,0.5773,0.0,315.33,315.66,0.0,-0.33,-0.33,11.11,17.12,0.0,0.42,52.0,750.37,0.0,0.0,0.0,4.44,4.12,0.0225
2019-07-07 21:00:00,188,21.0,11,2579,1,0,2402.5,3,35.0,34.22,0.0,0.0,0.0,0.0,0.5773,0.0,315.33,315.66,0.0,-0.33,-0.33,11.11,17.12,0.0,0.42,52.0,750.37,0.0,0.0,0.0,4.44,4.12,0.0225
2019-07-07 21:00:00,188,21.0,12,2546,1,0,2402.5,3,35.0,35.08,0.0,0.0,0.0,0.0,0.5781,0.0,315.33,315.66,0.0,-0.33,-0.33,11.11,17.34,0.0,0.42,52.0,750.37,0.0,0.0,0.0,4.44,4.12,0.0225
2019-07-07 21:00:00,188,21.0,13,2530,1,0,2402.5,3,35.0,35.49,0.0,0.0,0.0,0.0,0.5785,0.0,315.33,315.66,0.0,-0.33,-0.33,11.11,17.44,0.0,0.42,52.0,750.37,0.0,0.0,0.0,4.44,4.12,0.0225
2019-07-07 21:00:00,188,21.0,14,2530,1,0,2402.5,3,35.0,35.49,0.0,0.0,0.0,0.0,0.5785,0.0,315.33,315.66,0.0,-0.33,-0.33,11.11,17.44,0.0,0.42,52.0,750.37,0.0,0.0,0.0,4.44,4.12,0.0225
2019-07-07 21:00:00,188,21.0,15,2494,1,0,2402.5,3,35.0,36.43,0.0,0.0,0.0,0.0,0.5795,0.0,315.33,315.66,0.0,-0.33,-0.33,11.11,17.67,0.0,0.42,52.0,750.37,0.0,0.0,0.0,4.44,4.12,0.0225
2019-07-07 21:00:00,188,21.0,16,2494,1,0,2402.5,3,35.0,36.43,0.0,0.0,0.0,0.0,0.5795,0.0,315.33,315.66,0.0,-0.33,-0.33,11.11,17.67,0.0,0.42,52.0,750.37,0.0,0.0,0.0,4.44,4.12,0.0225
2019-07-07 21:00:00,188,21.0,17,2462,1,0,2402.5,3,35.0,37.26,0.0,0.0,0.0,0.0,0.5803,0.0,315.33,315.66,0.0,-0.33,-0.33,11.11,17.88,0.0,0.42,52.0,750.37,0.0,0.0,0.0,4.44,4.12,0.0225
2019-07-07 21:00:00,188,21.0,18,2630,1,0,2402.5,3,35.0,32.89,0.0,0.0,0.0,0.0,0.576,0.0,315.33,315.66,0.0,-0.33,-0.33,11.11,16.79,0.0,0.42,52.0,750.37,0.0,0.0,0.0,4.44,4.12,0.0225
2019-07-07 21:00:00,188,21.0,19,2630,1,0,2402.5,3,35.0,32.89,0.0,0.0,0.0,0.0,0.576,0.0,315.33,315.66,0.0,-0.33,-0.33,11.11,16.79,0.0,0.42,52.0,750.37,0.0,0.0,0.0,4.44,4.12,0.0225
2019-07-07 21:00:00,188,21.0,20,2604,1,0,2402.5,3,35.0,33.57,0.0,0.0,0.0,0.0,0.5767,0.0,315.33,315.66,0.0,-0.33,-0.33,11.11,16.96,0.0,0.42,52.0,750.37,0.0,0.0,0.0,4.44,4.12,0.0225
2019-07-07 21:00:00,188,21.0,21,2563,1,0,2402.5,3,35.0,34.64,0.0,0.0,0.0,0.0,0.5777,0.0,315.33,315.66,0.0,-0.33,-0.33,11.11,17.23,0.0,0.42,52.0,750.37,0.0,0.0,0.0,4.44,4.12,0.0225
2019-07-07 21:00:00,188,21.0,22,2556,1,0,2402.5,3,35.0,34.82,0.0,0.0,0.0,0.0,0.5779,0.0,315.33,315.66,0.0,-0.33,-0.33,11.11,17.27,0.0,0.42,52.0,750.37,0.0,0.0,0.0,4.44,4.12,0.0225
2019-07-07 21:00:00,188,21.0,23,2549,1,0,2402.5,3,35.0,35.0,0.0,0.0,0.0,0.0,0.5781,0.0,315.33,315.66,0.0,-0.33,-0.33,11.11,17.32,0.0,0.42,52.0,750.37,0.0,0.0,0.0,4.44,4.12,0.0225
2019-07-07 21:00:00,188,21.0,24,2549,1,0,2402.5,3,35.0,35.0,0.0,0.0,0.0,0.0,0.5781,0.0,315.33,315.66,0.0,-0.33,-0.33,11.11,17.32,0.0,0.42,52.0,750.37,0.0,0.0,0.0,4.44,4.12,0.0225
2019-07-07 21:00:00,188,21.0,25,2524,1,0,2402.5,3,35.0,35.65,0.0,0.0,0.0,0.0,0.5787,0.0,315.33,315.66,0.0,-0.33,-0.33,11.11,17.48,0.0,0.42,52.0,750.37,0.0,0.0,0.0,4.44,4.12,0.0225
2019-07-07 21:00:00,188,21.0,26,2502,1,0,2402.5,3,35.0,36.22,0.0,0.0,0.0,0.0,0.5792,0.0,315.33,315.66,0.0,-0.33,-0.33,11.11,17.62,0.0,0.42,52.0,750.37,0.0,0.0,0.0,4.44,4.12,0.0225
2019-07-07 21:00:00,188,21.0,27,2502,1,0,2402.5,3,35.0,36.22,0.0,0.0,0.0,0.0,0.5792,0.0,315.33,315.66,0.0,-0.33,-0.33,11.11,17.62,0.0,0.42,52.0,750.37,0.0,0.0,0.0,4.44,4.12,0.0225
2019-07-07 21:00:00,188,21.0,28,2477,1,0,2402.5,3,35.0,36.87,0.0,0.0,0.0,0.0,0.5799,0.0,315.33,315.66,0.0,-0.33,-0.33,11.11,17.79,0.0,0.42,52.0,750.37,0.0,0.0,0.0,4.44,4.12,0.0225
2019-07-07 21:00:00,188,21.0,29,2477,1,0,2402.5,3,35.0,36.87,0.0,0.0,0.0,0.0,0.5799,0.0,315.33,315.66,0.0,-0.33,-0.33,11.11,17.79,0.0,0.42,52.0,750.37,0.0,0.0,0.0,4.44,4.12,0.0225
2019-07-07 21:00:00,188,21.0,30,2440,1,0,2402.5,3,35.0,37.83,0.0,0.0,0.0,0.0,0.5808,0.0,315.33,315.66,0.0,-0.33,-0.33,11.11,18.03,0.0,0.42,52.0,750.37,0.0,0.0,0.0,4.44,4.12,0.0225
2019-07-07 21:00:00,188,21.0,31,2620,1,0,2402.5,3,35.0,33.15,0.0,0.0,0.0,0.0,0.5763,0.0,315.33,315.66,0.0,-0.33,-0.33,11.11,16.86,0.0,0.42,52.0,750.37,0.0,0.0,0.0,4.44,4.12,0.0225
2019-07-07 21:00:00,188,21.0,32,2576,1,0,2402.5,3,35.0,34.3,0.0,0.0,0.0,0.0,0.5774,0.0,315.33,315.66,0.0,-0.33,-0.33,11.11,17.14,0.0,0.42,52.0,750.37,0.0,0.0,0.0,4.44,4.12,0.0225
2019-07-07 21:00:00,188,21.0,33,2576,1,0,2402.5,3,35.0,34.3,0.0,0.0,0.0,0.0,0.5774,0.0,315.33,315.66,0.0,-0.33,-0.33,11.11,17.14,0.0,0.42,52.0,750.37,0.0,0.0,0.0,4.44,4.12,0.0225
2019-07-07 21:00:00,188,21.0,34,2576,1,0,2402.5,3,35.0,34.3,0.0,0.0,0.0,0.0,0.5774,0.0,315.33,315.66,0.0,-0.33,-0.33,11.11,17.14,0.0,0.42,52.0,750.37,0.0,0.0,0.0,4.44,4.12,0.0225
2019-07-07 21:00:00,188,21.0,35,2556,1,0,2402.5,3,35.0,34.82,0.0,0.0,0.0,0.0,0.5779,0.0,315.33,315.66,0.0,-0.33,-0.33,11.11,17.27,0.0,0.42,52.0,750.37,0.0,0.0,0.0,4.44,4.12,0.0225
2019-07-07 21:00:00,188,21.0,36,2533,1,0,2402.5,3,35.0,35.42,0.0,0.0,0.0,0.0,0.5785,0.0,315.33,315.66,0.0,-0.33,-0.33,11.11,17.42,0.0,0.42,52.0,750.37,0.0,0.0,0.0,4.44,4.12,0.0225
2019-07-07 21:00:00,188,21.0,37,2532,1,0,2402.5,3,35.0,35.44,0.0,0.0,0.0,0.0,0.5785,0.0,315.33,315.66,0.0,-0.33,-0.33,11.11,17.43,0.0,0.42,52.0,750.37,0.0,0.0,0.0,4.44,4.12,0.0225
2019-07-07 21:00:00,188,21.0,38,2534,1,0,2402.5,3,35.0,35.39,0.0,0.0,0.0,0.0,0.5784,0.0,315.33,315.66,0.0,-0.33,-0.33,11.11,17.41,0.0,0.42,52.0,750.37,0.0,0.0,0.0,4.44,4.12,0.0225
2019-07-07 21:00:00,188,21.0,39,2534,1,0,2402.5,3,35.0,35.39,0.0,0.0,0.0,0.0,0.5784,0.0,315.33,315.66,0.0,-0.33,-0.33,11.11,17.41,0.0,0.42,52.0,750.37,0.0,0.0,0.0,4.44,4.12,0.0225
2019-07-07 21:00:00,188,21.0,40,2515,1,0,2402.5,3,35.0,35.88,0.0,0.0,0.0,0.0,0.5789,0.0,315.33,315.66,0.0,-0.33,-0.33,11.11,17.54,0.0,0.42,52.0,750.37,0.0,0.0,0.0,4.44,4.12,0.0225
2019-07-07 21:00:00,188,21.0,41,2487,1,0,2402.5,3,35.0,36.61,0.0,0.0,0.0,0.0,0.5796,0.0,315.33,315.66,0.0,-0.33,-0.33,11.11,17.72,0.0,0.42,52.0,750.37,0.0,0.0,0.0,4.44,4.12,0.0225
2019-07-07 21:00:00,188,21.0,42,2487,1,0,2402.5,3,35.0,36.61,0.0,0.0,0.0,0.0,0.5796,0.0,315.33,315.66,0.0,-0.33,-0.33,11.11,17.72,0.0,0.42,52.0,750.37,0.0,0.0,0.0,4.44,4.12,0.0225
2019-07-07 21:00:00,188,21.0,43,2464,1,0,2402.5,3,35.0,37.21,0.0,0.0,0.0,0.0,0.5802,0.0,315.33,315.66,0.0,-0.33,-0.33,11.11,17.87,0.0,0.42,52.0,750.37,0.0,0.0,0.0,4.44,4.12,0.0225
2019-07-07 21:00:00,188,21.0,44,2555,1,0,2402.5,3,35.0,34.84,0.0,0.0,0.0,0.0,0.5779,0.0,315.33,315.66,0.0,-0.33,-0.33,11.11,17.28,0.0,0.42,52.0,750.37,0.0,0.0,0.0,4.44,4.12,0.0225
2019-07-07 21:00:00,188,21.0,45,2555,1,0,2402.5,3,35.0,34.84,0.0,0.0,0.0,0.0,0.5779,0.0,315.33,315.66,0.0,-0.33,-0.33,11.11,17.28,0.0,0.42,52.0,750.37,0.0,0.0,0.0,4.44,4.12,0.0225
2019-07-07 21:00:00,188,21.0,46,2555,1,0,2402.5,3,35.0,34.84,0.0,0.0,0.0,0.0,0.5779,0.0,315.33,315.66,0.0,-0.33,-0.33,11.11,17.28,0.0,0.42,52.0,750.37,0.0,0.0,0.0,4.44,4.12,0.0225
2019-07-07 21:00:00,188,21.0,47,2530,1,0,2402.5,3,35.0,35.49,0.0,0.0,0.0,0.0,0.5785,0.0,315.33,315.66,0.0,-0.33,-0.33,11.11,17.44,0.0,0.42,52.0,750.37,0.0,0.0,0.0,4.44,4.12,0.0225
2019-07-07 21:00:00,188,21.0,48,2510,1,0,2402.5,3,35.0,36.01,0.0,0.0,0.0,0.0,0.579,0.0,315.33,315.66,0.0,-0.33,-0.33,11.11,17.57,0.0,0.42,52.0,750.37,0.0,0.0,0.0,4.44,4.12,0.0225
2019-07-07 21:00:00,188,21.0,49,2534,1,0,2402.5,3,35.0,35.39,0.0,0.0,0.0,0.0,0.5784,0.0,315.33,315.66,0.0,-0.33,-0.33,11.11,17.41,0.0,0.42,52.0,750.37,0.0,0.0,0.0,4.44,4.12,0.0225
2019-07-07 21:00:00,188,21.0,50,2531,1,0,2402.5,3,35.0,35.47,0.0,0.0,0.0,0.0,0.5785,0.0,315.33,315.66,0.0,-0.33,-0.33,11.11,17.43,0.0,0.42,52.0,750.37,0.0,0.0,0.0,4.44,4.12,0.0225
2019-07-07 21:00:00,188,21.0,51,2531,1,0,2402.5,3,35.0,35.47,0.0,0.0,0.0,0.0,0.5785,0.0,315.33,315.66,0.0,-0.33,-0.33,11.11,17.43,0.0,0.42,52.0,750.37,0.0,0.0,0.0,4.44,4.12,0.0225
2019-07-07 21:00:00,188,21.0,52,2531,1,0,2402.5,3,35.0,35.47,0.0,0.0,0.0,0.0,0.5785,0.0,315.33,315.66,0.0,-0.33,-0.33,11.11,17.43,0.0,0.42,52.0,750.37,0.0,0.0,0.0,4.44,4.12,0.0225
2019-07-07 21:00:00,188,21.0,53,2507,1,0,2402.5,3,35.0,36.09,0.0,0.0,0.0,0.0,0.5791,0.0,315.33,315.66,0.0,-0.33,-0.33,11.11,17.59,0.0,0.42,52.0,750.37,0.0,0.0,0.0,4.44,4.12,0.0225
2019-07-07 21:00:00,188,21.0,54,2494,1,0,2402.5,3,35.0,36.43,0.0,0.0,0.0,0.0,0.5795,0.0,315.33,315.66,0.0,-0.33,-0.33,11.11,17.67,0.0,0.42,52.0,750.37,0.0,0.0,0.0,4.44,4.12,0.0225
2019-07-07 21:00:00,188,21.0,55,2531,1,0,2402.5,3,35.0,35.47,0.0,0.0,0.0,0.0,0.5785,0.0,315.33,315.66,0.0,-0.33,-0.33,11.11,17.43,0.0,0.42,52.0,750.37,0.0,0.0,0.0,4.44,4.12,0.0225
2019-07-07 21:00:00,188,21.0,56,2531,1,0,2402.5,3,35.0,35.47,0.0,0.0,0.0,0.0,0.5785,0.0,315.33,315.66,0.0,-0.33,-0.33,11.11,17.43,0.0,0.42,52.0,750.37,0.0,0.0,0.0,4.44,4.12,0.0225
2019-07-07 21:00:00,188,21.0,57,2507,1,0,2402.5,3,35.0,36.09,0.0,0.0,0.0,0.0,0.5791,0.0,315.33,315.66,0.0,-0.33,-0.33,11.11,17.59,0.0,0.42,52.0,750.37,0.0,0.0,0.0,4.44,4.12,0.0225
2019-07-07 21:00:00,188,21.0,58,2494,1,0,2402.5,3,35.0,36.43,0.0,0.0,0.0,0.0,0.5795,0.0,315.33,315.66,0.0,-0.33,-0.33,11.11,17.67,0.0,0.42,52.0,750.37,0.0,0.0,0.0,4.44,4.12,0.0225
2019-07-07 21:00:00,188,21.0,59,2506,1,0,2402.5,3,35.0,36.12,0.0,0.0,0.0,0.0,0.5791,0.0,315.33,315.66,0.0,-0.33,-0.33,11.11,17.6,0.0,0.42,52.0,750.37,0.0,0.0,0.0,4.44,4.12,0.0225
2019-07-07 21:00:00,188,21.0,60,2506,1,0,2402.5,3,35.0,36.12,0.0,0.0,0.0,0.0,0.5791,0.0,315.33,315.66,0.0,-0.33,-0.33,11.11,17.6,0.0,0.42,52.0,750.37,0.0,0.0,0.0,4.44,4.12,0.0225
2019-07-07 21:00:00,188,21.0,61,2485,1,0,2402.5,3,35.0,36.66,0.0,0.0,0.0,0.0,0.5797,0.0,315.33,315.66,0.0,-0.33,-0.33,11.11,17.73,0.0,0.42,52.0,750.37,0.0,0.0,0.0,4.44,4.12,0.0225
2019-07-07 21:00:00,188,21.0,62,2469,1,0,2402.5,3,35.0,37.08,0.0,0.0,0.0,0.0,0.5801,0.0,315.33,315.66,0.0,-0.33,-0.33,11.11,17.84,0.0,0.42,52.0,750.37,0.0,0.0,0.0,4.44,4.12,0.0225
2019-07-07 21:00:00,188,21.0,63,2506,1,0,2402.5,3,35.0,36.12,0.0,0.0,0.0,0.0,0.5791,0.0,315.33,315.66,0.0,-0.33,-0.33,11.11,17.6,0.0,0.42,52.0,750.37,0.0,0.0,0.0,4.44,4.12,0.0225
2019-07-07 21:00:00,188,21.0,64,2506,1,0,2402.5,3,35.0,36.12,0.0,0.0,0.0,0.0,0.5791,0.0,315.33,315.66,0.0,-0.33,-0.33,11.11,17.6,0.0,0.42,52.0,750.37,0.0,0.0,0.0,4.44,4.12,0.0225
2019-07-07 21:00:00,188,21.0,65,2506,1,0,2402.5,3,35.0,36.12,0.0,0.0,0.0,0.0,0.5791,0.0,315.33,315.66,0.0,-0.33,-0.33,11.11,17.6,0.0,0.42,52.0,750.37,0.0,0.0,0.0,4.44,4.12,0.0225
2019-07-07 21:00:00,188,21.0,66,2485,1,0,2402.5,3,35.0,36.66,0.0,0.0,0.0,0.0,0.5797,0.0,315.33,315.66,0.0,-0.33,-0.33,11.11,17.73,0.0,0.42,52.0,750.37,0.0,0.0,0.0,4.44,4.12,0.0225
2019-07-07 21:00:00,188,21.0,67,2455,1,0,2402.5,3,35.0,37.44,0.0,0.0,0.0,0.0,0.5804,0.0,315.33,315.66,0.0,-0.33,-0.33,11.11,17.93,0.0,0.42,52.0,750.37,0.0,0.0,0.0,4.44,4.12,0.0225
2019-07-07 21:00:00,188,21.0,68,2489,1,0,2402.5,3,35.0,36.56,0.0,0.0,0.0,0.0,0.5796,0.0,315.33,315.66,0.0,-0.33,-0.33,11.11,17.71,0.0,0.42,52.0,750.37,0.0,0.0,0.0,4.44,4.12,0.0225
2019-07-07 21:00:00,188,21.0,69,2489,1,0,2402.5,3,35.0,36.56,0.0,0.0,0.0,0.0,0.5796,0.0,315.33,315.66,0.0,-0.33,-0.33,11.11,17.71,0.0,0.42,52.0,750.37,0.0,0.0,0.0,4.44,4.12,0.0225
2019-07-07 21:00:00,188,21.0,70,2489,1,0,2402.5,3,35.0,36.56,0.0,0.0,0.0,0.0,0.5796,0.0,315.33,315.66,0.0,-0.33,-0.33,11.11,17.71,0.0,0.42,52.0,750.37,0.0,0.0,0.0,4.44,4.12,0.0225
2019-07-07 21:00:00,188,21.0,71,2477,1,0,2402.5,3,35.0,36.87,0.0,0.0,0.0,0.0,0.5799,0.0,315.33,315.66,0.0,-0.33,-0.33,11.11,17.79,0.0,0.42,52.0,750.37,0.0,0.0,0.0,4.44,4.12,0.0225
2019-07-07 21:00:00,188,21.0,72,2455,1,0,2402.5,3,35.0,37.44,0.0,0.0,0.0,0.0,0.5804,0.0,315.33,315.66,0.0,-0.33,-0.33,11.11,17.93,0.0,0.42,52.0,750.37,0.0,0.0,0.0,4.44,4.12,0.0225
2019-07-07 21:00:00,188,21.0,73,2485,1,0,2402.5,3,35.0,36.66,0.0,0.0,0.0,0.0,0.5797,0.0,315.33,315.66,0.0,-0.33,-0.33,11.11,17.73,0.0,0.42,52.0,750.37,0.0,0.0,0.0,4.44,4.12,0.0225
2019-07-07 21:00:00,188,21.0,74,2485,1,0,2402.5,3,35.0,36.66,0.0,0.0,0.0,0.0,0.5797,0.0,315.33,315.66,0.0,-0.33,-0.33,11.11,17.73,0.0,0.42,52.0,750.37,0.0,0.0,0.0,4.44,4.12,0.0225
2019-07-07 21:00:00,188,21.0,75,2485,1,0,2402.5,3,35.0,36.66,0.0,0.0,0.0,0.0,0.5797,0.0,315.33,315.66,0.0,-0.33,-0.33,11.11,17.73,0.0,0.42,52.0,750.37,0.0,0.0,0.0,4.44,4.12,0.0225
2019-07-07 21:00:00,188,21.0,76,2466,1,0,2402.5,3,35.0,37.16,0.0,0.0,0.0,0.0,0.5802,0.0,315.33,315.66,0.0,-0.33,-0.33,11.11,17.86,0.0,0.42,52.0,750.37,0.0,0.0,0.0,4.44,4.12,0.0225
2019-07-07 21:00:00,188,21.0,77,2445,1,0,2402.5,3,35.0,37.7,0.0,0.0,0.0,0.0,0.5807,0.0,315.33,315.66,0.0,-0.33,-0.33,11.11,17.99,0.0,0.42,52.0,750.37,0.0,0.0,0.0,4.44,4.12,0.0225
2019-07-07 21:00:00,188,21.0,78,2478,1,0,2402.5,3,35.0,36.85,0.0,0.0,0.0,0.0,0.5799,0.0,315.33,315.66,0.0,-0.33,-0.33,11.11,17.78,0.0,0.42,52.0,750.37,0.0,0.0,0.0,4.44,4.12,0.0225
2019-07-07 21:00:00,188,21.0,79,2478,1,0,2402.5,3,35.0,36.85,0.0,0.0,0.0,0.0,0.5799,0.0,315.33,315.66,0.0,-0.33,-0.33,11.11,17.78,0.0,0.42,52.0,750.37,0.0,0.0,0.0,4.44,4.12,0.0225
2019-07-07 21:00:00,188,21.0,80,2449,1,0,2402.5,3,35.0,37.6,0.0,0.0,0.0,0.0,0.5806,0.0,315.33,315.66,0.0,-0.33,-0.33,11.11,17.97,0.0,0.42,52.0,750.37,0.0,0.0,0.0,4.44,4.12,0.0225
2019-07-07 21:00:00,188,21.0,81,2412,1,0,2402.5,3,35.0,38.56,0.0,0.0,0.0,0.0,0.5815,0.0,315.33,315.66,0.0,-0.33,-0.33,11.11,18.21,0.0,0.42,52.0,750.37,0.0,0.0,0.0,4.44,4.12,0.0225
2019-07-07 21:00:00,188,21.0,82,2443,1,0,2402.5,3,35.0,37.76,0.0,0.0,0.0,0.0,0.5807,0.0,315.33,315.66,0.0,-0.33,-0.33,11.11,18.01,0.0,0.42,52.0,750.37,0.0,0.0,0.0,4.44,4.12,0.0225
2019-07-07 21:00:00,188,21.0,83,2474,1,0,2402.5,3,35.0,36.95,0.0,0.0,0.0,0.0,0.58,0.0,315.33,315.66,0.0,-0.33,-0.33,11.11,17.8,0.0,0.42,52.0,750.37,0.0,0.0,0.0,4.44,4.12,0.0225
2019-07-07 21:00:00,188,21.0,84,2474,1,0,2402.5,3,35.0,36.95,0.0,0.0,0.0,0.0,0.58,0.0,315.33,315.66,0.0,-0.33,-0.33,11.11,17.8,0.0,0.42,52.0,750.37,0.0,0.0,0.0,4.44,4.12,0.0225
2019-07-07 21:00:00,188,21.0,85,2436,1,0,2402.5,3,35.0,37.94,0.0,0.0,0.0,0.0,0.5809,0.0,315.33,315.66,0.0,-0.33,-0.33,11.11,18.05,0.0,0.42,52.0,750.37,0.0,0.0,0.0,4.44,4.12,0.0225
2019-07-07 21:00:00,188,21.0,86,2397,0,0,2402.5,3,35.0,38.95,0.0,0.0,0.0,0.0,0.2445,0.0,315.33,315.66,0.0,-0.33,-0.33,11.11,18.3,0.0,0.42,52.0,750.37,0.0,0.0,0.0,24.44,24.12,0.1296
2019-07-07 21:00:00,188,21.0,87,2415,1,0,2402.5,3,35.0,38.48,0.0,0.0,0.0,0.0,0.5815,0.0,315.33,315.66,0.0,-0.33,-0.33,11.11,18.19,0.0,0.42,52.0,750.37,0.0,0.0,0.0,4.44,4.12,0.0225
2019-07-07 21:00:00,188,21.0,88,2476,1,0,2402.5,3,35.0,36.9,0.0,0.0,0.0,0.0,0.5799,0.0,315.33,315.66,0.0,-0.33,-0.33,11.11,17.79,0.0,0.42,52.0,750.37,0.0,0.0,0.0,4.44,4.12,0.0225
2019-07-07 21:00:00,188,21.0,89,2428,1,0,2402.5,3,35.0,38.15,0.0,0.0,0.0,0.0,0.5811,0.0,315.33,315.66,0.0,-0.33,-0.33,11.11,18.1,0.0,0.42,52.0,750.37,0.0,0.0,0.0,4.44,4.12,0.0225
2019-07-07 21:00:00,188,21.0,90,2377,0,0,2402.5,3,35.0,39.47,0.0,0.0,0.0,0.0,0.245,0.0,315.33,315.66,0.0,-0.33,-0.33,11.11,18.43,0.0,0.42,52.0,750.37,0.0,0.0,0.0,24.44,24.12,0.1296
2019-07-07 21:00:00,188,21.0,91,2378,0,0,2402.5,3,35.0,39.45,0.0,0.0,0.0,0.0,0.2449,0.0,315.33,315.66,0.0,-0.33,-0.33,11.11,18.43,0.0,0.42,52.0,750.37,0.0,0.0,0.0,24.44,24.12,0.1296
2019-07-07 21:00:00,188,21.0,92,2496,1,0,2402.5,3,35.0,36.38,0.0,0.0,0.0,0.0,0.5794,0.0,315.33,315.66,0.0,-0.33,-0.33,11.11,17.66,0.0,0.42,52.0,750.37,0.0,0.0,0.0,4.44,4.12,0.0225
2019-07-07 21:00:00,188,21.0,93,2423,1,0,2402.5,3,35.0,38.28,0.0,0.0,0.0,0.0,0.5813,0.0,315.33,315.66,0.0,-0.33,-0.33,11.11,18.14,0.0,0.42,52.0,750.37,0.0,0.0,0.0,4.44,4.12,0.0225
2019-07-07 21:00:00,188,21.0,95,2372,0,0,2402.5,3,35.0,39.6,0.0,0.0,0.0,0.0,0.2451,0.0,315.33,315.66,0.0,-0.33,-0.33,11.11,18.47,0.0,0.42,52.0,750.37,0.0,0.0,0.0,24.44,24.12,0.1296
2019-07-07 21:00:00,188,21.0,97,2358,0,0,2402.5,3,35.0,39.97,0.0,0.0,0.0,0.0,0.2454,0.0,315.33,315.66,0.0,-0.33,-0.33,11.11,18.56,0.0,0.42,52.0,750.37,0.0,0.0,0.0,24.44,24.12,0.1296
2019-07-07 21:00:00,188,21.0,98,2554,1,0,2402.5,3,35.0,34.87,0.0,0.0,0.0,0.0,0.5779,0.0,315.33,315.66,0.0,-0.33,-0.33,11.11,17.28,0.0,0.42,52.0,750.37,0.0,0.0,0.0,4.44,4.12,0.0225
2019-07-07 21:00:00,188,21.0,99,2451,1,0,2402.5,3,35.0,37.55,0.0,0.0,0.0,0.0,0.5805,0.0,315.33,315.66,0.0,-0.33,-0.33,11.11,17.95,0.0,0.42,52.0,750.37,0.0,0.0,0.0,4.44,4.12,0.0225
2019-07-07 21:00:00,188,21.0,100,2361,0,0,2402.5,3,35.0,39.89,0.0,0.0,0.0,0.0,0.2454,0.0,315.33,315.66,0.0,-0.33,-0.33,11.11,18.54,0.0,0.42,52.0,750.37,0.0,0.0,0.0,24.44,24.12,0.1296
2019-07-07 21:30:00,188,21.5,94,2563,1,0,2402.5,3,35.0,34.64,0.0,0.0,0.0,0.0,0.5777,0.0,319.31,315.66,0.0,3.65,3.65,10.73,17.23,0.0,0.57,55.45,750.39,0.0,0.0,0.0,4.44,8.1,0.0442
2019-07-07 21:30:00,188,21.5,96,2549,1,0,2402.5,3,35.0,35.0,0.0,0.0,0.0,0.0,0.5781,0.0,319.31,315.66,0.0,3.65,3.65,10.73,17.32,0.0,0.57,55.45,750.39,0.0,0.0,0.0,4.44,8.1,0.0442
2019-07-07 21:30:00,188,21.5,1,2612,1,0,2402.5,3,35.0,33.36,0.0,0.0,0.0,0.0,0.5765,0.0,319.31,315.66,0.0,3.65,3.65,10.73,16.91,0.0,0.57,55.45,750.39,0.0,0.0,0.0,4.44,8.1,0.0442
2019-07-07 21:30:00,188,21.5,2,2612,1,0,2402.5,3,35.0,33.36,0.0,0.0,0.0,0.0,0.5765,0.0,319.31,315.66,0.0,3.65,3.65,10.73,16.91,0.0,0.57,55.45,750.39,0.0,0.0,0.0,4.44,8.1,0.0442
2019-07-07 21:30:00,188,21.5,3,2610,1,0,2402.5,3,35.0,33.41,0.0,0.0,0.0,0.0,0.5765,0.0,319.31,315.66,0.0,3.65,3.65,10.73,16.92,0.0,0.57,55.45,750.39,0.0,0.0,0.0,4.44,8.1,0.0442
2019-07-07 21:30:00,188,21.5,4,2583,1,0,2402.5,3,35.0,34.12,0.0,0.0,0.0,0.0,0.5772,0.0,319.31,315.66,0.0,3.65,3.65,10.73,17.1,0.0,0.57,55.45,750.39,0.0,0.0,0.0,4.44,8.1,0.0442
2019-07-07 21:30:00,188,21.5,5,2583,1,0,2402.5,3,35.0,34.12,0.0,0.0,0.0,0.0,0.5772,0.0,319.31,315.66,0.0,3.65,3.65,10.73,17.1,0.0,0.57,55.45,750.39,0.0,0.0,0.0,4.44,8.1,0.0442
2019-07-07 21:30:00,188,21.5,6,2546,1,0,2402.5,3,35.0,35.08,0.0,0.0,0.0,0.0,0.5781,0.0,319.31,315.66,0.0,3.65,3.65,10.73,17.34,0.0,0.57,55.45,750.39,0.0,0.0,0.0,4.44,8.1,0.0442
2019-07-07 21:30:00,188,21.5,7,2546,1,0,2402.5,3,35.0,35.08,0.0,0.0,0.0,0.0,0.5781,0.0,319.31,315.66,0.0,3.65,3.65,10.73,17.34,0.0,0.57,55.45,750.39,0.0,0.0,0.0,4.44,8.1,0.0442
2019-07-07 21:30:00,188,21.5,8,2639,1,0,2402.5,3,35.0,32.66,0.0,0.0,0.0,0.0,0.5758,0.0,319.31,315.66,0.0,3.65,3.65,10.73,16.73,0.0,0.57,55.45,750.39,0.0,0.0,0.0,4.44,8.1,0.0442
2019-07-07 21:30:00,188,21.5,9,2610,1,0,2402.5,3,35.0,33.41,0.0,0.0,0.0,0.0,0.5765,0.0,319.31,315.66,0.0,3.65,3.65,10.73,16.92,0.0,0.57,55.45,750.39,0.0,0.0,0.0,4.44,8.1,0.0442
2019-07-07 21:30:00,188,21.5,10,2579,1,0,2402.5,3,35.0,34.22,0.0,0.0,0.0,0.0,0.5773,0.0,319.31,315.66,0.0,3.65,3.65,10.73,17.12,0.0,0.57,55.45,750.39,0.0,0.0,0.0,4.44,8.1,0.0442
2019-07-07 21:30:00,188,21.5,11,2579,1,0,2402.5,3,35.0,34.22,0.0,0.0,0.0,0.0,0.5773,0.0,319.31,315.66,0.0,3.65,3.65,10.73,17.12,0.0,0.57,55.45,750.39,0.0,0.0,0.0,4.44,8.1,0.0442
2019-07-07 21:30:00,188,21.5,12,2546,1,0,2402.5,3,35.0,35.08,0.0,0.0,0.0,0.0,0.5781,0.0,319.31,315.66,0.0,3.65,3.65,10.73,17.34,0.0,0.57,55.45,750.39,0.0,0.0,0.0,4.44,8.1,0.0442
2019-07-07 21:30:00,188,21.5,13,2530,1,0,2402.5,3,35.0,35.49,0.0,0.0,0.0,0.0,0.5785,0.0,319.31,315.66,0.0,3.65,3.65,10.73,17.44,0.0,0.57,55.45,750.39,0.0,0.0,0.0,4.44,8.1,0.0442
2019-07-07 21:30:00,188,21.5,14,2530,1,0,2402.5,3,35.0,35.49,0.0,0.0,0.0,0.0,0.5785,0.0,319.31,315.66,0.0,3.65,3.65,10.73,17.44,0.0,0.57,55.45,750.39,0.0,0.0,0.0,4.44,8.1,0.0442
2019-07-07 21:30:00,188,21.5,15,2494,1,0,2402.5,3,35.0,36.43,0.0,0.0,0.0,0.0,0.5795,0.0,319.31,315.66,0.0,3.65,3.65,10.73,17.67,0.0,0.57,55.45,750.39,0.0,0.0,0.0,4.44,8.1,0.0442
2019-07-07 21:30:00,188,21.5,16,2494,1,0,2402.5,3,35.0,36.43,0.0,0.0,0.0,0.0,0.5795,0.0,319.31,315.66,0.0,3.65,3.65,10.73,17.67,0.0,0.57,55.45,750.39,0.0,0.0,0.0,4.44,8.1,0.0442
2019-07-07 21:30:00,188,21.5,17,2462,1,0,2402.5,3,35.0,37.26,0.0,0.0,0.0,0.0,0.5803,0.0,319.31,315.66,0.0,3.65,3.65,10.73,17.88,0.0,0.57,55.45,750.39,0.0,0.0,0.0,4.44,8.1,0.0442
2019-07-07 21:30:00,188,21.5,18,2630,1,0,2402.5,3,35.0,32.89,0.0,0.0,0.0,0.0,0.576,0.0,319.31,315.66,0.0,3.65,3.65,10.73,16.79,0.0,0.57,55.45,750.39,0.0,0.0,0.0,4.44,8.1,0.0442
2019-07-07 21:30:00,188,21.5,19,2630,1,0,2402.5,3,35.0,32.89,0.0,0.0,0.0,0.0,0.576,0.0,319.31,315.66,0.0,3.65,3.65,10.73,16.79,0.0,0.57,55.45,750.39,0.0,0.0,0.0,4.44,8.1,0.0442
2019-07-07 21:30:00,188,21.5,20,2604,1,0,2402.5,3,35.0,33.57,0.0,0.0,0.0,0.0,0.5767,0.0,319.31,315.66,0.0,3.65,3.65,10.73,16.96,0.0,0.57,55.45,750.39,0.0,0.0,0.0,4.44,8.1,0.0442
2019-07-07 21:30:00,188,21.5,21,2563,1,0,2402.5,3,35.0,34.64,0.0,0.0,0.0,0.0,0.5777,0.0,319.31,315.66,0.0,3.65,3.65,10.73,17.23,0.0,0.57,55.45,750.39,0.0,0.0,0.0,4.44,8.1,0.0442
2019-07-07 21:30:00,188,21.5,22,2556,1,0,2402.5,3,35.0,34.82,0.0,0.0,0.0,0.0,0.5779,0.0,319.31,315.66,0.0,3.65,3.65,10.73,17.27,0.0,0.57,55.45,750.39,0.0,0.0,0.0,4.44,8.1,0.0442
2019-07-07 21:30:00,188,21.5,23,2549,1,0,2402.5,3,35.0,35.0,0.0,0.0,0.0,0.0,0.5781,0.0,319.31,315.66,0.0,3.65,3.65,10.73,17.32,0.0,0.57,55.45,750.39,0.0,0.0,0.0,4.44,8.1,0.0442
2019-07-07 21:30:00,188,21.5,24,2549,1,0,2402.5,3,35.0,35.0,0.0,0.0,0.0,0.0,0.5781,0.0,319.31,315.66,0.0,3.65,3.65,10.73,17.32,0.0,0.57,55.45,750.39,0.0,0.0,0.0,4.44,8.1,0.0442
2019-07-07 21:30:00,188,21.5,25,2524,1,0,2402.5,3,35.0,35.65,0.0,0.0,0.0,0.0,0.5787,0.0,319.31,315.66,0.0,3.65,3.65,10.73,17.48,0.0,0.57,55.45,750.39,0.0,0.0,0.0,4.44,8.1,0.0442
2019-07-07 21:30:00,188,21.5,26,2502,1,0,2402.5,3,35.0,36.22,0.0,0.0,0.0,0.0,0.5792,0.0,319.31,315.66,0.0,3.65,3.65,10.73,17.62,0.0,0.57,55.45,750.39,0.0,0.0,0.0,4.44,8.1,0.0442
2019-07-07 21:30:00,188,21.5,27,2502,1,0,2402.5,3,35.0,36.22,0.0,0.0,0.0,0.0,0.5792,0.0,319.31,315.66,0.0,3.65,3.65,10.73,17.62,0.0,0.57,55.45,750.39,0.0,0.0,0.0,4.44,8.1,0.0442
2019-07-07 21:30:00,188,21.5,28,2477,1,0,2402.5,3,35.0,36.87,0.0,0.0,0.0,0.0,0.5799,0.0,319.31,315.66,0.0,3.65,3.65,10.73,17.79,0.0,0.57,55.45,750.39,0.0,0.0,0.0,4.44,8.1,0.0442
2019-07-07 21:30:00,188,21.5,29,2477,1,0,2402.5,3,35.0,36.87,0.0,0.0,0.0,0.0,0.5799,0.0,319.31,315.66,0.0,3.65,3.65,10.73,17.79,0.0,0.57,55.45,750.39,0.0,0.0,0.0,4.44,8.1,0.0442
2019-07-07 21:30:00,188,21.5,30,2440,1,0,2402.5,3,35.0,37.83,0.0,0.0,0.0,0.0,0.5808,0.0,319.31,315.66,0.0,3.65,3.65,10.73,18.03,0.0,0.57,55.45,750.39,0.0,0.0,0.0,4.44,8.1,0.0442
2019-07-07 21:30:00,188,21.5,31,2620,1,0,2402.5,3,35.0,33.15,0.0,0.0,0.0,0.0,0.5763,0.0,319.31,315.66,0.0,3.65,3.65,10.73,16.86,0.0,0.57,55.45,750.39,0.0,0.0,0.0,4.44,8.1,0.0442
2019-07-07 21:30:00,188,21.5,32,2576,1,0,2402.5,3,35.0,34.3,0.0,0.0,0.0,0.0,0.5774,0.0,319.31,315.66,0.0,3.65,3.65,10.73,17.14,0.0,0.57,55.45,750.39,0.0,0.0,0.0,4.44,8.1,0.0442
2019-07-07 21:30:00,188,21.5,33,2576,1,0,2402.5,3,35.0,34.3,0.0,0.0,0.0,0.0,0.5774,0.0,319.31,315.66,0.0,3.65,3.65,10.73,17.14,0.0,0.57,55.45,750.39,0.0,0.0,0.0,4.44,8.1,0.0442
2019-07-07 21:30:00,188,21.5,34,2576,1,0,2402.5,3,35.0,34.3,0.0,0.0,0.0,0.0,0.5774,0.0,319.31,315.66,0.0,3.65,3.65,10.73,17.14,0.0,0.57,55.45,750.39,0.0,0.0,0.0,4.44,8.1,0.0442
2019-07-07 21:30:00,188,21.5,35,2556,1,0,2402.5,3,35.0,34.82,0.0,0.0,0.0,0.0,0.5779,0.0,319.31,315.66,0.0,3.65,3.65,10.73,17.27,0.0,0.57,55.45,750.39,0.0,0.0,0.0,4.44,8.1,0.0442
2019-07-07 21:30:00,188,21.5,36,2533,1,0,2402.5,3,35.0,35.42,0.0,0.0,0.0,0.0,0.5785,0.0,319.31,315.66,0.0,3.65,3.65,10.73,17.42,0.0,0.57,55.45,750.39,0.0,0.0,0.0,4.44,8.1,0.0442
2019-07-07 21:30:00,188,21.5,37,2532,1,0,2402.5,3,35.0,35.44,0.0,0.0,0.0,0.0,0.5785,0.0,319.31,315.66,0.0,3.65,3.65,10.73,17.43,0.0,0.57,55.45,750.39,0.0,0.0,0.0,4.44,8.1,0.0442
2019-07-07 21:30:00,188,21.5,38,2534,1,0,2402.5,3,35.0,35.39,0.0,0.0,0.0,0.0,0.5784,0.0,319.31,315.66,0.0,3.65,3.65,10.73,17.41,0.0,0.57,55.45,750.39,0.0,0.0,0.0,4.44,8.1,0.0442
2019-07-07 21:30:00,188,21.5,39,2534,1,0,2402.5,3,35.0,35.39,0.0,0.0,0.0,0.0,0.5784,0.0,319.31,315.66,0.0,3.65,3.65,10.73,17.41,0.0,0.57,55.45,750.39,0.0,0.0,0.0,4.44,8.1,0.0442
2019-07-07 21:30:00,188,21.5,40,2515,1,0,2402.5,3,35.0,35.88,0.0,0.0,0.0,0.0,0.5789,0.0,319.31,315.66,0.0,3.65,3.65,10.73,17.54,0.0,0.57,55.45,750.39,0.0,0.0,0.0,4.44,8.1,0.0442
2019-07-07 21:30:00,188,21.5,41,2487,1,0,2402.5,3,35.0,36.61,0.0,0.0,0.0,0.0,0.5796,0.0,319.31,315.66,0.0,3.65,3.65,10.73,17.72,0.0,0.57,55.45,750.39,0.0,0.0,0.0,4.44,8.1,0.0442
2019-07-07 21:30:00,188,21.5,42,2487,1,0,2402.5,3,35.0,36.61,0.0,0.0,0.0,0.0,0.5796,0.0,319.31,315.66,0.0,3.65,3.65,10.73,17.72,0.0,0.57,55.45,750.39,0.0,0.0,0.0,4.44,8.1,0.0442
2019-07-07 21:30:00,188,21.5,43,2464,1,0,2402.5,3,35.0,37.21,0.0,0.0,0.0,0.0,0.5802,0.0,319.31,315.66,0.0,3.65,3.65,10.73,17.87,0.0,0.57,55.45,750.39,0.0,0.0,0.0,4.44,8.1,0.0442
2019-07-07 21:30:00,188,21.5,44,2555,1,0,2402.5,3,35.0,34.84,0.0,0.0,0.0,0.0,0.5779,0.0,319.31,315.66,0.0,3.65,3.65,10.73,17.28,0.0,0.57,55.45,750.39,0.0,0.0,0.0,4.44,8.1,0.0442
2019-07-07 21:30:00,188,21.5,45,2555,1,0,2402.5,3,35.0,34.84,0.0,0.0,0.0,0.0,0.5779,0.0,319.31,315.66,0.0,3.65,3.65,10.73,17.28,0.0,0.57,55.45,750.39,0.0,0.0,0.0,4.44,8.1,0.0442
2019-07-07 21:30:00,188,21.5,46,2555,1,0,2402.5,3,35.0,34.84,0.0,0.0,0.0,0.0,0.5779,0.0,319.31,315.66,0.0,3.65,3.65,10.73,17.28,0.0,0.57,55.45,750.39,0.0,0.0,0.0,4.44,8.1,0.0442
2019-07-07 21:30:00,188,21.5,47,2530,1,0,2402.5,3,35.0,35.49,0.0,0.0,0.0,0.0,0.5785,0.0,319.31,315.66,0.0,3.65,3.65,10.73,17.44,0.0,0.57,55.45,750.39,0.0,0.0,0.0,4.44,8.1,0.0442
2019-07-07 21:30:00,188,21.5,48,2510,1,0,2402.5,3,35.0,36.01,0.0,0.0,0.0,0.0,0.579,0.0,319.31,315.66,0.0,3.65,3.65,10.73,17.57,0.0,0.57,55.45,750.39,0.0,0.0,0.0,4.44,8.1,0.0442
2019-07-07 21:30:00,188,21.5,49,2534,1,0,2402.5,3,35.0,35.39,0.0,0.0,0.0,0.0,0.5784,0.0,319.31,315.66,0.0,3.65,3.65,10.73,17.41,0.0,0.57,55.45,750.39,0.0,0.0,0.0,4.44,8.1,0.0442
2019-07-07 21:30:00,188,21.5,50,2531,1,0,2402.5,3,35.0,35.47,0.0,0.0,0.0,0.0,0.5785,0.0,319.31,315.66,0.0,3.65,3.65,10.73,17.43,0.0,0.57,55.45,750.39,0.0,0.0,0.0,4.44,8.1,0.0442
2019-07-07 21:30:00,188,21.5,51,2531,1,0,2402.5,3,35.0,35.47,0.0,0.0,0.0,0.0,0.5785,0.0,319.31,315.66,0.0,3.65,3.65,10.73,17.43,0.0,0.57,55.45,750.39,0.0,0.0,0.0,4.44,8.1,0.0442
2019-07-07 21:30:00,188,21.5,52,2531,1,0,2402.5,3,35.0,35.47,0.0,0.0,0.0,0.0,0.5785,0.0,319.31,315.66,0.0,3.65,3.65,10.73,17.43,0.0,0.57,55.45,750.39,0.0,0.0,0.0,4.44,8.1,0.0442
2019-07-07 21:30:00,188,21.5,53,2507,1,0,2402.5,3,35.0,36.09,0.0,0.0,0.0,0.0,0.5791,0.0,319.31,315.66,0.0,3.65,3.65,10.73,17.59,0.0,0.57,55.45,750.39,0.0,0.0,0.0,4.44,8.1,0.0442
2019-07-07 21:30:00,188,21.5,54,2494,1,0,2402.5,3,35.0,36.43,0.0,0.0,0.0,0.0,0.5795,0.0,319.31,315.66,0.0,3.65,3.65,10.73,17.67,0.0,0.57,55.45,750.39,0.0,0.0,0.0,4.44,8.1,0.0442
2019-07-07 21:30:00,188,21.5,55,2531,1,0,2402.5,3,35.0,35.47,0.0,0.0,0.0,0.0,0.5785,0.0,319.31,315.66,0.0,3.65,3.65,10.73,17.43,0.0,0.57,55.45,750.39,0.0,0.0,0.0,4.44,8.1,0.0442
2019-07-07 21:30:00,188,21.5,56,2531,1,0,2402.5,3,35.0,35.47,0.0,0.0,0.0,0.0,0.5785,0.0,319.31,315.66,0.0,3.65,3.65,10.73,17.43,0.0,0.57,55.45,750.39,0.0,0.0,0.0,4.44,8.1,0.0442
2019-07-07 21:30:00,188,21.5,57,2507,1,0,2402.5,3,35.0,36.09,0.0,0.0,0.0,0.0,0.5791,0.0,319.31,315.66,0.0,3.65,3.65,10.73,17.59,0.0,0.57,55.45,750.39,0.0,0.0,0.0,4.44,8.1,0.0442
2019-07-07 21:30:00,188,21.5,58,2494,1,0,2402.5,3,35.0,36.43,0.0,0.0,0.0,0.0,0.5795,0.0,319.31,315.66,0.0,3.65,3.65,10.73,17.67,0.0,0.57,55.45,750.39,0.0,0.0,0.0,4.44,8.1,0.0442
2019-07-07 21:30:00,188,21.5,59,2506,1,0,2402.5,3,35.0,36.12,0.0,0.0,0.0,0.0,0.5791,0.0,319.31,315.66,0.0,3.65,3.65,10.73,17.6,0.0,0.57,55.45,750.39,0.0,0.0,0.0,4.44,8.1,0.0442
2019-07-07 21:30:00,188,21.5,60,2506,1,0,2402.5,3,35.0,36.12,0.0,0.0,0.0,0.0,0.5791,0.0,319.31,315.66,0.0,3.65,3.65,10.73,17.6,0.0,0.57,55.45,750.39,0.0,0.0,0.0,4.44,8.1,0.0442
2019-07-07 21:30:00,188,21.5,61,2485,1,0,2402.5,3,35.0,36.66,0.0,0.0,0.0,0.0,0.5797,0.0,319.31,315.66,0.0,3.65,3.65,10.73,17.73,0.0,0.57,55.45,750.39,0.0,0.0,0.0,4.44,8.1,0.0442
2019-07-07 21:30:00,188,21.5,62,2469,1,0,2402.5,3,35.0,37.08,0.0,0.0,0.0,0.0,0.5801,0.0,319.31,315.66,0.0,3.65,3.65,10.73,17.84,0.0,0.57,55.45,750.39,0.0,0.0,0.0,4.44,8.1,0.0442
2019-07-07 21:30:00,188,21.5,63,2506,1,0,2402.5,3,35.0,36.12,0.0,0.0,0.0,0.0,0.5791,0.0,319.31,315.66,0.0,3.65,3.65,10.73,17.6,0.0,0.57,55.45,750.39,0.0,0.0,0.0,4.44,8.1,0.0442
2019-07-07 21:30:00,188,21.5,64,2506,1,0,2402.5,3,35.0,36.12,0.0,0.0,0.0,0.0,0.5791,0.0,319.31,315.66,0.0,3.65,3.65,10.73,17.6,0.0,0.57,55.45,750.39,0.0,0.0,0.0,4.44,8.1,0.0442
2019-07-07 21:30:00,188,21.5,65,2506,1,0,2402.5,3,35.0,36.12,0.0,0.0,0.0,0.0,0.5791,0.0,319.31,315.66,0.0,3.65,3.65,10.73,17.6,0.0,0.57,55.45,750.39,0.0,0.0,0.0,4.44,8.1,0.0442
2019-07-07 21:30:00,188,21.5,66,2485,1,0,2402.5,3,35.0,36.66,0.0,0.0,0.0,0.0,0.5797,0.0,319.31,315.66,0.0,3.65,3.65,10.73,17.73,0.0,0.57,55.45,750.39,0.0,0.0,0.0,4.44,8.1,0.0442
2019-07-07 21:30:00,188,21.5,67,2455,1,0,2402.5,3,35.0,37.44,0.0,0.0,0.0,0.0,0.5804,0.0,319.31,315.66,0.0,3.65,3.65,10.73,17.93,0.0,0.57,55.45,750.39,0.0,0.0,0.0,4.44,8.1,0.0442
2019-07-07 21:30:00,188,21.5,68,2489,1,0,2402.5,3,35.0,36.56,0.0,0.0,0.0,0.0,0.5796,0.0,319.31,315.66,0.0,3.65,3.65,10.73,17.71,0.0,0.57,55.45,750.39,0.0,0.0,0.0,4.44,8.1,0.0442
2019-07-07 21:30:00,188,21.5,69,2489,1,0,2402.5,3,35.0,36.56,0.0,0.0,0.0,0.0,0.5796,0.0,319.31,315.66,0.0,3.65,3.65,10.73,17.71,0.0,0.57,55.45,750.39,0.0,0.0,0.0,4.44,8.1,0.0442
2019-07-07 21:30:00,188,21.5,70,2489,1,0,2402.5,3,35.0,36.56,0.0,0.0,0.0,0.0,0.5796,0.0,319.31,315.66,0.0,3.65,3.65,10.73,17.71,0.0,0.57,55.45,750.39,0.0,0.0,0.0,4.44,8.1,0.0442
2019-07-07 21:30:00,188,21.5,71,2477,1,0,2402.5,3,35.0,36.87,0.0,0.0,0.0,0.0,0.5799,0.0,319.31,315.66,0.0,3.65,3.65,10.73,17.79,0.0,0.57,55.45,750.39,0.0,0.0,0.0,4.44,8.1,0.0442
2019-07-07 21:30:00,188,21.5,72,2455,1,0,2402.5,3,35.0,37.44,0.0,0.0,0.0,0.0,0.5804,0.0,319.31,315.66,0.0,3.65,3.65,10.73,17.93,0.0,0.57,55.45,750.39,0.0,0.0,0.0,4.44,8.1,0.0442
2019-07-07 21:30:00,188,21.5,73,2485,1,0,2402.5,3,35.0,36.66,0.0,0.0,0.0,0.0,0.5797,0.0,319.31,315.66,0.0,3.65,3.65,10.73,17.73,0.0,0.57,55.45,750.39,0.0,0.0,0.0,4.44,8.1,0.0442
2019-07-07 21:30:00,188,21.5,74,2485,1,0,2402.5,3,35.0,36.66,0.0,0.0,0.0,0.0,0.5797,0.0,319.31,315.66,0.0,3.65,3.65,10.73,17.73,0.0,0.57,55.45,750.39,0.0,0.0,0.0,4.44,8.1,0.0442
2019-07-07 21:30:00,188,21.5,75,2485,1,0,2402.5,3,35.0,36.66,0.0,0.0,0.0,0.0,0.5797,0.0,319.31,315.66,0.0,3.65,3.65,10.73,17.73,0.0,0.57,55.45,750.39,0.0,0.0,0.0,4.44,8.1,0.0442
2019-07-07 21:30:00,188,21.5,76,2466,1,0,2402.5,3,35.0,37.16,0.0,0.0,0.0,0.0,0.5802,0.0,319.31,315.66,0.0,3.65,3.65,10.73,17.86,0.0,0.57,55.45,750.39,0.0,0.0,0.0,4.44,8.1,0.0442
2019-07-07 21:30:00,188,21.5,77,2445,1,0,2402.5,3,35.0,37.7,0.0,0.0,0.0,0.0,0.5807,0.0,319.31,315.66,0.0,3.65,3.65,10.73,17.99,0.0,0.57,55.45,750.39,0.0,0.0,0.0,4.44,8.1,0.0442
2019-07-07 21:30:00,188,21.5,78,2478,1,0,2402.5,3,35.0,36.85,0.0,0.0,0.0,0.0,0.5799,0.0,319.31,315.66,0.0,3.65,3.65,10.73,17.78,0.0,0.57,55.45,750.39,0.0,0.0,0.0,4.44,8.1,0.0442
2019-07-07 21:30:00,188,21.5,79,2478,1,0,2402.5,3,35.0,36.85,0.0,0.0,0.0,0.0,0.5799,0.0,319.31,315.66,0.0,3.65,3.65,10.73,17.78,0.0,0.57,55.45,750.39,0.0,0.0,0.0,4.44,8.1,0.0442
2019-07-07 21:30:00,188,21.5,80,2449,1,0,2402.5,3,35.0,37.6,0.0,0.0,0.0,0.0,0.5806,0.0,319.31,315.66,0.0,3.65,3.65,10.73,17.97,0.0,0.57,55.45,750.39,0.0,0.0,0.0,4.44,8.1,0.0442
2019-07-07 21:30:00,188,21.5,81,2412,1,0,2402.5,3,35.0,38.56,0.0,0.0,0.0,0.0,0.5815,0.0,319.31,315.66,0.0,3.65,3.65,10.73,18.21,0.0,0.57,55.45,750.39,0.0,0.0,0.0,4.44,8.1,0.0442
2019-07-07 21:30:00,188,21.5,82,2443,1,0,2402.5,3,35.0,37.76,0.0,0.0,0.0,0.0,0.5807,0.0,319.31,315.66,0.0,3.65,3.65,10.73,18.01,0.0,0.57,55.45,750.39,0.0,0.0,0.0,4.44,8.1,0.0442
2019-07-07 21:30:00,188,21.5,83,2474,1,0,2402.5,3,35.0,36.95,0.0,0.0,0.0,0.0,0.58,0.0,319.31,315.66,0.0,3.65,3.65,10.73,17.8,0.0,0.57,55.45,750.39,0.0,0.0,0.0,4.44,8.1,0.0442
2019-07-07 21:30:00,188,21.5,84,2474,1,0,2402.5,3,35.0,36.95,0.0,0.0,0.0,0.0,0.58,0.0,319.31,315.66,0.0,3.65,3.65,10.73,17.8,0.0,0.57,55.45,750.39,0.0,0.0,0.0,4.44,8.1,0.0442
2019-07-07 21:30:00,188,21.5,85,2436,1,0,2402.5,3,35.0,37.94,0.0,0.0,0.0,0.0,0.5809,0.0,319.31,315.66,0.0,3.65,3.65,10.73,18.05,0.0,0.57,55.45,750.39,0.0,0.0,0.0,4.44,8.1,0.0442
2019-07-07 21:30:00,188,21.5,86,2397,0,0,2402.5,3,35.0,38.95,0.0,0.0,0.0,0.0,0.2445,0.0,319.31,315.66,0.0,3.65,3.65,10.73,18.3,0.0,0.57,55.45,750.39,0.0,0.0,0.0,24.44,28.1,0.151
2019-07-07 21:30:00,188,21.5,87,2415,1,0,2402.5,3,35.0,38.48,0.0,0.0,0.0,0.0,0.5815,0.0,319.31,315.66,0.0,3.65,3.65,10.73,18.19,0.0,0.57,55.45,750.39,0.0,0.0,0.0,4.44,8.1,0.0442
2019-07-07 21:30:00,188,21.5,88,2476,1,0,2402.5,3,35.0,36.9,0.0,0.0,0.0,0.0,0.5799,0.0,319.31,315.66,0.0,3.65,3.65,10.73,17.79,0.0,0.57,55.45,750.39,0.0,0.0,0.0,4.44,8.1,0.0442
2019-07-07 21:30:00,188,21.5,89,2428,1,0,2402.5,3,35.0,38.15,0.0,0.0,0.0,0.0,0.5811,0.0,319.31,315.66,0.0,3.65,3.65,10.73,18.1,0.0,0.57,55.45,750.39,0.0,0.0,0.0,4.44,8.1,0.0442
2019-07-07 21:30:00,188,21.5,90,2377,0,0,2402.5,3,35.0,39.47,0.0,0.0,0.0,0.0,0.245,0.0,319.31,315.66,0.0,3.65,3.65,10.73,18.43,0.0,0.57,55.45,750.39,0.0,0.0,0.0,24.44,28.1,0.151
2019-07-07 21:30:00,188,21.5,91,2378,0,0,2402.5,3,35.0,39.45,0.0,0.0,0.0,0.0,0.2449,0.0,319.31,315.66,0.0,3.65,3.65,10.73,18.43,0.0,0.57,55.45,750.39,0.0,0.0,0.0,24.44,28.1,0.151
2019-07-07 21:30:00,188,21.5,92,2496,1,0,2402.5,3,35.0,36.38,0.0,0.0,0.0,0.0,0.5794,0.0,319.31,315.66,0.0,3.65,3.65,10.73,17.66,0.0,0.57,55.45,750.39,0.0,0.0,0.0,4.44,8.1,0.0442
2019-07-07 21:30:00,188,21.5,93,2423,1,0,2402.5,3,35.0,38.28,0.0,0.0,0.0,0.0,0.5813,0.0,319.31,315.66,0.0,3.65,3.65,10.73,18.14,0.0,0.57,55.45,750.39,0.0,0.0,0.0,4.44,8.1,0.0442
2019-07-07 21:30:00,188,21.5,95,2372,0,0,2402.5,3,35.0,39.6,0.0,0.0,0.0,0.0,0.2451,0.0,319.31,315.66,0.0,3.65,3.65,10.73,18.47,0.0,0.57,55.45,750.39,0.0,0.0,0.0,24.44,28.1,0.151
2019-07-07 21:30:00,188,21.5,97,2358,0,0,2402.5,3,35.0,39.97,0.0,0.0,0.0,0.0,0.2454,0.0,319.31,315.66,0.0,3.65,3.65,10.73,18.56,0.0,0.57,55.45,750.39,0.0,0.0,0.0,24.44,28.1,0.151
2019-07-07 21:30:00,188,21.5,98,2554,1,0,2402.5,3,35.0,34.87,0.0,0.0,0.0,0.0,0.5779,0.0,319.31,315.66,0.0,3.65,3.65,10.73,17.28,0.0,0.57,55.45,750.39,0.0,0.0,0.0,4.44,8.1,0.0442
2019-07-07 21:30:00,188,21.5,99,2451,1,0,2402.5,3,35.0,37.55,0.0,0.0,0.0,0.0,0.5805,0.0,319.31,315.66,0.0,3.65,3.65,10.73,17.95,0.0,0.57,55.45,750.39,0.0,0.0,0.0,4.44,8.1,0.0442
2019-07-07 21:30:00,188,21.5,100,2361,0,0,2402.5,3,35.0,39.89,0.0,0.0,0.0,0.0,0.2454,0.0,319.31,315.66,0.0,3.65,3.65,10.73,18.54,0.0,0.57,55.45,750.39,0.0,0.0,0.0,24.44,28.1,0.151
2019-07-07 22:00:00,188,22.0,94,2563,1,0,2402.5,3,35.0,34.64,0.0,0.0,0.0,0.0,0.5777,0.0,322.11,315.66,0.0,6.45,6.45,10.35,17.23,0.0,0.71,56.93,750.26,0.0,0.0,0.0,4.44,10.9,0.0594
2019-07-07 22:00:00,188,22.0,96,2549,1,0,2402.5,3,35.0,35.0,0.0,0.0,0.0,0.0,0.5781,0.0,322.11,315.66,0.0,6.45,6.45,10.35,17.32,0.0,0.71,56.93,750.26,0.0,0.0,0.0,4.44,10.9,0.0594
2019-07-07 22:00:00,188,22.0,1,2612,1,0,2402.5,3,35.0,33.36,0.0,0.0,0.0,0.0,0.5765,0.0,322.11,315.66,0.0,6.45,6.45,10.35,16.91,0.0,0.71,56.93,750.26,0.0,0.0,0.0,4.44,10.9,0.0594
2019-07-07 22:00:00,188,22.0,2,2612,1,0,2402.5,3,35.0,33.36,0.0,0.0,0.0,0.0,0.5765,0.0,322.11,315.66,0.0,6.45,6.45,10.35,16.91,0.0,0.71,56.93,750.26,0.0,0.0,0.0,4.44,10.9,0.0594
2019-07-07 22:00:00,188,22.0,3,2610,1,0,2402.5,3,35.0,33.41,0.0,0.0,0.0,0.0,0.5765,0.0,322.11,315.66,0.0,6.45,6.45,10.35,16.92,0.0,0.71,56.93,750.26,0.0,0.0,0.0,4.44,10.9,0.0594
2019-07-07 22:00:00,188,22.0,4,2583,1,0,2402.5,3,35.0,34.12,0.0,0.0,0.0,0.0,0.5772,0.0,322.11,315.66,0.0,6.45,6.45,10.35,17.1,0.0,0.71,56.93,750.26,0.0,0.0,0.0,4.44,10.9,0.0594
2019-07-07 22:00:00,188,22.0,5,2583,1,0,2402.5,3,35.0,34.12,0.0,0.0,0.0,0.0,0.5772,0.0,322.11,315.66,0.0,6.45,6.45,10.35,17.1,0.0,0.71,56.93,750.26,0.0,0.0,0.0,4.44,10.9,0.0594
2019-07-07 22:00:00,188,22.0,6,2546,1,0,2402.5,3,35.0,35.08,0.0,0.0,0.0,0.0,0.5781,0.0,322.11,315.66,0.0,6.45,6.45,10.35,17.34,0.0,0.71,56.93,750.26,0.0,0.0,0.0,4.44,10.9,0.0594
2019-07-07 22:00:00,188,22.0,7,2546,1,0,2402.5,3,35.0,35.08,0.0,0.0,0.0,0.0,0.5781,0.0,322.11,315.66,0.0,6.45,6.45,10.35,17.34,0.0,0.71,56.93,750.26,0.0,0.0,0.0,4.44,10.9,0.0594
2019-07-07 22:00:00,188,22.0,8,2639,1,0,2402.5,3,35.0,32.66,0.0,0.0,0.0,0.0,0.5758,0.0,322.11,315.66,0.0,6.45,6.45,10.35,16.73,0.0,0.71,56.93,750.26,0.0,0.0,0.0,4.44,10.9,0.0594
2019-07-07 22:00:00,188,22.0,9,2610,1,0,2402.5,3,35.0,33.41,0.0,0.0,0.0,0.0,0.5765,0.0,322.11,315.66,0.0,6.45,6.45,10.35,16.92,0.0,0.71,56.93,750.26,0.0,0.0,0.0,4.44,10.9,0.0594
2019-07-07 22:00:00,188,22.0,10,2579,1,0,2402.5,3,35.0,34.22,0.0,0.0,0.0,0.0,0.5773,0.0,322.11,315.66,0.0,6.45,6.45,10.35,17.12,0.0,0.71,56.93,750.26,0.0,0.0,0.0,4.44,10.9,0.0594
2019-07-07 22:00:00,188,22.0,11,2579,1,0,2402.5,3,35.0,34.22,0.0,0.0,0.0,0.0,0.5773,0.0,322.11,315.66,0.0,6.45,6.45,10.35,17.12,0.0,0.71,56.93,750.26,0.0,0.0,0.0,4.44,10.9,0.0594
2019-07-07 22:00:00,188,22.0,12,2546,1,0,2402.5,3,35.0,35.08,0.0,0.0,0.0,0.0,0.5781,0.0,322.11,315.66,0.0,6.45,6.45,10.35,17.34,0.0,0.71,56.93,750.26,0.0,0.0,0.0,4.44,10.9,0.0594
2019-07-07 22:00:00,188,22.0,13,2530,1,0,2402.5,3,35.0,35.49,0.0,0.0,0.0,0.0,0.5785,0.0,322.11,315.66,0.0,6.45,6.45,10.35,17.44,0.0,0.71,56.93,750.26,0.0,0.0,0.0,4.44,10.9,0.0594
2019-07-07 22:00:00,188,22.0,14,2530,1,0,2402.5,3,35.0,35.49,0.0,0.0,0.0,0.0,0.5785,0.0,322.11,315.66,0.0,6.45,6.45,10.35,17.44,0.0,0.71,56.93,750.26,0.0,0.0,0.0,4.44,10.9,0.0594
2019-07-07 22:00:00,188,22.0,15,2494,1,0,2402.5,3,35.0,36.43,0.0,0.0,0.0,0.0,0.5795,0.0,322.11,315.66,0.0,6.45,6.45,10.35,17.67,0.0,0.71,56.93,750.26,0.0,0.0,0.0,4.44,10.9,0.0594
2019-07-07 22:00:00,188,22.0,16,2494,1,0,2402.5,3,35.0,36.43,0.0,0.0,0.0,0.0,0.5795,0.0,322.11,315.66,0.0,6.45,6.45,10.35,17.67,0.0,0.71,56.93,750.26,0.0,0.0,0.0,4.44,10.9,0.0594
2019-07-07 22:00:00,188,22.0,17,2462,1,0,2402.5,3,35.0,37.26,0.0,0.0,0.0,0.0,0.5803,0.0,322.11,315.66,0.0,6.45,6.45,10.35,17.88,0.0,0.71,56.93,750.26,0.0,0.0,0.0,4.44,10.9,0.0594
2019-07-07 22:00:00,188,22.0,18,2630,1,0,2402.5,3,35.0,32.89,0.0,0.0,0.0,0.0,0.576,0.0,322.11,315.66,0.0,6.45,6.45,10.35,16.79,0.0,0.71,56.93,750.26,0.0,0.0,0.0,4.44,10.9,0.0594
2019-07-07 22:00:00,188,22.0,19,2630,1,0,2402.5,3,35.0,32.89,0.0,0.0,0.0,0.0,0.576,0.0,322.11,315.66,0.0,6.45,6.45,10.35,16.79,0.0,0.71,56.93,750.26,0.0,0.0,0.0,4.44,10.9,0.0594
2019-07-07 22:00:00,188,22.0,20,2604,1,0,2402.5,3,35.0,33.57,0.0,0.0,0.0,0.0,0.5767,0.0,322.11,315.66,0.0,6.45,6.45,10.35,16.96,0.0,0.71,56.93,750.26,0.0,0.0,0.0,4.44,10.9,0.0594
2019-07-07 22:00:00,188,22.0,21,2563,1,0,2402.5,3,35.0,34.64,0.0,0.0,0.0,0.0,0.5777,0.0,322.11,315.66,0.0,6.45,6.45,10.35,17.23,0.0,0.71,56.93,750.26,0.0,0.0,0.0,4.44,10.9,0.0594
2019-07-07 22:00:00,188,22.0,22,2556,1,0,2402.5,3,35.0,34.82,0.0,0.0,0.0,0.0,0.5779,0.0,322.11,315.66,0.0,6.45,6.45,10.35,17.27,0.0,0.71,56.93,750.26,0.0,0.0,0.0,4.44,10.9,0.0594
2019-07-07 22:00:00,188,22.0,23,2549,1,0,2402.5,3,35.0,35.0,0.0,0.0,0.0,0.0,0.5781,0.0,322.11,315.66,0.0,6.45,6.45,10.35,17.32,0.0,0.71,56.93,750.26,0.0,0.0,0.0,4.44,10.9,0.0594
2019-07-07 22:00:00,188,22.0,24,2549,1,0,2402.5,3,35.0,35.0,0.0,0.0,0.0,0.0,0.5781,0.0,322.11,315.66,0.0,6.45,6.45,10.35,17.32,0.0,0.71,56.93,750.26,0.0,0.0,0.0,4.44,10.9,0.0594
2019-07-07 22:00:00,188,22.0,25,2524,1,0,2402.5,3,35.0,35.65,0.0,0.0,0.0,0.0,0.5787,0.0,322.11,315.66,0.0,6.45,6.45,10.35,17.48,0.0,0.71,56.93,750.26,0.0,0.0,0.0,4.44,10.9,0.0594
2019-07-07 22:00:00,188,22.0,26,2502,1,0,2402.5,3,35.0,36.22,0.0,0.0,0.0,0.0,0.5792,0.0,322.11,315.66,0.0,6.45,6.45,10.35,17.62,0.0,0.71,56.93,750.26,0.0,0.0,0.0,4.44,10.9,0.0594
2019-07-07 22:00:00,188,22.0,27,2502,1,0,2402.5,3,35.0,36.22,0.0,0.0,0.0,0.0,0.5792,0.0,322.11,315.66,0.0,6.45,6.45,10.35,17.62,0.0,0.71,56.93,750.26,0.0,0.0,0.0,4.44,10.9,0.0594
2019-07-07 22:00:00,188,22.0,28,2477,1,0,2402.5,3,35.0,36.87,0.0,0.0,0.0,0.0,0.5799,0.0,322.11,315.66,0.0,6.45,6.45,10.35,17.79,0.0,0.71,56.93,750.26,0.0,0.0,0.0,4.44,10.9,0.0594
2019-07-07 22:00:00,188,22.0,29,2477,1,0,2402.5,3,35.0,36.87,0.0,0.0,0.0,0.0,0.5799,0.0,322.11,315.66,0.0,6.45,6.45,10.35,17.79,0.0,0.71,56.93,750.26,0.0,0.0,0.0,4.44,10.9,0.0594
2019-07-07 22:00:00,188,22.0,30,2440,1,0,2402.5,3,35.0,37.83,0.0,0.0,0.0,0.0,0.5808,0.0,322.11,315.66,0.0,6.45,6.45,10.35,18.03,0.0,0.71,56.93,750.26,0.0,0.0,0.0,4.44,10.9,0.0594
2019-07-07 22:00:00,188,22.0,31,2620,1,0,2402.5,3,35.0,33.15,0.0,0.0,0.0,0.0,0.5763,0.0,322.11,315.66,0.0,6.45,6.45,10.35,16.86,0.0,0.71,56.93,750.26,0.0,0.0,0.0,4.44,10.9,0.0594
2019-07-07 22:00:00,188,22.0,32,2576,1,0,2402.5,3,35.0,34.3,0.0,0.0,0.0,0.0,0.5774,0.0,322.11,315.66,0.0,6.45,6.45,10.35,17.14,0.0,0.71,56.93,750.26,0.0,0.0,0.0,4.44,10.9,0.0594
2019-07-07 22:00:00,188,22.0,33,2576,1,0,2402.5,3,35.0,34.3,0.0,0.0,0.0,0.0,0.5774,0.0,322.11,315.66,0.0,6.45,6.45,10.35,17.14,0.0,0.71,56.93,750.26,0.0,0.0,0.0,4.44,10.9,0.0594
2019-07-07 22:00:00,188,22.0,34,2576,1,0,2402.5,3,35.0,34.3,0.0,0.0,0.0,0.0,0.5774,0.0,322.11,315.66,0.0,6.45,6.45,10.35,17.14,0.0,0.71,56.93,750.26,0.0,0.0,0.0,4.44,10.9,0.0594
2019-07-07 22:00:00,188,22.0,35,2556,1,0,2402.5,3,35.0,34.82,0.0,0.0,0.0,0.0,0.5779,0.0,322.11,315.66,0.0,6.45,6.45,10.35,17.27,0.0,0.71,56.93,750.26,0.0,0.0,0.0,4.44,10.9,0.0594
2019-07-07 22:00:00,188,22.0,36,2533,1,0,2402.5,3,35.0,35.42,0.0,0.0,0.0,0.0,0.5785,0.0,322.11,315.66,0.0,6.45,6.45,10.35,17.42,0.0,0.71,56.93,750.26,0.0,0.0,0.0,4.44,10.9,0.0594
2019-07-07 22:00:00,188,22.0,37,2532,1,0,2402.5,3,35.0,35.44,0.0,0.0,0.0,0.0,0.5785,0.0,322.11,315.66,0.0,6.45,6.45,10.35,17.43,0.0,0.71,56.93,750.26,0.0,0.0,0.0,4.44,10.9,0.0594
2019-07-07 22:00:00,188,22.0,38,2534,1,0,2402.5,3,35.0,35.39,0.0,0.0,0.0,0.0,0.5784,0.0,322.11,315.66,0.0,6.45,6.45,10.35,17.41,0.0,0.71,56.93,750.26,0.0,0.0,0.0,4.44,10.9,0.0594
2019-07-07 22:00:00,188,22.0,39,2534,1,0,2402.5,3,35.0,35.39,0.0,0.0,0.0,0.0,0.5784,0.0,322.11,315.66,0.0,6.45,6.45,10.35,17.41,0.0,0.71,56.93,750.26,0.0,0.0,0.0,4.44,10.9,0.0594
2019-07-07 22:00:00,188,22.0,40,2515,1,0,2402.5,3,35.0,35.88,0.0,0.0,0.0,0.0,0.5789,0.0,322.11,315.66,0.0,6.45,6.45,10.35,17.54,0.0,0.71,56.93,750.26,0.0,0.0,0.0,4.44,10.9,0.0594
2019-07-07 22:00:00,188,22.0,41,2487,1,0,2402.5,3,35.0,36.61,0.0,0.0,0.0,0.0,0.5796,0.0,322.11,315.66,0.0,6.45,6.45,10.35,17.72,0.0,0.71,56.93,750.26,0.0,0.0,0.0,4.44,10.9,0.0594
2019-07-07 22:00:00,188,22.0,42,2487,1,0,2402.5,3,35.0,36.61,0.0,0.0,0.0,0.0,0.5796,0.0,322.11,315.66,0.0,6.45,6.45,10.35,17.72,0.0,0.71,56.93,750.26,0.0,0.0,0.0,4.44,10.9,0.0594
2019-07-07 22:00:00,188,22.0,43,2464,1,0,2402.5,3,35.0,37.21,0.0,0.0,0.0,0.0,0.5802,0.0,322.11,315.66,0.0,6.45,6.45,10.35,17.87,0.0,0.71,56.93,750.26,0.0,0.0,0.0,4.44,10.9,0.0594
2019-07-07 22:00:00,188,22.0,44,2555,1,0,2402.5,3,35.0,34.84,0.0,0.0,0.0,0.0,0.5779,0.0,322.11,315.66,0.0,6.45,6.45,10.35,17.28,0.0,0.71,56.93,750.26,0.0,0.0,0.0,4.44,10.9,0.0594
2019-07-07 22:00:00,188,22.0,45,2555,1,0,2402.5,3,35.0,34.84,0.0,0.0,0.0,0.0,0.5779,0.0,322.11,315.66,0.0,6.45,6.45,10.35,17.28,0.0,0.71,56.93,750.26,0.0,0.0,0.0,4.44,10.9,0.0594
2019-07-07 22:00:00,188,22.0,46,2555,1,0,2402.5,3,35.0,34.84,0.0,0.0,0.0,0.0,0.5779,0.0,322.11,315.66,0.0,6.45,6.45,10.35,17.28,0.0,0.71,56.93,750.26,0.0,0.0,0.0,4.44,10.9,0.0594
2019-07-07 22:00:00,188,22.0,47,2530,1,0,2402.5,3,35.0,35.49,0.0,0.0,0.0,0.0,0.5785,0.0,322.11,315.66,0.0,6.45,6.45,10.35,17.44,0.0,0.71,56.93,750.26,0.0,0.0,0.0,4.44,10.9,0.0594
2019-07-07 22:00:00,188,22.0,48,2510,1,0,2402.5,3,35.0,36.01,0.0,0.0,0.0,0.0,0.579,0.0,322.11,315.66,0.0,6.45,6.45,10.35,17.57,0.0,0.71,56.93,750.26,0.0,0.0,0.0,4.44,10.9,0.0594
2019-07-07 22:00:00,188,22.0,49,2534,1,0,2402.5,3,35.0,35.39,0.0,0.0,0.0,0.0,0.5784,0.0,322.11,315.66,0.0,6.45,6.45,10.35,17.41,0.0,0.71,56.93,750.26,0.0,0.0,0.0,4.44,10.9,0.0594
2019-07-07 22:00:00,188,22.0,50,2531,1,0,2402.5,3,35.0,35.47,0.0,0.0,0.0,0.0,0.5785,0.0,322.11,315.66,0.0,6.45,6.45,10.35,17.43,0.0,0.71,56.93,750.26,0.0,0.0,0.0,4.44,10.9,0.0594
2019-07-07 22:00:00,188,22.0,51,2531,1,0,2402.5,3,35.0,35.47,0.0,0.0,0.0,0.0,0.5785,0.0,322.11,315.66,0.0,6.45,6.45,10.35,17.43,0.0,0.71,56.93,750.26,0.0,0.0,0.0,4.44,10.9,0.0594
2019-07-07 22:00:00,188,22.0,52,2531,1,0,2402.5,3,35.0,35.47,0.0,0.0,0.0,0.0,0.5785,0.0,322.11,315.66,0.0,6.45,6.45,10.35,17.43,0.0,0.71,56.93,750.26,0.0,0.0,0.0,4.44,10.9,0.0594
2019-07-07 22:00:00,188,22.0,53,2507,1,0,2402.5,3,35.0,36.09,0.0,0.0,0.0,0.0,0.5791,0.0,322.11,315.66,0.0,6.45,6.45,10.35,17.59,0.0,0.71,56.93,750.26,0.0,0.0,0.0,4.44,10.9,0.0594
2019-07-07 22:00:00,188,22.0,54,2494,1,0,2402.5,3,35.0,36.43,0.0,0.0,0.0,0.0,0.5795,0.0,322.11,315.66,0.0,6.45,6.45,10.35,17.67,0.0,0.71,56.93,750.26,0.0,0.0,0.0,4.44,10.9,0.0594
2019-07-07 22:00:00,188,22.0,55,2531,1,0,2402.5,3,35.0,35.47,0.0,0.0,0.0,0.0,0.5785,0.0,322.11,315.66,0.0,6.45,6.45,10.35,17.43,0.0,0.71,56.93,750.26,0.0,0.0,0.0,4.44,10.9,0.0594
2019-07-07 22:00:00,188,22.0,56,2531,1,0,2402.5,3,35.0,35.47,0.0,0.0,0.0,0.0,0.5785,0.0,322.11,315.66,0.0,6.45,6.45,10.35,17.43,0.0,0.71,56.93,750.26,0.0,0.0,0.0,4.44,10.9,0.0594
2019-07-07 22:00:00,188,22.0,57,2507,1,0,2402.5,3,35.0,36.09,0.0,0.0,0.0,0.0,0.5791,0.0,322.11,315.66,0.0,6.45,6.45,10.35,17.59,0.0,0.71,56.93,750.26,0.0,0.0,0.0,4.44,10.9,0.0594
2019-07-07 22:00:00,188,22.0,58,2494,1,0,2402.5,3,35.0,36.43,0.0,0.0,0.0,0.0,0.5795,0.0,322.11,315.66,0.0,6.45,6.45,10.35,17.67,0.0,0.71,56.93,750.26,0.0,0.0,0.0,4.44,10.9,0.0594
2019-07-07 22:00:00,188,22.0,59,2506,1,0,2402.5,3,35.0,36.12,0.0,0.0,0.0,0.0,0.5791,0.0,322.11,315.66,0.0,6.45,6.45,10.35,17.6,0.0,0.71,56.93,750.26,0.0,0.0,0.0,4.44,10.9,0.0594
2019-07-07 22:00:00,188,22.0,60,2506,1,0,2402.5,3,35.0,36.12,0.0,0.0,0.0,0.0,0.5791,0.0,322.11,315.66,0.0,6.45,6.45,10.35,17.6,0.0,0.71,56.93,750.26,0.0,0.0,0.0,4.44,10.9,0.0594
2019-07-07 22:00:00,188,22.0,61,2485,1,0,2402.5,3,35.0,36.66,0.0,0.0,0.0,0.0,0.5797,0.0,322.11,315.66,0.0,6.45,6.45,10.35,17.73,0.0,0.71,56.93,750.26,0.0,0.0,0.0,4.44,10.9,0.0594
2019-07-07 22:00:00,188,22.0,62,2469,1,0,2402.5,3,35.0,37.08,0.0,0.0,0.0,0.0,0.5801,0.0,322.11,315.66,0.0,6.45,6.45,10.35,17.84,0.0,0.71,56.93,750.26,0.0,0.0,0.0,4.44,10.9,0.0594
2019-07-07 22:00:00,188,22.0,63,2506,1,0,2402.5,3,35.0,36.12,0.0,0.0,0.0,0.0,0.5791,0.0,322.11,315.66,0.0,6.45,6.45,10.35,17.6,0.0,0.71,56.93,750.26,0.0,0.0,0.0,4.44,10.9,0.0594
2019-07-07 22:00:00,188,22.0,64,2506,1,0,2402.5,3,35.0,36.12,0.0,0.0,0.0,0.0,0.5791,0.0,322.11,315.66,0.0,6.45,6.45,10.35,17.6,0.0,0.71,56.93,750.26,0.0,0.0,0.0,4.44,10.9,0.0594
2019-07-07 22:00:00,188,22.0,65,2506,1,0,2402.5,3,35.0,36.12,0.0,0.0,0.0,0.0,0.5791,0.0,322.11,315.66,0.0,6.45,6.45,10.35,17.6,0.0,0.71,56.93,750.26,0.0,0.0,0.0,4.44,10.9,0.0594
2019-07-07 22:00:00,188,22.0,66,2485,1,0,2402.5,3,35.0,36.66,0.0,0.0,0.0,0.0,0.5797,0.0,322.11,315.66,0.0,6.45,6.45,10.35,17.73,0.0,0.71,56.93,750.26,0.0,0.0,0.0,4.44,10.9,0.0594
2019-07-07 22:00:00,188,22.0,67,2455,1,0,2402.5,3,35.0,37.44,0.0,0.0,0.0,0.0,0.5804,0.0,322.11,315.66,0.0,6.45,6.45,10.35,17.93,0.0,0.71,56.93,750.26,0.0,0.0,0.0,4.44,10.9,0.0594
2019-07-07 22:00:00,188,22.0,68,2489,1,0,2402.5,3,35.0,36.56,0.0,0.0,0.0,0.0,0.5796,0.0,322.11,315.66,0.0,6.45,6.45,10.35,17.71,0.0,0.71,56.93,750.26,0.0,0.0,0.0,4.44,10.9,0.0594
2019-07-07 22:00:00,188,22.0,69,2489,1,0,2402.5,3,35.0,36.56,0.0,0.0,0.0,0.0,0.5796,0.0,322.11,315.66,0.0,6.45,6.45,10.35,17.71,0.0,0.71,56.93,750.26,0.0,0.0,0.0,4.44,10.9,0.0594
2019-07-07 22:00:00,188,22.0,70,2489,1,0,2402.5,3,35.0,36.56,0.0,0.0,0.0,0.0,0.5796,0.0,322.11,315.66,0.0,6.45,6.45,10.35,17.71,0.0,0.71,56.93,750.26,0.0,0.0,0.0,4.44,10.9,0.0594
2019-07-07 22:00:00,188,22.0,71,2477,1,0,2402.5,3,35.0,36.87,0.0,0.0,0.0,0.0,0.5799,0.0,322.11,315.66,0.0,6.45,6.45,10.35,17.79,0.0,0.71,56.93,750.26,0.0,0.0,0.0,4.44,10.9,0.0594
2019-07-07 22:00:00,188,22.0,72,2455,1,0,2402.5,3,35.0,37.44,0.0,0.0,0.0,0.0,0.5804,0.0,322.11,315.66,0.0,6.45,6.45,10.35,17.93,0.0,0.71,56.93,750.26,0.0,0.0,0.0,4.44,10.9,0.0594
2019-07-07 22:00:00,188,22.0,73,2485,1,0,2402.5,3,35.0,36.66,0.0,0.0,0.0,0.0,0.5797,0.0,322.11,315.66,0.0,6.45,6.45,10.35,17.73,0.0,0.71,56.93,750.26,0.0,0.0,0.0,4.44,10.9,0.0594
2019-07-07 22:00:00,188,22.0,74,2485,1,0,2402.5,3,35.0,36.66,0.0,0.0,0.0,0.0,0.5797,0.0,322.11,315.66,0.0,6.45,6.45,10.35,17.73,0.0,0.71,56.93,750.26,0.0,0.0,0.0,4.44,10.9,0.0594
2019-07-07 22:00:00,188,22.0,75,2485,1,0,2402.5,3,35.0,36.66,0.0,0.0,0.0,0.0,0.5797,0.0,322.11,315.66,0.0,6.45,6.45,10.35,17.73,0.0,0.71,56.93,750.26,0.0,0.0,0.0,4.44,10.9,0.0594
2019-07-07 22:00:00,188,22.0,76,2466,1,0,2402.5,3,35.0,37.16,0.0,0.0,0.0,0.0,0.5802,0.0,322.11,315.66,0.0,6.45,6.45,10.35,17.86,0.0,0.71,56.93,750.26,0.0,0.0,0.0,4.44,10.9,0.0594
2019-07-07 22:00:00,188,22.0,77,2445,1,0,2402.5,3,35.0,37.7,0.0,0.0,0.0,0.0,0.5807,0.0,322.11,315.66,0.0,6.45,6.45,10.35,17.99,0.0,0.71,56.93,750.26,0.0,0.0,0.0,4.44,10.9,0.0594
2019-07-07 22:00:00,188,22.0,78,2478,1,0,2402.5,3,35.0,36.85,0.0,0.0,0.0,0.0,0.5799,0.0,322.11,315.66,0.0,6.45,6.45,10.35,17.78,0.0,0.71,56.93,750.26,0.0,0.0,0.0,4.44,10.9,0.0594
2019-07-07 22:00:00,188,22.0,79,2478,1,0,2402.5,3,35.0,36.85,0.0,0.0,0.0,0.0,0.5799,0.0,322.11,315.66,0.0,6.45,6.45,10.35,17.78,0.0,0.71,56.93,750.26,0.0,0.0,0.0,4.44,10.9,0.0594
2019-07-07 22:00:00,188,22.0,80,2449,1,0,2402.5,3,35.0,37.6,0.0,0.0,0.0,0.0,0.5806,0.0,322.11,315.66,0.0,6.45,6.45,10.35,17.97,0.0,0.71,56.93,750.26,0.0,0.0,0.0,4.44,10.9,0.0594
2019-07-07 22:00:00,188,22.0,81,2412,1,0,2402.5,3,35.0,38.56,0.0,0.0,0.0,0.0,0.5815,0.0,322.11,315.66,0.0,6.45,6.45,10.35,18.21,0.0,0.71,56.93,750.26,0.0,0.0,0.0,4.44,10.9,0.0594
2019-07-07 22:00:00,188,22.0,82,2443,1,0,2402.5,3,35.0,37.76,0.0,0.0,0.0,0.0,0.5807,0.0,322.11,315.66,0.0,6.45,6.45,10.35,18.01,0.0,0.71,56.93,750.26,0.0,0.0,0.0,4.44,10.9,0.0594
2019-07-07 22:00:00,188,22.0,83,2474,1,0,2402.5,3,35.0,36.95,0.0,0.0,0.0,0.0,0.58,0.0,322.11,315.66,0.0,6.45,6.45,10.35,17.8,0.0,0.71,56.93,750.26,0.0,0.0,0.0,4.44,10.9,0.0594
2019-07-07 22:00:00,188,22.0,84,2474,1,0,2402.5,3,35.0,36.95,0.0,0.0,0.0,0.0,0.58,0.0,322.11,315.66,0.0,6.45,6.45,10.35,17.8,0.0,0.71,56.93,750.26,0.0,0.0,0.0,4.44,10.9,0.0594
2019-07-07 22:00:00,188,22.0,85,2436,1,0,2402.5,3,35.0,37.94,0.0,0.0,0.0,0.0,0.5809,0.0,322.11,315.66,0.0,6.45,6.45,10.35,18.05,0.0,0.71,56.93,750.26,0.0,0.0,0.0,4.44,10.9,0.0594
2019-07-07 22:00:00,188,22.0,86,2397,0,0,2402.5,3,35.0,38.95,0.0,0.0,0.0,0.0,0.2445,0.0,322.11,315.66,0.0,6.45,6.45,10.35,18.3,0.0,0.71,56.93,750.26,0.0,0.0,0.0,24.44,30.9,0.166
2019-07-07 22:00:00,188,22.0,87,2415,1,0,2402.5,3,35.0,38.48,0.0,0.0,0.0,0.0,0.5815,0.0,322.11,315.66,0.0,6.45,6.45,10.35,18.19,0.0,0.71,56.93,750.26,0.0,0.0,0.0,4.44,10.9,0.0594
2019-07-07 22:00:00,188,22.0,88,2476,1,0,2402.5,3,35.0,36.9,0.0,0.0,0.0,0.0,0.5799,0.0,322.11,315.66,0.0,6.45,6.45,10.35,17.79,0.0,0.71,56.93,750.26,0.0,0.0,0.0,4.44,10.9,0.0594
2019-07-07 22:00:00,188,22.0,89,2428,1,0,2402.5,3,35.0,38.15,0.0,0.0,0.0,0.0,0.5811,0.0,322.11,315.66,0.0,6.45,6.45,10.35,18.1,0.0,0.71,56.93,750.26,0.0,0.0,0.0,4.44,10.9,0.0594
2019-07-07 22:00:00,188,22.0,90,2377,0,0,2402.5,3,35.0,39.47,0.0,0.0,0.0,0.0,0.245,0.0,322.11,315.66,0.0,6.45,6.45,10.35,18.43,0.0,0.71,56.93,750.26,0.0,0.0,0.0,24.44,30.9,0.166
2019-07-07 22:00:00,188,22.0,91,2378,0,0,2402.5,3,35.0,39.45,0.0,0.0,0.0,0.0,0.2449,0.0,322.11,315.66,0.0,6.45,6.45,10.35,18.43,0.0,0.71,56.93,750.26,0.0,0.0,0.0,24.44,30.9,0.166
2019-07-07 22:00:00,188,22.0,92,2496,1,0,2402.5,3,35.0,36.38,0.0,0.0,0.0,0.0,0.5794,0.0,322.11,315.66,0.0,6.45,6.45,10.35,17.66,0.0,0.71,56.93,750.26,0.0,0.0,0.0,4.44,10.9,0.0594
2019-07-07 22:00:00,188,22.0,93,2423,1,0,2402.5,3,35.0,38.28,0.0,0.0,0.0,0.0,0.5813,0.0,322.11,315.66,0.0,6.45,6.45,10.35,18.14,0.0,0.71,56.93,750.26,0.0,0.0,0.0,4.44,10.9,0.0594
2019-07-07 22:00:00,188,22.0,95,2372,0,0,2402.5,3,35.0,39.6,0.0,0.0,0.0,0.0,0.2451,0.0,322.11,315.66,0.0,6.45,6.45,10.35,18.47,0.0,0.71,56.93,750.26,0.0,0.0,0.0,24.44,30.9,0.166
2019-07-07 22:00:00,188,22.0,97,2358,0,0,2402.5,3,35.0,39.97,0.0,0.0,0.0,0.0,0.2454,0.0,322.11,315.66,0.0,6.45,6.45,10.35,18.56,0.0,0.71,56.93,750.26,0.0,0.0,0.0,24.44,30.9,0.166
2019-07-07 22:00:00,188,22.0,98,2554,1,0,2402.5,3,35.0,34.87,0.0,0.0,0.0,0.0,0.5779,0.0,322.11,315.66,0.0,6.45,6.45,10.35,17.28,0.0,0.71,56.93,750.26,0.0,0.0,0.0,4.44,10.9,0.0594
2019-07-07 22:00:00,188,22.0,99,2451,1,0,2402.5,3,35.0,37.55,0.0,0.0,0.0,0.0,0.5805,0.0,322.11,315.66,0.0,6.45,6.45,10.35,17.95,0.0,0.71,56.93,750.26,0.0,0.0,0.0,4.44,10.9,0.0594
2019-07-07 22:00:00,188,22.0,100,2361,0,0,2402.5,3,35.0,39.89,0.0,0.0,0.0,0.0,0.2454,0.0,322.11,315.66,0.0,6.45,6.45,10.35,18.54,0.0,0.71,56.93,750.26,0.0,0.0,0.0,24.44,30.9,0.166
2019-07-07 22:30:00,188,22.5,94,2563,1,0,2402.5,3,35.0,34.64,0.0,0.0,0.0,0.0,0.5777,0.0,307.71,315.66,0.0,-7.95,-7.95,10.23,17.23,0.0,0.42,58.31,750.09,0.0,0.0,0.0,4.44,0.0,0.0
2019-07-07 22:30:00,188,22.5,96,2549,1,0,2402.5,3,35.0,35.0,0.0,0.0,0.0,0.0,0.5781,0.0,307.71,315.66,0.0,-7.95,-7.95,10.23,17.32,0.0,0.42,58.31,750.09,0.0,0.0,0.0,4.44,0.0,0.0
2019-07-07 22:30:00,188,22.5,1,2612,1,0,2402.5,3,35.0,33.36,0.0,0.0,0.0,0.0,0.5765,0.0,307.71,315.66,0.0,-7.95,-7.95,10.23,16.91,0.0,0.42,58.31,750.09,0.0,0.0,0.0,4.44,0.0,0.0
2019-07-07 22:30:00,188,22.5,2,2612,1,0,2402.5,3,35.0,33.36,0.0,0.0,0.0,0.0,0.5765,0.0,307.71,315.66,0.0,-7.95,-7.95,10.23,16.91,0.0,0.42,58.31,750.09,0.0,0.0,0.0,4.44,0.0,0.0
2019-07-07 22:30:00,188,22.5,3,2610,1,0,2402.5,3,35.0,33.41,0.0,0.0,0.0,0.0,0.5765,0.0,307.71,315.66,0.0,-7.95,-7.95,10.23,16.92,0.0,0.42,58.31,750.09,0.0,0.0,0.0,4.44,0.0,0.0
2019-07-07 22:30:00,188,22.5,4,2583,1,0,2402.5,3,35.0,34.12,0.0,0.0,0.0,0.0,0.5772,0.0,307.71,315.66,0.0,-7.95,-7.95,10.23,17.1,0.0,0.42,58.31,750.09,0.0,0.0,0.0,4.44,0.0,0.0
2019-07-07 22:30:00,188,22.5,5,2583,1,0,2402.5,3,35.0,34.12,0.0,0.0,0.0,0.0,0.5772,0.0,307.71,315.66,0.0,-7.95,-7.95,10.23,17.1,0.0,0.42,58.31,750.09,0.0,0.0,0.0,4.44,0.0,0.0
2019-07-07 22:30:00,188,22.5,6,2546,1,0,2402.5,3,35.0,35.08,0.0,0.0,0.0,0.0,0.5781,0.0,307.71,315.66,0.0,-7.95,-7.95,10.23,17.34,0.0,0.42,58.31,750.09,0.0,0.0,0.0,4.44,0.0,0.0
2019-07-07 22:30:00,188,22.5,7,2546,1,0,2402.5,3,35.0,35.08,0.0,0.0,0.0,0.0,0.5781,0.0,307.71,315.66,0.0,-7.95,-7.95,10.23,17.34,0.0,0.42,58.31,750.09,0.0,0.0,0.0,4.44,0.0,0.0
2019-07-07 22:30:00,188,22.5,8,2639,1,0,2402.5,3,35.0,32.66,0.0,0.0,0.0,0.0,0.5758,0.0,307.71,315.66,0.0,-7.95,-7.95,10.23,16.73,0.0,0.42,58.31,750.09,0.0,0.0,0.0,4.44,0.0,0.0
2019-07-07 22:30:00,188,22.5,9,2610,1,0,2402.5,3,35.0,33.41,0.0,0.0,0.0,0.0,0.5765,0.0,307.71,315.66,0.0,-7.95,-7.95,10.23,16.92,0.0,0.42,58.31,750.09,0.0,0.0,0.0,4.44,0.0,0.0
2019-07-07 22:30:00,188,22.5,10,2579,1,0,2402.5,3,35.0,34.22,0.0,0.0,0.0,0.0,0.5773,0.0,307.71,315.66,0.0,-7.95,-7.95,10.23,17.12,0.0,0.42,58.31,750.09,0.0,0.0,0.0,4.44,0.0,0.0
2019-07-07 22:30:00,188,22.5,11,2579,1,0,2402.5,3,35.0,34.22,0.0,0.0,0.0,0.0,0.5773,0.0,307.71,315.66,0.0,-7.95,-7.95,10.23,17.12,0.0,0.42,58.31,750.09,0.0,0.0,0.0,4.44,0.0,0.0
2019-07-07 22:30:00,188,22.5,12,2546,1,0,2402.5,3,35.0,35.08,0.0,0.0,0.0,0.0,0.5781,0.0,307.71,315.66,0.0,-7.95,-7.95,10.23,17.34,0.0,0.42,58.31,750.09,0.0,0.0,0.0,4.44,0.0,0.0
2019-07-07 22:30:00,188,22.5,13,2530,1,0,2402.5,3,35.0,35.49,0.0,0.0,0.0,0.0,0.5785,0.0,307.71,315.66,0.0,-7.95,-7.95,10.23,17.44,0.0,0.42,58.31,750.09,0.0,0.0,0.0,4.44,0.0,0.0
2019-07-07 22:30:00,188,22.5,14,2530,1,0,2402.5,3,35.0,35.49,0.0,0.0,0.0,0.0,0.5785,0.0,307.71,315.66,0.0,-7.95,-7.95,10.23,17.44,0.0,0.42,58.31,750.09,0.0,0.0,0.0,4.44,0.0,0.0
2019-07-07 22:30:00,188,22.5,15,2494,1,0,2402.5,3,35.0,36.43,0.0,0.0,0.0,0.0,0.5795,0.0,307.71,315.66,0.0,-7.95,-7.95,10.23,17.67,0.0,0.42,58.31,750.09,0.0,0.0,0.0,4.44,0.0,0.0
2019-07-07 22:30:00,188,22.5,16,2494,1,0,2402.5,3,35.0,36.43,0.0,0.0,0.0,0.0,0.5795,0.0,307.71,315.66,0.0,-7.95,-7.95,10.23,17.67,0.0,0.42,58.31,750.09,0.0,0.0,0.0,4.44,0.0,0.0
2019-07-07 22:30:00,188,22.5,17,2462,1,0,2402.5,3,35.0,37.26,0.0,0.0,0.0,0.0,0.5803,0.0,307.71,315.66,0.0,-7.95,-7.95,10.23,17.88,0.0,0.42,58.31,750.09,0.0,0.0,0.0,4.44,0.0,0.0
2019-07-07 22:30:00,188,22.5,18,2630,1,0,2402.5,3,35.0,32.89,0.0,0.0,0.0,0.0,0.576,0.0,307.71,315.66,0.0,-7.95,-7.95,10.23,16.79,0.0,0.42,58.31,750.09,0.0,0.0,0.0,4.44,0.0,0.0
2019-07-07 22:30:00,188,22.5,19,2630,1,0,2402.5,3,35.0,32.89,0.0,0.0,0.0,0.0,0.576,0.0,307.71,315.66,0.0,-7.95,-7.95,10.23,16.79,0.0,0.42,58.31,750.09,0.0,0.0,0.0,4.44,0.0,0.0
2019-07-07 22:30:00,188,22.5,20,2604,1,0,2402.5,3,35.0,33.57,0.0,0.0,0.0,0.0,0.5767,0.0,307.71,315.66,0.0,-7.95,-7.95,10.23,16.96,0.0,0.42,58.31,750.09,0.0,0.0,0.0,4.44,0.0,0.0
2019-07-07 22:30:00,188,22.5,21,2563,1,0,2402.5,3,35.0,34.64,0.0,0.0,0.0,0.0,0.5777,0.0,307.71,315.66,0.0,-7.95,-7.95,10.23,17.23,0.0,0.42,58.31,750.09,0.0,0.0,0.0,4.44,0.0,0.0
2019-07-07 22:30:00,188,22.5,22,2556,1,0,2402.5,3,35.0,34.82,0.0,0.0,0.0,0.0,0.5779,0.0,307.71,315.66,0.0,-7.95,-7.95,10.23,17.27,0.0,0.42,58.31,750.09,0.0,0.0,0.0,4.44,0.0,0.0
2019-07-07 22:30:00,188,22.5,23,2549,1,0,2402.5,3,35.0,35.0,0.0,0.0,0.0,0.0,0.5781,0.0,307.71,315.66,0.0,-7.95,-7.95,10.23,17.32,0.0,0.42,58.31,750.09,0.0,0.0,0.0,4.44,0.0,0.0
2019-07-07 22:30:00,188,22.5,24,2549,1,0,2402.5,3,35.0,35.0,0.0,0.0,0.0,0.0,0.5781,0.0,307.71,315.66,0.0,-7.95,-7.95,10.23,17.32,0.0,0.42,58.31,750.09,0.0,0.0,0.0,4.44,0.0,0.0
2019-07-07 22:30:00,188,22.5,25,2524,1,0,2402.5,3,35.0,35.65,0.0,0.0,0.0,0.0,0.5787,0.0,307.71,315.66,0.0,-7.95,-7.95,10.23,17.48,0.0,0.42,58.31,750.09,0.0,0.0,0.0,4.44,0.0,0.0
2019-07-07 22:30:00,188,22.5,26,2502,1,0,2402.5,3,35.0,36.22,0.0,0.0,0.0,0.0,0.5792,0.0,307.71,315.66,0.0,-7.95,-7.95,10.23,17.62,0.0,0.42,58.31,750.09,0.0,0.0,0.0,4.44,0.0,0.0
2019-07-07 22:30:00,188,22.5,27,2502,1,0,2402.5,3,35.0,36.22,0.0,0.0,0.0,0.0,0.5792,0.0,307.71,315.66,0.0,-7.95,-7.95,10.23,17.62,0.0,0.42,58.31,750.09,0.0,0.0,0.0,4.44,0.0,0.0
2019-07-07 22:30:00,188,22.5,28,2477,1,0,2402.5,3,35.0,36.87,0.0,0.0,0.0,0.0,0.5799,0.0,307.71,315.66,0.0,-7.95,-7.95,10.23,17.79,0.0,0.42,58.31,750.09,0.0,0.0,0.0,4.44,0.0,0.0
2019-07-07 22:30:00,188,22.5,29,2477,1,0,2402.5,3,35.0,36.87,0.0,0.0,0.0,0.0,0.5799,0.0,307.71,315.66,0.0,-7.95,-7.95,10.23,17.79,0.0,0.42,58.31,750.09,0.0,0.0,0.0,4.44,0.0,0.0
2019-07-07 22:30:00,188,22.5,30,2440,1,0,2402.5,3,35.0,37.83,0.0,0.0,0.0,0.0,0.5808,0.0,307.71,315.66,0.0,-7.95,-7.95,10.23,18.03,0.0,0.42,58.31,750.09,0.0,0.0,0.0,4.44,0.0,0.0
2019-07-07 22:30:00,188,22.5,31,2620,1,0,2402.5,3,35.0,33.15,0.0,0.0,0.0,0.0,0.5763,0.0,307.71,315.66,0.0,-7.95,-7.95,10.23,16.86,0.0,0.42,58.31,750.09,0.0,0.0,0.0,4.44,0.0,0.0
2019-07-07 22:30:00,188,22.5,32,2576,1,0,2402.5,3,35.0,34.3,0.0,0.0,0.0,0.0,0.5774,0.0,307.71,315.66,0.0,-7.95,-7.95,10.23,17.14,0.0,0.42,58.31,750.09,0.0,0.0,0.0,4.44,0.0,0.0
2019-07-07 22:30:00,188,22.5,33,2576,1,0,2402.5,3,35.0,34.3,0.0,0.0,0.0,0.0,0.5774,0.0,307.71,315.66,0.0,-7.95,-7.95,10.23,17.14,0.0,0.42,58.31,750.09,0.0,0.0,0.0,4.44,0.0,0.0
2019-07-07 22:30:00,188,22.5,34,2576,1,0,2402.5,3,35.0,34.3,0.0,0.0,0.0,0.0,0.5774,0.0,307.71,315.66,0.0,-7.95,-7.95,10.23,17.14,0.0,0.42,58.31,750.09,0.0,0.0,0.0,4.44,0.0,0.0
2019-07-07 22:30:00,188,22.5,35,2556,1,0,2402.5,3,35.0,34.82,0.0,0.0,0.0,0.0,0.5779,0.0,307.71,315.66,0.0,-7.95,-7.95,10.23,17.27,0.0,0.42,58.31,750.09,0.0,0.0,0.0,4.44,0.0,0.0
2019-07-07 22:30:00,188,22.5,36,2533,1,0,2402.5,3,35.0,35.42,0.0,0.0,0.0,0.0,0.5785,0.0,307.71,315.66,0.0,-7.95,-7.95,10.23,17.42,0.0,0.42,58.31,750.09,0.0,0.0,0.0,4.44,0.0,0.0
2019-07-07 22:30:00,188,22.5,37,2532,1,0,2402.5,3,35.0,35.44,0.0,0.0,0.0,0.0,0.5785,0.0,307.71,315.66,0.0,-7.95,-7.95,10.23,17.43,0.0,0.42,58.31,750.09,0.0,0.0,0.0,4.44,0.0,0.0
2019-07-07 22:30:00,188,22.5,38,2534,1,0,2402.5,3,35.0,35.39,0.0,0.0,0.0,0.0,0.5784,0.0,307.71,315.66,0.0,-7.95,-7.95,10.23,17.41,0.0,0.42,58.31,750.09,0.0,0.0,0.0,4.44,0.0,0.0
2019-07-07 22:30:00,188,22.5,39,2534,1,0,2402.5,3,35.0,35.39,0.0,0.0,0.0,0.0,0.5784,0.0,307.71,315.66,0.0,-7.95,-7.95,10.23,17.41,0.0,0.42,58.31,750.09,0.0,0.0,0.0,4.44,0.0,0.0
2019-07-07 22:30:00,188,22.5,40,2515,1,0,2402.5,3,35.0,35.88,0.0,0.0,0.0,0.0,0.5789,0.0,307.71,315.66,0.0,-7.95,-7.95,10.23,17.54,0.0,0.42,58.31,750.09,0.0,0.0,0.0,4.44,0.0,0.0
2019-07-07 22:30:00,188,22.5,41,2487,1,0,2402.5,3,35.0,36.61,0.0,0.0,0.0,0.0,0.5796,0.0,307.71,315.66,0.0,-7.95,-7.95,10.23,17.72,0.0,0.42,58.31,750.09,0.0,0.0,0.0,4.44,0.0,0.0
2019-07-07 22:30:00,188,22.5,42,2487,1,0,2402.5,3,35.0,36.61,0.0,0.0,0.0,0.0,0.5796,0.0,307.71,315.66,0.0,-7.95,-7.95,10.23,17.72,0.0,0.42,58.31,750.09,0.0,0.0,0.0,4.44,0.0,0.0
2019-07-07 22:30:00,188,22.5,43,2464,1,0,2402.5,3,35.0,37.21,0.0,0.0,0.0,0.0,0.5802,0.0,307.71,315.66,0.0,-7.95,-7.95,10.23,17.87,0.0,0.42,58.31,750.09,0.0,0.0,0.0,4.44,0.0,0.0
2019-07-07 22:30:00,188,22.5,44,2555,1,0,2402.5,3,35.0,34.84,0.0,0.0,0.0,0.0,0.5779,0.0,307.71,315.66,0.0,-7.95,-7.95,10.23,17.28,0.0,0.42,58.31,750.09,0.0,0.0,0.0,4.44,0.0,0.0
2019-07-07 22:30:00,188,22.5,45,2555,1,0,2402.5,3,35.0,34.84,0.0,0.0,0.0,0.0,0.5779,0.0,307.71,315.66,0.0,-7.95,-7.95,10.23,17.28,0.0,0.42,58.31,750.09,0.0,0.0,0.0,4.44,0.0,0.0
2019-07-07 22:30:00,188,22.5,46,2555,1,0,2402.5,3,35.0,34.84,0.0,0.0,0.0,0.0,0.5779,0.0,307.71,315.66,0.0,-7.95,-7.95,10.23,17.28,0.0,0.42,58.31,750.09,0.0,0.0,0.0,4.44,0.0,0.0
2019-07-07 22:30:00,188,22.5,47,2530,1,0,2402.5,3,35.0,35.49,0.0,0.0,0.0,0.0,0.5785,0.0,307.71,315.66,0.0,-7.95,-7.95,10.23,17.44,0.0,0.42,58.31,750.09,0.0,0.0,0.0,4.44,0.0,0.0
2019-07-07 22:30:00,188,22.5,48,2510,1,0,2402.5,3,35.0,36.01,0.0,0.0,0.0,0.0,0.579,0.0,307.71,315.66,0.0,-7.95,-7.95,10.23,17.57,0.0,0.42,58.31,750.09,0.0,0.0,0.0,4.44,0.0,0.0
2019-07-07 22:30:00,188,22.5,49,2534,1,0,2402.5,3,35.0,35.39,0.0,0.0,0.0,0.0,0.5784,0.0,307.71,315.66,0.0,-7.95,-7.95,10.23,17.41,0.0,0.42,58.31,750.09,0.0,0.0,0.0,4.44,0.0,0.0
2019-07-07 22:30:00,188,22.5,50,2531,1,0,2402.5,3,35.0,35.47,0.0,0.0,0.0,0.0,0.5785,0.0,307.71,315.66,0.0,-7.95,-7.95,10.23,17.43,0.0,0.42,58.31,750.09,0.0,0.0,0.0,4.44,0.0,0.0
2019-07-07 22:30:00,188,22.5,51,2531,1,0,2402.5,3,35.0,35.47,0.0,0.0,0.0,0.0,0.5785,0.0,307.71,315.66,0.0,-7.95,-7.95,10.23,17.43,0.0,0.42,58.31,750.09,0.0,0.0,0.0,4.44,0.0,0.0
2019-07-07 22:30:00,188,22.5,52,2531,1,0,2402.5,3,35.0,35.47,0.0,0.0,0.0,0.0,0.5785,0.0,307.71,315.66,0.0,-7.95,-7.95,10.23,17.43,0.0,0.42,58.31,750.09,0.0,0.0,0.0,4.44,0.0,0.0
2019-07-07 22:30:00,188,22.5,53,2507,1,0,2402.5,3,35.0,36.09,0.0,0.0,0.0,0.0,0.5791,0.0,307.71,315.66,0.0,-7.95,-7.95,10.23,17.59,0.0,0.42,58.31,750.09,0.0,0.0,0.0,4.44,0.0,0.0
2019-07-07 22:30:00,188,22.5,54,2494,1,0,2402.5,3,35.0,36.43,0.0,0.0,0.0,0.0,0.5795,0.0,307.71,315.66,0.0,-7.95,-7.95,10.23,17.67,0.0,0.42,58.31,750.09,0.0,0.0,0.0,4.44,0.0,0.0
2019-07-07 22:30:00,188,22.5,55,2531,1,0,2402.5,3,35.0,35.47,0.0,0.0,0.0,0.0,0.5785,0.0,307.71,315.66,0.0,-7.95,-7.95,10.23,17.43,0.0,0.42,58.31,750.09,0.0,0.0,0.0,4.44,0.0,0.0
2019-07-07 22:30:00,188,22.5,56,2531,1,0,2402.5,3,35.0,35.47,0.0,0.0,0.0,0.0,0.5785,0.0,307.71,315.66,0.0,-7.95,-7.95,10.23,17.43,0.0,0.42,58.31,750.09,0.0,0.0,0.0,4.44,0.0,0.0
2019-07-07 22:30:00,188,22.5,57,2507,1,0,2402.5,3,35.0,36.09,0.0,0.0,0.0,0.0,0.5791,0.0,307.71,315.66,0.0,-7.95,-7.95,10.23,17.59,0.0,0.42,58.31,750.09,0.0,0.0,0.0,4.44,0.0,0.0
2019-07-07 22:30:00,188,22.5,58,2494,1,0,2402.5,3,35.0,36.43,0.0,0.0,0.0,0.0,0.5795,0.0,307.71,315.66,0.0,-7.95,-7.95,10.23,17.67,0.0,0.42,58.31,750.09,0.0,0.0,0.0,4.44,0.0,0.0
2019-07-07 22:30:00,188,22.5,59,2506,1,0,2402.5,3,35.0,36.12,0.0,0.0,0.0,0.0,0.5791,0.0,307.71,315.66,0.0,-7.95,-7.95,10.23,17.6,0.0,0.42,58.31,750.09,0.0,0.0,0.0,4.44,0.0,0.0
2019-07-07 22:30:00,188,22.5,60,2506,1,0,2402.5,3,35.0,36.12,0.0,0.0,0.0,0.0,0.5791,0.0,307.71,315.66,0.0,-7.95,-7.95,10.23,17.6,0.0,0.42,58.31,750.09,0.0,0.0,0.0,4.44,0.0,0.0
2019-07-07 22:30:00,188,22.5,61,2485,1,0,2402.5,3,35.0,36.66,0.0,0.0,0.0,0.0,0.5797,0.0,307.71,315.66,0.0,-7.95,-7.95,10.23,17.73,0.0,0.42,58.31,750.09,0.0,0.0,0.0,4.44,0.0,0.0
2019-07-07 22:30:00,188,22.5,62,2469,1,0,2402.5,3,35.0,37.08,0.0,0.0,0.0,0.0,0.5801,0.0,307.71,315.66,0.0,-7.95,-7.95,10.23,17.84,0.0,0.42,58.31,750.09,0.0,0.0,0.0,4.44,0.0,0.0
2019-07-07 22:30:00,188,22.5,63,2506,1,0,2402.5,3,35.0,36.12,0.0,0.0,0.0,0.0,0.5791,0.0,307.71,315.66,0.0,-7.95,-7.95,10.23,17.6,0.0,0.42,58.31,750.09,0.0,0.0,0.0,4.44,0.0,0.0
2019-07-07 22:30:00,188,22.5,64,2506,1,0,2402.5,3,35.0,36.12,0.0,0.0,0.0,0.0,0.5791,0.0,307.71,315.66,0.0,-7.95,-7.95,10.23,17.6,0.0,0.42,58.31,750.09,0.0,0.0,0.0,4.44,0.0,0.0
2019-07-07 22:30:00,188,22.5,65,2506,1,0,2402.5,3,35.0,36.12,0.0,0.0,0.0,0.0,0.5791,0.0,307.71,315.66,0.0,-7.95,-7.95,10.23,17.6,0.0,0.42,58.31,750.09,0.0,0.0,0.0,4.44,0.0,0.0
2019-07-07 22:30:00,188,22.5,66,2485,1,0,2402.5,3,35.0,36.66,0.0,0.0,0.0,0.0,0.5797,0.0,307.71,315.66,0.0,-7.95,-7.95,10.23,17.73,0.0,0.42,58.31,750.09,0.0,0.0,0.0,4.44,0.0,0.0
2019-07-07 22:30:00,188,22.5,67,2455,1,0,2402.5,3,35.0,37.44,0.0,0.0,0.0,0.0,0.5804,0.0,307.71,315.66,0.0,-7.95,-7.95,10.23,17.93,0.0,0.42,58.31,750.09,0.0,0.0,0.0,4.44,0.0,0.0
2019-07-07 22:30:00,188,22.5,68,2489,1,0,2402.5,3,35.0,36.56,0.0,0.0,0.0,0.0,0.5796,0.0,307.71,315.66,0.0,-7.95,-7.95,10.23,17.71,0.0,0.42,58.31,750.09,0.0,0.0,0.0,4.44,0.0,0.0
2019-07-07 22:30:00,188,22.5,69,2489,1,0,2402.5,3,35.0,36.56,0.0,0.0,0.0,0.0,0.5796,0.0,307.71,315.66,0.0,-7.95,-7.95,10.23,17.71,0.0,0.42,58.31,750.09,0.0,0.0,0.0,4.44,0.0,0.0
2019-07-07 22:30:00,188,22.5,70,2489,1,0,2402.5,3,35.0,36.56,0.0,0.0,0.0,0.0,0.5796,0.0,307.71,315.66,0.0,-7.95,-7.95,10.23,17.71,0.0,0.42,58.31,750.09,0.0,0.0,0.0,4.44,0.0,0.0
2019-07-07 22:30:00,188,22.5,71,2477,1,0,2402.5,3,35.0,36.87,0.0,0.0,0.0,0.0,0.5799,0.0,307.71,315.66,0.0,-7.95,-7.95,10.23,17.79,0.0,0.42,58.31,750.09,0.0,0.0,0.0,4.44,0.0,0.0
2019-07-07 22:30:00,188,22.5,72,2455,1,0,2402.5,3,35.0,37.44,0.0,0.0,0.0,0.0,0.5804,0.0,307.71,315.66,0.0,-7.95,-7.95,10.23,17.93,0.0,0.42,58.31,750.09,0.0,0.0,0.0,4.44,0.0,0.0
2019-07-07 22:30:00,188,22.5,73,2485,1,0,2402.5,3,35.0,36.66,0.0,0.0,0.0,0.0,0.5797,0.0,307.71,315.66,0.0,-7.95,-7.95,10.23,17.73,0.0,0.42,58.31,750.09,0.0,0.0,0.0,4.44,0.0,0.0
2019-07-07 22:30:00,188,22.5,74,2485,1,0,2402.5,3,35.0,36.66,0.0,0.0,0.0,0.0,0.5797,0.0,307.71,315.66,0.0,-7.95,-7.95,10.23,17.73,0.0,0.42,58.31,750.09,0.0,0.0,0.0,4.44,0.0,0.0
2019-07-07 22:30:00,188,22.5,75,2485,1,0,2402.5,3,35.0,36.66,0.0,0.0,0.0,0.0,0.5797,0.0,307.71,315.66,0.0,-7.95,-7.95,10.23,17.73,0.0,0.42,58.31,750.09,0.0,0.0,0.0,4.44,0.0,0.0
2019-07-07 22:30:00,188,22.5,76,2466,1,0,2402.5,3,35.0,37.16,0.0,0.0,0.0,0.0,0.5802,0.0,307.71,315.66,0.0,-7.95,-7.95,10.23,17.86,0.0,0.42,58.31,750.09,0.0,0.0,0.0,4.44,0.0,0.0
2019-07-07 22:30:00,188,22.5,77,2445,1,0,2402.5,3,35.0,37.7,0.0,0.0,0.0,0.0,0.5807,0.0,307.71,315.66,0.0,-7.95,-7.95,10.23,17.99,0.0,0.42,58.31,750.09,0.0,0.0,0.0,4.44,0.0,0.0
2019-07-07 22:30:00,188,22.5,78,2478,1,0,2402.5,3,35.0,36.85,0.0,0.0,0.0,0.0,0.5799,0.0,307.71,315.66,0.0,-7.95,-7.95,10.23,17.78,0.0,0.42,58.31,750.09,0.0,0.0,0.0,4.44,0.0,0.0
2019-07-07 22:30:00,188,22.5,79,2478,1,0,2402.5,3,35.0,36.85,0.0,0.0,0.0,0.0,0.5799,0.0,307.71,315.66,0.0,-7.95,-7.95,10.23,17.78,0.0,0.42,58.31,750.09,0.0,0.0,0.0,4.44,0.0,0.0
2019-07-07 22:30:00,188,22.5,80,2449,1,0,2402.5,3,35.0,37.6,0.0,0.0,0.0,0.0,0.5806,0.0,307.71,315.66,0.0,-7.95,-7.95,10.23,17.97,0.0,0.42,58.31,750.09,0.0,0.0,0.0,4.44,0.0,0.0
2019-07-07 22:30:00,188,22.5,81,2412,1,0,2402.5,3,35.0,38.56,0.0,0.0,0.0,0.0,0.5815,0.0,307.71,315.66,0.0,-7.95,-7.95,10.23,18.21,0.0,0.42,58.31,750.09,0.0,0.0,0.0,4.44,0.0,0.0
2019-07-07 22:30:00,188,22.5,82,2443,1,0,2402.5,3,35.0,37.76,0.0,0.0,0.0,0.0,0.5807,0.0,307.71,315.66,0.0,-7.95,-7.95,10.23,18.01,0.0,0.42,58.31,750.09,0.0,0.0,0.0,4.44,0.0,0.0
2019-07-07 22:30:00,188,22.5,83,2474,1,0,2402.5,3,35.0,36.95,0.0,0.0,0.0,0.0,0.58,0.0,307.71,315.66,0.0,-7.95,-7.95,10.23,17.8,0.0,0.42,58.31,750.09,0.0,0.0,0.0,4.44,0.0,0.0
2019-07-07 22:30:00,188,22.5,84,2474,1,0,2402.5,3,35.0,36.95,0.0,0.0,0.0,0.0,0.58,0.0,307.71,315.66,0.0,-7.95,-7.95,10.23,17.8,0.0,0.42,58.31,750.09,0.0,0.0,0.0,4.44,0.0,0.0
2019-07-07 22:30:00,188,22.5,85,2436,1,0,2402.5,3,35.0,37.94,0.0,0.0,0.0,0.0,0.5809,0.0,307.71,315.66,0.0,-7.95,-7.95,10.23,18.05,0.0,0.42,58.31,750.09,0.0,0.0,0.0,4.44,0.0,0.0
2019-07-07 22:30:00,188,22.5,86,2397,0,0,2402.5,3,35.0,38.95,0.0,0.0,0.0,0.0,0.2445,0.0,307.71,315.66,0.0,-7.95,-7.95,10.23,18.3,0.0,0.42,58.31,750.09,0.0,0.0,0.0,24.44,16.49,0.0886
2019-07-07 22:30:00,188,22.5,87,2415,1,0,2402.5,3,35.0,38.48,0.0,0.0,0.0,0.0,0.5815,0.0,307.71,315.66,0.0,-7.95,-7.95,10.23,18.19,0.0,0.42,58.31,750.09,0.0,0.0,0.0,4.44,0.0,0.0
2019-07-07 22:30:00,188,22.5,88,2476,1,0,2402.5,3,35.0,36.9,0.0,0.0,0.0,0.0,0.5799,0.0,307.71,315.66,0.0,-7.95,-7.95,10.23,17.79,0.0,0.42,58.31,750.09,0.0,0.0,0.0,4.44,0.0,0.0
2019-07-07 22:30:00,188,22.5,89,2428,1,0,2402.5,3,35.0,38.15,0.0,0.0,0.0,0.0,0.5811,0.0,307.71,315.66,0.0,-7.95,-7.95,10.23,18.1,0.0,0.42,58.31,750.09,0.0,0.0,0.0,4.44,0.0,0.0
2019-07-07 22:30:00,188,22.5,90,2377,0,0,2402.5,3,35.0,39.47,0.0,0.0,0.0,0.0,0.245,0.0,307.71,315.66,0.0,-7.95,-7.95,10.23,18.43,0.0,0.42,58.31,750.09,0.0,0.0,0.0,24.44,16.49,0.0886
2019-07-07 22:30:00,188,22.5,91,2378,0,0,2402.5,3,35.0,39.45,0.0,0.0,0.0,0.0,0.2449,0.0,307.71,315.66,0.0,-7.95,-7.95,10.23,18.43,0.0,0.42,58.31,750.09,0.0,0.0,0.0,24.44,16.49,0.0886
2019-07-07 22:30:00,188,22.5,92,2496,1,0,2402.5,3,35.0,36.38,0.0,0.0,0.0,0.0,0.5794,0.0,307.71,315.66,0.0,-7.95,-7.95,10.23,17.66,0.0,0.42,58.31,750.09,0.0,0.0,0.0,4.44,0.0,0.0
2019-07-07 22:30:00,188,22.5,93,2423,1,0,2402.5,3,35.0,38.28,0.0,0.0,0.0,0.0,0.5813,0.0,307.71,315.66,0.0,-7.95,-7.95,10.23,18.14,0.0,0.42,58.31,750.09,0.0,0.0,0.0,4.44,0.0,0.0
2019-07-07 22:30:00,188,22.5,95,2372,0,0,2402.5,3,35.0,39.6,0.0,0.0,0.0,0.0,0.2451,0.0,307.71,315.66,0.0,-7.95,-7.95,10.23,18.47,0.0,0.42,58.31,750.09,0.0,0.0,0.0,24.44,16.49,0.0886
2019-07-07 22:30:00,188,22.5,97,2358,0,0,2402.5,3,35.0,39.97,0.0,0.0,0.0,0.0,0.2454,0.0,307.71,315.66,0.0,-7.95,-7.95,10.23,18.56,0.0,0.42,58.31,750.09,0.0,0.0,0.0,24.44,16.49,0.0886
2019-07-07 22:30:00,188,22.5,98,2554,1,0,2402.5,3,35.0,34.87,0.0,0.0,0.0,0.0,0.5779,0.0,307.71,315.66,0.0,-7.95,-7.95,10.23,17.28,0.0,0.42,58.31,750.09,0.0,0.0,0.0,4.44,0.0,0.0
2019-07-07 22:30:00,188,22.5,99,2451,1,0,2402.5,3,35.0,37.55,0.0,0.0,0.0,0.0,0.5805,0.0,307.71,315.66,0.0,-7.95,-7.95,10.23,17.95,0.0,0.42,58.31,750.09,0.0,0.0,0.0,4.44,0.0,0.0
2019-07-07 22:30:00,188,22.5,100,2361,0,0,2402.5,3,35.0,39.89,0.0,0.0,0.0,0.0,0.2454,0.0,307.71,315.66,0.0,-7.95,-7.95,10.23,18.54,0.0,0.42,58.31,750.09,0.0,0.0,0.0,24.44,16.49,0.0886
2019-07-07 23:00:00,188,23.0,94,2563,1,0,2402.5,3,35.0,34.64,0.0,0.0,0.0,0.0,0.5777,0.0,316.06,315.66,0.0,0.41,0.41,9.6,17.23,0.0,0.7,59.06,749.89,0.0,0.0,0.0,4.44,4.85,0.0265
2019-07-07 23:00:00,188,23.0,96,2549,1,0,2402.5,3,35.0,35.0,0.0,0.0,0.0,0.0,0.5781,0.0,316.06,315.66,0.0,0.41,0.41,9.6,17.32,0.0,0.7,59.06,749.89,0.0,0.0,0.0,4.44,4.85,0.0265
2019-07-07 23:00:00,188,23.0,1,2612,1,0,2402.5,3,35.0,33.36,0.0,0.0,0.0,0.0,0.5765,0.0,316.06,315.66,0.0,0.41,0.41,9.6,16.91,0.0,0.7,59.06,749.89,0.0,0.0,0.0,4.44,4.85,0.0265
2019-07-07 23:00:00,188,23.0,2,2612,1,0,2402.5,3,35.0,33.36,0.0,0.0,0.0,0.0,0.5765,0.0,316.06,315.66,0.0,0.41,0.41,9.6,16.91,0.0,0.7,59.06,749.89,0.0,0.0,0.0,4.44,4.85,0.0265
2019-07-07 23:00:00,188,23.0,3,2610,1,0,2402.5,3,35.0,33.41,0.0,0.0,0.0,0.0,0.5765,0.0,316.06,315.66,0.0,0.41,0.41,9.6,16.92,0.0,0.7,59.06,749.89,0.0,0.0,0.0,4.44,4.85,0.0265
2019-07-07 23:00:00,188,23.0,4,2583,1,0,2402.5,3,35.0,34.12,0.0,0.0,0.0,0.0,0.5772,0.0,316.06,315.66,0.0,0.41,0.41,9.6,17.1,0.0,0.7,59.06,749.89,0.0,0.0,0.0,4.44,4.85,0.0265
2019-07-07 23:00:00,188,23.0,5,2583,1,0,2402.5,3,35.0,34.12,0.0,0.0,0.0,0.0,0.5772,0.0,316.06,315.66,0.0,0.41,0.41,9.6,17.1,0.0,0.7,59.06,749.89,0.0,0.0,0.0,4.44,4.85,0.0265
2019-07-07 23:00:00,188,23.0,6,2546,1,0,2402.5,3,35.0,35.08,0.0,0.0,0.0,0.0,0.5781,0.0,316.06,315.66,0.0,0.41,0.41,9.6,17.34,0.0,0.7,59.06,749.89,0.0,0.0,0.0,4.44,4.85,0.0265
2019-07-07 23:00:00,188,23.0,7,2546,1,0,2402.5,3,35.0,35.08,0.0,0.0,0.0,0.0,0.5781,0.0,316.06,315.66,0.0,0.41,0.41,9.6,17.34,0.0,0.7,59.06,749.89,0.0,0.0,0.0,4.44,4.85,0.0265
2019-07-07 23:00:00,188,23.0,8,2639,1,0,2402.5,3,35.0,32.66,0.0,0.0,0.0,0.0,0.5758,0.0,316.06,315.66,0.0,0.41,0.41,9.6,16.73,0.0,0.7,59.06,749.89,0.0,0.0,0.0,4.44,4.85,0.0265
2019-07-07 23:00:00,188,23.0,9,2610,1,0,2402.5,3,35.0,33.41,0.0,0.0,0.0,0.0,0.5765,0.0,316.06,315.66,0.0,0.41,0.41,9.6,16.92,0.0,0.7,59.06,749.89,0.0,0.0,0.0,4.44,4.85,0.0265
2019-07-07 23:00:00,188,23.0,10,2579,1,0,2402.5,3,35.0,34.22,0.0,0.0,0.0,0.0,0.5773,0.0,316.06,315.66,0.0,0.41,0.41,9.6,17.12,0.0,0.7,59.06,749.89,0.0,0.0,0.0,4.44,4.85,0.0265
2019-07-07 23:00:00,188,23.0,11,2579,1,0,2402.5,3,35.0,34.22,0.0,0.0,0.0,0.0,0.5773,0.0,316.06,315.66,0.0,0.41,0.41,9.6,17.12,0.0,0.7,59.06,749.89,0.0,0.0,0.0,4.44,4.85,0.0265
2019-07-07 23:00:00,188,23.0,12,2546,1,0,2402.5,3,35.0,35.08,0.0,0.0,0.0,0.0,0.5781,0.0,316.06,315.66,0.0,0.41,0.41,9.6,17.34,0.0,0.7,59.06,749.89,0.0,0.0,0.0,4.44,4.85,0.0265
2019-07-07 23:00:00,188,23.0,13,2530,1,0,2402.5,3,35.0,35.49,0.0,0.0,0.0,0.0,0.5785,0.0,316.06,315.66,0.0,0.41,0.41,9.6,17.44,0.0,0.7,59.06,749.89,0.0,0.0,0.0,4.44,4.85,0.0265
2019-07-07 23:00:00,188,23.0,14,2530,1,0,2402.5,3,35.0,35.49,0.0,0.0,0.0,0.0,0.5785,0.0,316.06,315.66,0.0,0.41,0.41,9.6,17.44,0.0,0.7,59.06,749.89,0.0,0.0,0.0,4.44,4.85,0.0265
2019-07-07 23:00:00,188,23.0,15,2494,1,0,2402.5,3,35.0,36.43,0.0,0.0,0.0,0.0,0.5795,0.0,316.06,315.66,0.0,0.41,0.41,9.6,17.67,0.0,0.7,59.06,749.89,0.0,0.0,0.0,4.44,4.85,0.0265
2019-07-07 23:00:00,188,23.0,16,2494,1,0,2402.5,3,35.0,36.43,0.0,0.0,0.0,0.0,0.5795,0.0,316.06,315.66,0.0,0.41,0.41,9.6,17.67,0.0,0.7,59.06,749.89,0.0,0.0,0.0,4.44,4.85,0.0265
2019-07-07 23:00:00,188,23.0,17,2462,1,0,2402.5,3,35.0,37.26,0.0,0.0,0.0,0.0,0.5803,0.0,316.06,315.66,0.0,0.41,0.41,9.6,17.88,0.0,0.7,59.06,749.89,0.0,0.0,0.0,4.44,4.85,0.0265
2019-07-07 23:00:00,188,23.0,18,2630,1,0,2402.5,3,35.0,32.89,0.0,0.0,0.0,0.0,0.576,0.0,316.06,315.66,0.0,0.41,0.41,9.6,16.79,0.0,0.7,59.06,749.89,0.0,0.0,0.0,4.44,4.85,0.0265
2019-07-07 23:00:00,188,23.0,19,2630,1,0,2402.5,3,35.0,32.89,0.0,0.0,0.0,0.0,0.576,0.0,316.06,315.66,0.0,0.41,0.41,9.6,16.79,0.0,0.7,59.06,749.89,0.0,0.0,0.0,4.44,4.85,0.0265
2019-07-07 23:00:00,188,23.0,20,2604,1,0,2402.5,3,35.0,33.57,0.0,0.0,0.0,0.0,0.5767,0.0,316.06,315.66,0.0,0.41,0.41,9.6,16.96,0.0,0.7,59.06,749.89,0.0,0.0,0.0,4.44,4.85,0.0265
2019-07-07 23:00:00,188,23.0,21,2563,1,0,2402.5,3,35.0,34.64,0.0,0.0,0.0,0.0,0.5777,0.0,316.06,315.66,0.0,0.41,0.41,9.6,17.23,0.0,0.7,59.06,749.89,0.0,0.0,0.0,4.44,4.85,0.0265
2019-07-07 23:00:00,188,23.0,22,2556,1,0,2402.5,3,35.0,34.82,0.0,0.0,0.0,0.0,0.5779,0.0,316.06,315.66,0.0,0.41,0.41,9.6,17.27,0.0,0.7,59.06,749.89,0.0,0.0,0.0,4.44,4.85,0.0265
2019-07-07 23:00:00,188,23.0,23,2549,1,0,2402.5,3,35.0,35.0,0.0,0.0,0.0,0.0,0.5781,0.0,316.06,315.66,0.0,0.41,0.41,9.6,17.32,0.0,0.7,59.06,749.89,0.0,0.0,0.0,4.44,4.85,0.0265
2019-07-07 23:00:00,188,23.0,24,2549,1,0,2402.5,3,35.0,35.0,0.0,0.0,0.0,0.0,0.5781,0.0,316.06,315.66,0.0,0.41,0.41,9.6,17.32,0.0,0.7,59.06,749.89,0.0,0.0,0.0,4.44,4.85,0.0265
2019-07-07 23:00:00,188,23.0,25,2524,1,0,2402.5,3,35.0,35.65,0.0,0.0,0.0,0.0,0.5787,0.0,316.06,315.66,0.0,0.41,0.41,9.6,17.48,0.0,0.7,59.06,749.89,0.0,0.0,0.0,4.44,4.85,0.0265
2019-07-07 23:00:00,188,23.0,26,2502,1,0,2402.5,3,35.0,36.22,0.0,0.0,0.0,0.0,0.5792,0.0,316.06,315.66,0.0,0.41,0.41,9.6,17.62,0.0,0.7,59.06,749.89,0.0,0.0,0.0,4.44,4.85,0.0265
2019-07-07 23:00:00,188,23.0,27,2502,1,0,2402.5,3,35.0,36.22,0.0,0.0,0.0,0.0,0.5792,0.0,316.06,315.66,0.0,0.41,0.41,9.6,17.62,0.0,0.7,59.06,749.89,0.0,0.0,0.0,4.44,4.85,0.0265
2019-07-07 23:00:00,188,23.0,28,2477,1,0,2402.5,3,35.0,36.87,0.0,0.0,0.0,0.0,0.5799,0.0,316.06,315.66,0.0,0.41,0.41,9.6,17.79,0.0,0.7,59.06,749.89,0.0,0.0,0.0,4.44,4.85,0.0265
2019-07-07 23:00:00,188,23.0,29,2477,1,0,2402.5,3,35.0,36.87,0.0,0.0,0.0,0.0,0.5799,0.0,316.06,315.66,0.0,0.41,0.41,9.6,17.79,0.0,0.7,59.06,749.89,0.0,0.0,0.0,4.44,4.85,0.0265
2019-07-07 23:00:00,188,23.0,30,2440,1,0,2402.5,3,35.0,37.83,0.0,0.0,0.0,0.0,0.5808,0.0,316.06,315.66,0.0,0.41,0.41,9.6,18.03,0.0,0.7,59.06,749.89,0.0,0.0,0.0,4.44,4.85,0.0265
2019-07-07 23:00:00,188,23.0,31,2620,1,0,2402.5,3,35.0,33.15,0.0,0.0,0.0,0.0,0.5763,0.0,316.06,315.66,0.0,0.41,0.41,9.6,16.86,0.0,0.7,59.06,749.89,0.0,0.0,0.0,4.44,4.85,0.0265
2019-07-07 23:00:00,188,23.0,32,2576,1,0,2402.5,3,35.0,34.3,0.0,0.0,0.0,0.0,0.5774,0.0,316.06,315.66,0.0,0.41,0.41,9.6,17.14,0.0,0.7,59.06,749.89,0.0,0.0,0.0,4.44,4.85,0.0265
2019-07-07 23:00:00,188,23.0,33,2576,1,0,2402.5,3,35.0,34.3,0.0,0.0,0.0,0.0,0.5774,0.0,316.06,315.66,0.0,0.41,0.41,9.6,17.14,0.0,0.7,59.06,749.89,0.0,0.0,0.0,4.44,4.85,0.0265
2019-07-07 23:00:00,188,23.0,34,2576,1,0,2402.5,3,35.0,34.3,0.0,0.0,0.0,0.0,0.5774,0.0,316.06,315.66,0.0,0.41,0.41,9.6,17.14,0.0,0.7,59.06,749.89,0.0,0.0,0.0,4.44,4.85,0.0265
2019-07-07 23:00:00,188,23.0,35,2556,1,0,2402.5,3,35.0,34.82,0.0,0.0,0.0,0.0,0.5779,0.0,316.06,315.66,0.0,0.41,0.41,9.6,17.27,0.0,0.7,59.06,749.89,0.0,0.0,0.0,4.44,4.85,0.0265
2019-07-07 23:00:00,188,23.0,36,2533,1,0,2402.5,3,35.0,35.42,0.0,0.0,0.0,0.0,0.5785,0.0,316.06,315.66,0.0,0.41,0.41,9.6,17.42,0.0,0.7,59.06,749.89,0.0,0.0,0.0,4.44,4.85,0.0265
2019-07-07 23:00:00,188,23.0,37,2532,1,0,2402.5,3,35.0,35.44,0.0,0.0,0.0,0.0,0.5785,0.0,316.06,315.66,0.0,0.41,0.41,9.6,17.43,0.0,0.7,59.06,749.89,0.0,0.0,0.0,4.44,4.85,0.0265
2019-07-07 23:00:00,188,23.0,38,2534,1,0,2402.5,3,35.0,35.39,0.0,0.0,0.0,0.0,0.5784,0.0,316.06,315.66,0.0,0.41,0.41,9.6,17.41,0.0,0.7,59.06,749.89,0.0,0.0,0.0,4.44,4.85,0.0265
2019-07-07 23:00:00,188,23.0,39,2534,1,0,2402.5,3,35.0,35.39,0.0,0.0,0.0,0.0,0.5784,0.0,316.06,315.66,0.0,0.41,0.41,9.6,17.41,0.0,0.7,59.06,749.89,0.0,0.0,0.0,4.44,4.85,0.0265
2019-07-07 23:00:00,188,23.0,40,2515,1,0,2402.5,3,35.0,35.88,0.0,0.0,0.0,0.0,0.5789,0.0,316.06,315.66,0.0,0.41,0.41,9.6,17.54,0.0,0.7,59.06,749.89,0.0,0.0,0.0,4.44,4.85,0.0265
2019-07-07 23:00:00,188,23.0,41,2487,1,0,2402.5,3,35.0,36.61,0.0,0.0,0.0,0.0,0.5796,0.0,316.06,315.66,0.0,0.41,0.41,9.6,17.72,0.0,0.7,59.06,749.89,0.0,0.0,0.0,4.44,4.85,0.0265
2019-07-07 23:00:00,188,23.0,42,2487,1,0,2402.5,3,35.0,36.61,0.0,0.0,0.0,0.0,0.5796,0.0,316.06,315.66,0.0,0.41,0.41,9.6,17.72,0.0,0.7,59.06,749.89,0.0,0.0,0.0,4.44,4.85,0.0265
2019-07-07 23:00:00,188,23.0,43,2464,1,0,2402.5,3,35.0,37.21,0.0,0.0,0.0,0.0,0.5802,0.0,316.06,315.66,0.0,0.41,0.41,9.6,17.87,0.0,0.7,59.06,749.89,0.0,0.0,0.0,4.44,4.85,0.0265
2019-07-07 23:00:00,188,23.0,44,2555,1,0,2402.5,3,35.0,34.84,0.0,0.0,0.0,0.0,0.5779,0.0,316.06,315.66,0.0,0.41,0.41,9.6,17.28,0.0,0.7,59.06,749.89,0.0,0.0,0.0,4.44,4.85,0.0265
2019-07-07 23:00:00,188,23.0,45,2555,1,0,2402.5,3,35.0,34.84,0.0,0.0,0.0,0.0,0.5779,0.0,316.06,315.66,0.0,0.41,0.41,9.6,17.28,0.0,0.7,59.06,749.89,0.0,0.0,0.0,4.44,4.85,0.0265
2019-07-07 23:00:00,188,23.0,46,2555,1,0,2402.5,3,35.0,34.84,0.0,0.0,0.0,0.0,0.5779,0.0,316.06,315.66,0.0,0.41,0.41,9.6,17.28,0.0,0.7,59.06,749.89,0.0,0.0,0.0,4.44,4.85,0.0265
2019-07-07 23:00:00,188,23.0,47,2530,1,0,2402.5,3,35.0,35.49,0.0,0.0,0.0,0.0,0.5785,0.0,316.06,315.66,0.0,0.41,0.41,9.6,17.44,0.0,0.7,59.06,749.89,0.0,0.0,0.0,4.44,4.85,0.0265
2019-07-07 23:00:00,188,23.0,48,2510,1,0,2402.5,3,35.0,36.01,0.0,0.0,0.0,0.0,0.579,0.0,316.06,315.66,0.0,0.41,0.41,9.6,17.57,0.0,0.7,59.06,749.89,0.0,0.0,0.0,4.44,4.85,0.0265
2019-07-07 23:00:00,188,23.0,49,2534,1,0,2402.5,3,35.0,35.39,0.0,0.0,0.0,0.0,0.5784,0.0,316.06,315.66,0.0,0.41,0.41,9.6,17.41,0.0,0.7,59.06,749.89,0.0,0.0,0.0,4.44,4.85,0.0265
2019-07-07 23:00:00,188,23.0,50,2531,1,0,2402.5,3,35.0,35.47,0.0,0.0,0.0,0.0,0.5785,0.0,316.06,315.66,0.0,0.41,0.41,9.6,17.43,0.0,0.7,59.06,749.89,0.0,0.0,0.0,4.44,4.85,0.0265
2019-07-07 23:00:00,188,23.0,51,2531,1,0,2402.5,3,35.0,35.47,0.0,0.0,0.0,0.0,0.5785,0.0,316.06,315.66,0.0,0.41,0.41,9.6,17.43,0.0,0.7,59.06,749.89,0.0,0.0,0.0,4.44,4.85,0.0265
2019-07-07 23:00:00,188,23.0,52,2531,1,0,2402.5,3,35.0,35.47,0.0,0.0,0.0,0.0,0.5785,0.0,316.06,315.66,0.0,0.41,0.41,9.6,17.43,0.0,0.7,59.06,749.89,0.0,0.0,0.0,4.44,4.85,0.0265
2019-07-07 23:00:00,188,23.0,53,2507,1,0,2402.5,3,35.0,36.09,0.0,0.0,0.0,0.0,0.5791,0.0,316.06,315.66,0.0,0.41,0.41,9.6,17.59,0.0,0.7,59.06,749.89,0.0,0.0,0.0,4.44,4.85,0.0265
2019-07-07 23:00:00,188,23.0,54,2494,1,0,2402.5,3,35.0,36.43,0.0,0.0,0.0,0.0,0.5795,0.0,316.06,315.66,0.0,0.41,0.41,9.6,17.67,0.0,0.7,59.06,749.89,0.0,0.0,0.0,4.44,4.85,0.0265
2019-07-07 23:00:00,188,23.0,55,2531,1,0,2402.5,3,35.0,35.47,0.0,0.0,0.0,0.0,0.5785,0.0,316.06,315.66,0.0,0.41,0.41,9.6,17.43,0.0,0.7,59.06,749.89,0.0,0.0,0.0,4.44,4.85,0.0265
2019-07-07 23:00:00,188,23.0,56,2531,1,0,2402.5,3,35.0,35.47,0.0,0.0,0.0,0.0,0.5785,0.0,316.06,315.66,0.0,0.41,0.41,9.6,17.43,0.0,0.7,59.06,749.89,0.0,0.0,0.0,4.44,4.85,0.0265
2019-07-07 23:00:00,188,23.0,57,2507,1,0,2402.5,3,35.0,36.09,0.0,0.0,0.0,0.0,0.5791,0.0,316.06,315.66,0.0,0.41,0.41,9.6,17.59,0.0,0.7,59.06,749.89,0.0,0.0,0.0,4.44,4.85,0.0265
2019-07-07 23:00:00,188,23.0,58,2494,1,0,2402.5,3,35.0,36.43,0.0,0.0,0.0,0.0,0.5795,0.0,316.06,315.66,0.0,0.41,0.41,9.6,17.67,0.0,0.7,59.06,749.89,0.0,0.0,0.0,4.44,4.85,0.0265
2019-07-07 23:00:00,188,23.0,59,2506,1,0,2402.5,3,35.0,36.12,0.0,0.0,0.0,0.0,0.5791,0.0,316.06,315.66,0.0,0.41,0.41,9.6,17.6,0.0,0.7,59.06,749.89,0.0,0.0,0.0,4.44,4.85,0.0265
2019-07-07 23:00:00,188,23.0,60,2506,1,0,2402.5,3,35.0,36.12,0.0,0.0,0.0,0.0,0.5791,0.0,316.06,315.66,0.0,0.41,0.41,9.6,17.6,0.0,0.7,59.06,749.89,0.0,0.0,0.0,4.44,4.85,0.0265
2019-07-07 23:00:00,188,23.0,61,2485,1,0,2402.5,3,35.0,36.66,0.0,0.0,0.0,0.0,0.5797,0.0,316.06,315.66,0.0,0.41,0.41,9.6,17.73,0.0,0.7,59.06,749.89,0.0,0.0,0.0,4.44,4.85,0.0265
2019-07-07 23:00:00,188,23.0,62,2469,1,0,2402.5,3,35.0,37.08,0.0,0.0,0.0,0.0,0.5801,0.0,316.06,315.66,0.0,0.41,0.41,9.6,17.84,0.0,0.7,59.06,749.89,0.0,0.0,0.0,4.44,4.85,0.0265
2019-07-07 23:00:00,188,23.0,63,2506,1,0,2402.5,3,35.0,36.12,0.0,0.0,0.0,0.0,0.5791,0.0,316.06,315.66,0.0,0.41,0.41,9.6,17.6,0.0,0.7,59.06,749.89,0.0,0.0,0.0,4.44,4.85,0.0265
2019-07-07 23:00:00,188,23.0,64,2506,1,0,2402.5,3,35.0,36.12,0.0,0.0,0.0,0.0,0.5791,0.0,316.06,315.66,0.0,0.41,0.41,9.6,17.6,0.0,0.7,59.06,749.89,0.0,0.0,0.0,4.44,4.85,0.0265
2019-07-07 23:00:00,188,23.0,65,2506,1,0,2402.5,3,35.0,36.12,0.0,0.0,0.0,0.0,0.5791,0.0,316.06,315.66,0.0,0.41,0.41,9.6,17.6,0.0,0.7,59.06,749.89,0.0,0.0,0.0,4.44,4.85,0.0265
2019-07-07 23:00:00,188,23.0,66,2485,1,0,2402.5,3,35.0,36.66,0.0,0.0,0.0,0.0,0.5797,0.0,316.06,315.66,0.0,0.41,0.41,9.6,17.73,0.0,0.7,59.06,749.89,0.0,0.0,0.0,4.44,4.85,0.0265
2019-07-07 23:00:00,188,23.0,67,2455,1,0,2402.5,3,35.0,37.44,0.0,0.0,0.0,0.0,0.5804,0.0,316.06,315.66,0.0,0.41,0.41,9.6,17.93,0.0,0.7,59.06,749.89,0.0,0.0,0.0,4.44,4.85,0.0265
2019-07-07 23:00:00,188,23.0,68,2489,1,0,2402.5,3,35.0,36.56,0.0,0.0,0.0,0.0,0.5796,0.0,316.06,315.66,0.0,0.41,0.41,9.6,17.71,0.0,0.7,59.06,749.89,0.0,0.0,0.0,4.44,4.85,0.0265
2019-07-07 23:00:00,188,23.0,69,2489,1,0,2402.5,3,35.0,36.56,0.0,0.0,0.0,0.0,0.5796,0.0,316.06,315.66,0.0,0.41,0.41,9.6,17.71,0.0,0.7,59.06,749.89,0.0,0.0,0.0,4.44,4.85,0.0265
2019-07-07 23:00:00,188,23.0,70,2489,1,0,2402.5,3,35.0,36.56,0.0,0.0,0.0,0.0,0.5796,0.0,316.06,315.66,0.0,0.41,0.41,9.6,17.71,0.0,0.7,59.06,749.89,0.0,0.0,0.0,4.44,4.85,0.0265
2019-07-07 23:00:00,188,23.0,71,2477,1,0,2402.5,3,35.0,36.87,0.0,0.0,0.0,0.0,0.5799,0.0,316.06,315.66,0.0,0.41,0.41,9.6,17.79,0.0,0.7,59.06,749.89,0.0,0.0,0.0,4.44,4.85,0.0265
2019-07-07 23:00:00,188,23.0,72,2455,1,0,2402.5,3,35.0,37.44,0.0,0.0,0.0,0.0,0.5804,0.0,316.06,315.66,0.0,0.41,0.41,9.6,17.93,0.0,0.7,59.06,749.89,0.0,0.0,0.0,4.44,4.85,0.0265
2019-07-07 23:00:00,188,23.0,73,2485,1,0,2402.5,3,35.0,36.66,0.0,0.0,0.0,0.0,0.5797,0.0,316.06,315.66,0.0,0.41,0.41,9.6,17.73,0.0,0.7,59.06,749.89,0.0,0.0,0.0,4.44,4.85,0.0265
2019-07-07 23:00:00,188,23.0,74,2485,1,0,2402.5,3,35.0,36.66,0.0,0.0,0.0,0.0,0.5797,0.0,316.06,315.66,0.0,0.41,0.41,9.6,17.73,0.0,0.7,59.06,749.89,0.0,0.0,0.0,4.44,4.85,0.0265
2019-07-07 23:00:00,188,23.0,75,2485,1,0,2402.5,3,35.0,36.66,0.0,0.0,0.0,0.0,0.5797,0.0,316.06,315.66,0.0,0.41,0.41,9.6,17.73,0.0,0.7,59.06,749.89,0.0,0.0,0.0,4.44,4.85,0.0265
2019-07-07 23:00:00,188,23.0,76,2466,1,0,2402.5,3,35.0,37.16,0.0,0.0,0.0,0.0,0.5802,0.0,316.06,315.66,0.0,0.41,0.41,9.6,17.86,0.0,0.7,59.06,749.89,0.0,0.0,0.0,4.44,4.85,0.0265
2019-07-07 23:00:00,188,23.0,77,2445,1,0,2402.5,3,35.0,37.7,0.0,0.0,0.0,0.0,0.5807,0.0,316.06,315.66,0.0,0.41,0.41,9.6,17.99,0.0,0.7,59.06,749.89,0.0,0.0,0.0,4.44,4.85,0.0265
2019-07-07 23:00:00,188,23.0,78,2478,1,0,2402.5,3,35.0,36.85,0.0,0.0,0.0,0.0,0.5799,0.0,316.06,315.66,0.0,0.41,0.41,9.6,17.78,0.0,0.7,59.06,749.89,0.0,0.0,0.0,4.44,4.85,0.0265
2019-07-07 23:00:00,188,23.0,79,2478,1,0,2402.5,3,35.0,36.85,0.0,0.0,0.0,0.0,0.5799,0.0,316.06,315.66,0.0,0.41,0.41,9.6,17.78,0.0,0.7,59.06,749.89,0.0,0.0,0.0,4.44,4.85,0.0265
2019-07-07 23:00:00,188,23.0,80,2449,1,0,2402.5,3,35.0,37.6,0.0,0.0,0.0,0.0,0.5806,0.0,316.06,315.66,0.0,0.41,0.41,9.6,17.97,0.0,0.7,59.06,749.89,0.0,0.0,0.0,4.44,4.85,0.0265
2019-07-07 23:00:00,188,23.0,81,2412,1,0,2402.5,3,35.0,38.56,0.0,0.0,0.0,0.0,0.5815,0.0,316.06,315.66,0.0,0.41,0.41,9.6,18.21,0.0,0.7,59.06,749.89,0.0,0.0,0.0,4.44,4.85,0.0265
2019-07-07 23:00:00,188,23.0,82,2443,1,0,2402.5,3,35.0,37.76,0.0,0.0,0.0,0.0,0.5807,0.0,316.06,315.66,0.0,0.41,0.41,9.6,18.01,0.0,0.7,59.06,749.89,0.0,0.0,0.0,4.44,4.85,0.0265
2019-07-07 23:00:00,188,23.0,83,2474,1,0,2402.5,3,35.0,36.95,0.0,0.0,0.0,0.0,0.58,0.0,316.06,315.66,0.0,0.41,0.41,9.6,17.8,0.0,0.7,59.06,749.89,0.0,0.0,0.0,4.44,4.85,0.0265
2019-07-07 23:00:00,188,23.0,84,2474,1,0,2402.5,3,35.0,36.95,0.0,0.0,0.0,0.0,0.58,0.0,316.06,315.66,0.0,0.41,0.41,9.6,17.8,0.0,0.7,59.06,749.89,0.0,0.0,0.0,4.44,4.85,0.0265
2019-07-07 23:00:00,188,23.0,85,2436,1,0,2402.5,3,35.0,37.94,0.0,0.0,0.0,0.0,0.5809,0.0,316.06,315.66,0.0,0.41,0.41,9.6,18.05,0.0,0.7,59.06,749.89,0.0,0.0,0.0,4.44,4.85,0.0265
2019-07-07 23:00:00,188,23.0,86,2397,0,0,2402.5,3,35.0,38.95,0.0,0.0,0.0,0.0,0.2445,0.0,316.06,315.66,0.0,0.41,0.41,9.6,18.3,0.0,0.7,59.06,749.89,0.0,0.0,0.0,24.44,24.85,0.1335
2019-07-07 23:00:00,188,23.0,87,2415,1,0,2402.5,3,35.0,38.48,0.0,0.0,0.0,0.0,0.5815,0.0,316.06,315.66,0.0,0.41,0.41,9.6,18.19,0.0,0.7,59.06,749.89,0.0,0.0,0.0,4.44,4.85,0.0265
2019-07-07 23:00:00,188,23.0,88,2476,1,0,2402.5,3,35.0,36.9,0.0,0.0,0.0,0.0,0.5799,0.0,316.06,315.66,0.0,0.41,0.41,9.6,17.79,0.0,0.7,59.06,749.89,0.0,0.0,0.0,4.44,4.85,0.0265
2019-07-07 23:00:00,188,23.0,89,2428,1,0,2402.5,3,35.0,38.15,0.0,0.0,0.0,0.0,0.5811,0.0,316.06,315.66,0.0,0.41,0.41,9.6,18.1,0.0,0.7,59.06,749.89,0.0,0.0,0.0,4.44,4.85,0.0265
2019-07-07 23:00:00,188,23.0,90,2377,0,0,2402.5,3,35.0,39.47,0.0,0.0,0.0,0.0,0.245,0.0,316.06,315.66,0.0,0.41,0.41,9.6,18.43,0.0,0.7,59.06,749.89,0.0,0.0,0.0,24.44,24.85,0.1335
2019-07-07 23:00:00,188,23.0,91,2378,0,0,2402.5,3,35.0,39.45,0.0,0.0,0.0,0.0,0.2449,0.0,316.06,315.66,0.0,0.41,0.41,9.6,18.43,0.0,0.7,59.06,749.89,0.0,0.0,0.0,24.44,24.85,0.1335
2019-07-07 23:00:00,188,23.0,92,2496,1,0,2402.5,3,35.0,36.38,0.0,0.0,0.0,0.0,0.5794,0.0,316.06,315.66,0.0,0.41,0.41,9.6,17.66,0.0,0.7,59.06,749.89,0.0,0.0,0.0,4.44,4.85,0.0265
2019-07-07 23:00:00,188,23.0,93,2423,1,0,2402.5,3,35.0,38.28,0.0,0.0,0.0,0.0,0.5813,0.0,316.06,315.66,0.0,0.41,0.41,9.6,18.14,0.0,0.7,59.06,749.89,0.0,0.0,0.0,4.44,4.85,0.0265
2019-07-07 23:00:00,188,23.0,95,2372,0,0,2402.5,3,35.0,39.6,0.0,0.0,0.0,0.0,0.2451,0.0,316.06,315.66,0.0,0.41,0.41,9.6,18.47,0.0,0.7,59.06,749.89,0.0,0.0,0.0,24.44,24.85,0.1335
2019-07-07 23:00:00,188,23.0,97,2358,0,0,2402.5,3,35.0,39.97,0.0,0.0,0.0,0.0,0.2454,0.0,316.06,315.66,0.0,0.41,0.41,9.6,18.56,0.0,0.7,59.06,749.89,0.0,0.0,0.0,24.44,24.85,0.1335
2019-07-07 23:00:00,188,23.0,98,2554,1,0,2402.5,3,35.0,34.87,0.0,0.0,0.0,0.0,0.5779,0.0,316.06,315.66,0.0,0.41,0.41,9.6,17.28,0.0,0.7,59.06,749.89,0.0,0.0,0.0,4.44,4.85,0.0265
2019-07-07 23:00:00,188,23.0,99,2451,1,0,2402.5,3,35.0,37.55,0.0,0.0,0.0,0.0,0.5805,0.0,316.06,315.66,0.0,0.41,0.41,9.6,17.95,0.0,0.7,59.06,749.89,0.0,0.0,0.0,4.44,4.85,0.0265
2019-07-07 23:00:00,188,23.0,100,2361,0,0,2402.5,3,35.0,39.89,0.0,0.0,0.0,0.0,0.2454,0.0,316.06,315.66,0.0,0.41,0.41,9.6,18.54,0.0,0.7,59.06,749.89,0.0,0.0,0.0,24.44,24.85,0.1335
2019-07-07 23:30:00,188,23.5,94,2563,1,0,2402.5,3,35.0,34.64,0.0,0.0,0.0,0.0,0.5777,0.0,318.25,315.66,0.0,2.59,2.59,9.73,17.23,0.0,0.7,58.19,749.72,0.0,0.0,0.0,4.44,7.04,0.0384
2019-07-07 23:30:00,188,23.5,96,2549,1,0,2402.5,3,35.0,35.0,0.0,0.0,0.0,0.0,0.5781,0.0,318.25,315.66,0.0,2.59,2.59,9.73,17.32,0.0,0.7,58.19,749.72,0.0,0.0,0.0,4.44,7.04,0.0384
2019-07-07 23:30:00,188,23.5,1,2612,1,0,2402.5,3,35.0,33.36,0.0,0.0,0.0,0.0,0.5765,0.0,318.25,315.66,0.0,2.59,2.59,9.73,16.91,0.0,0.7,58.19,749.72,0.0,0.0,0.0,4.44,7.04,0.0384
2019-07-07 23:30:00,188,23.5,2,2612,1,0,2402.5,3,35.0,33.36,0.0,0.0,0.0,0.0,0.5765,0.0,318.25,315.66,0.0,2.59,2.59,9.73,16.91,0.0,0.7,58.19,749.72,0.0,0.0,0.0,4.44,7.04,0.0384
2019-07-07 23:30:00,188,23.5,3,2610,1,0,2402.5,3,35.0,33.41,0.0,0.0,0.0,0.0,0.5765,0.0,318.25,315.66,0.0,2.59,2.59,9.73,16.92,0.0,0.7,58.19,749.72,0.0,0.0,0.0,4.44,7.04,0.0384
2019-07-07 23:30:00,188,23.5,4,2583,1,0,2402.5,3,35.0,34.12,0.0,0.0,0.0,0.0,0.5772,0.0,318.25,315.66,0.0,2.59,2.59,9.73,17.1,0.0,0.7,58.19,749.72,0.0,0.0,0.0,4.44,7.04,0.0384
2019-07-07 23:30:00,188,23.5,5,2583,1,0,2402.5,3,35.0,34.12,0.0,0.0,0.0,0.0,0.5772,0.0,318.25,315.66,0.0,2.59,2.59,9.73,17.1,0.0,0.7,58.19,749.72,0.0,0.0,0.0,4.44,7.04,0.0384
2019-07-07 23:30:00,188,23.5,6,2546,1,0,2402.5,3,35.0,35.08,0.0,0.0,0.0,0.0,0.5781,0.0,318.25,315.66,0.0,2.59,2.59,9.73,17.34,0.0,0.7,58.19,749.72,0.0,0.0,0.0,4.44,7.04,0.0384
2019-07-07 23:30:00,188,23.5,7,2546,1,0,2402.5,3,35.0,35.08,0.0,0.0,0.0,0.0,0.5781,0.0,318.25,315.66,0.0,2.59,2.59,9.73,17.34,0.0,0.7,58.19,749.72,0.0,0.0,0.0,4.44,7.04,0.0384
2019-07-07 23:30:00,188,23.5,8,2639,1,0,2402.5,3,35.0,32.66,0.0,0.0,0.0,0.0,0.5758,0.0,318.25,315.66,0.0,2.59,2.59,9.73,16.73,0.0,0.7,58.19,749.72,0.0,0.0,0.0,4.44,7.04,0.0384
2019-07-07 23:30:00,188,23.5,9,2610,1,0,2402.5,3,35.0,33.41,0.0,0.0,0.0,0.0,0.5765,0.0,318.25,315.66,0.0,2.59,2.59,9.73,16.92,0.0,0.7,58.19,749.72,0.0,0.0,0.0,4.44,7.04,0.0384
2019-07-07 23:30:00,188,23.5,10,2579,1,0,2402.5,3,35.0,34.22,0.0,0.0,0.0,0.0,0.5773,0.0,318.25,315.66,0.0,2.59,2.59,9.73,17.12,0.0,0.7,58.19,749.72,0.0,0.0,0.0,4.44,7.04,0.0384
2019-07-07 23:30:00,188,23.5,11,2579,1,0,2402.5,3,35.0,34.22,0.0,0.0,0.0,0.0,0.5773,0.0,318.25,315.66,0.0,2.59,2.59,9.73,17.12,0.0,0.7,58.19,749.72,0.0,0.0,0.0,4.44,7.04,0.0384
2019-07-07 23:30:00,188,23.5,12,2546,1,0,2402.5,3,35.0,35.08,0.0,0.0,0.0,0.0,0.5781,0.0,318.25,315.66,0.0,2.59,2.59,9.73,17.34,0.0,0.7,58.19,749.72,0.0,0.0,0.0,4.44,7.04,0.0384
2019-07-07 23:30:00,188,23.5,13,2530,1,0,2402.5,3,35.0,35.49,0.0,0.0,0.0,0.0,0.5785,0.0,318.25,315.66,0.0,2.59,2.59,9.73,17.44,0.0,0.7,58.19,749.72,0.0,0.0,0.0,4.44,7.04,0.0384
2019-07-07 23:30:00,188,23.5,14,2530,1,0,2402.5,3,35.0,35.49,0.0,0.0,0.0,0.0,0.5785,0.0,318.25,315.66,0.0,2.59,2.59,9.73,17.44,0.0,0.7,58.19,749.72,0.0,0.0,0.0,4.44,7.04,0.0384
2019-07-07 23:30:00,188,23.5,15,2494,1,0,2402.5,3,35.0,36.43,0.0,0.0,0.0,0.0,0.5795,0.0,318.25,315.66,0.0,2.59,2.59,9.73,17.67,0.0,0.7,58.19,749.72,0.0,0.0,0.0,4.44,7.04,0.0384
2019-07-07 23:30:00,188,23.5,16,2494,1,0,2402.5,3,35.0,36.43,0.0,0.0,0.0,0.0,0.5795,0.0,318.25,315.66,0.0,2.59,2.59,9.73,17.67,0.0,0.7,58.19,749.72,0.0,0.0,0.0,4.44,7.04,0.0384
2019-07-07 23:30:00,188,23.5,17,2462,1,0,2402.5,3,35.0,37.26,0.0,0.0,0.0,0.0,0.5803,0.0,318.25,315.66,0.0,2.59,2.59,9.73,17.88,0.0,0.7,58.19,749.72,0.0,0.0,0.0,4.44,7.04,0.0384
2019-07-07 23:30:00,188,23.5,18,2630,1,0,2402.5,3,35.0,32.89,0.0,0.0,0.0,0.0,0.576,0.0,318.25,315.66,0.0,2.59,2.59,9.73,16.79,0.0,0.7,58.19,749.72,0.0,0.0,0.0,4.44,7.04,0.0384
2019-07-07 23:30:00,188,23.5,19,2630,1,0,2402.5,3,35.0,32.89,0.0,0.0,0.0,0.0,0.576,0.0,318.25,315.66,0.0,2.59,2.59,9.73,16.79,0.0,0.7,58.19,749.72,0.0,0.0,0.0,4.44,7.04,0.0384
2019-07-07 23:30:00,188,23.5,20,2604,1,0,2402.5,3,35.0,33.57,0.0,0.0,0.0,0.0,0.5767,0.0,318.25,315.66,0.0,2.59,2.59,9.73,16.96,0.0,0.7,58.19,749.72,0.0,0.0,0.0,4.44,7.04,0.0384
2019-07-07 23:30:00,188,23.5,21,2563,1,0,2402.5,3,35.0,34.64,0.0,0.0,0.0,0.0,0.5777,0.0,318.25,315.66,0.0,2.59,2.59,9.73,17.23,0.0,0.7,58.19,749.72,0.0,0.0,0.0,4.44,7.04,0.0384
2019-07-07 23:30:00,188,23.5,22,2556,1,0,2402.5,3,35.0,34.82,0.0,0.0,0.0,0.0,0.5779,0.0,318.25,315.66,0.0,2.59,2.59,9.73,17.27,0.0,0.7,58.19,749.72,0.0,0.0,0.0,4.44,7.04,0.0384
2019-07-07 23:30:00,188,23.5,23,2549,1,0,2402.5,3,35.0,35.0,0.0,0.0,0.0,0.0,0.5781,0.0,318.25,315.66,0.0,2.59,2.59,9.73,17.32,0.0,0.7,58.19,749.72,0.0,0.0,0.0,4.44,7.04,0.0384
2019-07-07 23:30:00,188,23.5,24,2549,1,0,2402.5,3,35.0,35.0,0.0,0.0,0.0,0.0,0.5781,0.0,318.25,315.66,0.0,2.59,2.59,9.73,17.32,0.0,0.7,58.19,749.72,0.0,0.0,0.0,4.44,7.04,0.0384
2019-07-07 23:30:00,188,23.5,25,2524,1,0,2402.5,3,35.0,35.65,0.0,0.0,0.0,0.0,0.5787,0.0,318.25,315.66,0.0,2.59,2.59,9.73,17.48,0.0,0.7,58.19,749.72,0.0,0.0,0.0,4.44,7.04,0.0384
2019-07-07 23:30:00,188,23.5,26,2502,1,0,2402.5,3,35.0,36.22,0.0,0.0,0.0,0.0,0.5792,0.0,318.25,315.66,0.0,2.59,2.59,9.73,17.62,0.0,0.7,58.19,749.72,0.0,0.0,0.0,4.44,7.04,0.0384
2019-07-07 23:30:00,188,23.5,27,2502,1,0,2402.5,3,35.0,36.22,0.0,0.0,0.0,0.0,0.5792,0.0,318.25,315.66,0.0,2.59,2.59,9.73,17.62,0.0,0.7,58.19,749.72,0.0,0.0,0.0,4.44,7.04,0.0384
2019-07-07 23:30:00,188,23.5,28,2477,1,0,2402.5,3,35.0,36.87,0.0,0.0,0.0,0.0,0.5799,0.0,318.25,315.66,0.0,2.59,2.59,9.73,17.79,0.0,0.7,58.19,749.72,0.0,0.0,0.0,4.44,7.04,0.0384
2019-07-07 23:30:00,188,23.5,29,2477,1,0,2402.5,3,35.0,36.87,0.0,0.0,0.0,0.0,0.5799,0.0,318.25,315.66,0.0,2.59,2.59,9.73,17.79,0.0,0.7,58.19,749.72,0.0,0.0,0.0,4.44,7.04,0.0384
2019-07-07 23:30:00,188,23.5,30,2440,1,0,2402.5,3,35.0,37.83,0.0,0.0,0.0,0.0,0.5808,0.0,318.25,315.66,0.0,2.59,2.59,9.73,18.03,0.0,0.7,58.19,749.72,0.0,0.0,0.0,4.44,7.04,0.0384
2019-07-07 23:30:00,188,23.5,31,2620,1,0,2402.5,3,35.0,33.15,0.0,0.0,0.0,0.0,0.5763,0.0,318.25,315.66,0.0,2.59,2.59,9.73,16.86,0.0,0.7,58.19,749.72,0.0,0.0,0.0,4.44,7.04,0.0384
2019-07-07 23:30:00,188,23.5,32,2576,1,0,2402.5,3,35.0,34.3,0.0,0.0,0.0,0.0,0.5774,0.0,318.25,315.66,0.0,2.59,2.59,9.73,17.14,0.0,0.7,58.19,749.72,0.0,0.0,0.0,4.44,7.04,0.0384
2019-07-07 23:30:00,188,23.5,33,2576,1,0,2402.5,3,35.0,34.3,0.0,0.0,0.0,0.0,0.5774,0.0,318.25,315.66,0.0,2.59,2.59,9.73,17.14,0.0,0.7,58.19,749.72,0.0,0.0,0.0,4.44,7.04,0.0384
2019-07-07 23:30:00,188,23.5,34,2576,1,0,2402.5,3,35.0,34.3,0.0,0.0,0.0,0.0,0.5774,0.0,318.25,315.66,0.0,2.59,2.59,9.73,17.14,0.0,0.7,58.19,749.72,0.0,0.0,0.0,4.44,7.04,0.0384
2019-07-07 23:30:00,188,23.5,35,2556,1,0,2402.5,3,35.0,34.82,0.0,0.0,0.0,0.0,0.5779,0.0,318.25,315.66,0.0,2.59,2.59,9.73,17.27,0.0,0.7,58.19,749.72,0.0,0.0,0.0,4.44,7.04,0.0384
2019-07-07 23:30:00,188,23.5,36,2533,1,0,2402.5,3,35.0,35.42,0.0,0.0,0.0,0.0,0.5785,0.0,318.25,315.66,0.0,2.59,2.59,9.73,17.42,0.0,0.7,58.19,749.72,0.0,0.0,0.0,4.44,7.04,0.0384
2019-07-07 23:30:00,188,23.5,37,2532,1,0,2402.5,3,35.0,35.44,0.0,0.0,0.0,0.0,0.5785,0.0,318.25,315.66,0.0,2.59,2.59,9.73,17.43,0.0,0.7,58.19,749.72,0.0,0.0,0.0,4.44,7.04,0.0384
2019-07-07 23:30:00,188,23.5,38,2534,1,0,2402.5,3,35.0,35.39,0.0,0.0,0.0,0.0,0.5784,0.0,318.25,315.66,0.0,2.59,2.59,9.73,17.41,0.0,0.7,58.19,749.72,0.0,0.0,0.0,4.44,7.04,0.0384
2019-07-07 23:30:00,188,23.5,39,2534,1,0,2402.5,3,35.0,35.39,0.0,0.0,0.0,0.0,0.5784,0.0,318.25,315.66,0.0,2.59,2.59,9.73,17.41,0.0,0.7,58.19,749.72,0.0,0.0,0.0,4.44,7.04,0.0384
2019-07-07 23:30:00,188,23.5,40,2515,1,0,2402.5,3,35.0,35.88,0.0,0.0,0.0,0.0,0.5789,0.0,318.25,315.66,0.0,2.59,2.59,9.73,17.54,0.0,0.7,58.19,749.72,0.0,0.0,0.0,4.44,7.04,0.0384
2019-07-07 23:30:00,188,23.5,41,2487,1,0,2402.5,3,35.0,36.61,0.0,0.0,0.0,0.0,0.5796,0.0,318.25,315.66,0.0,2.59,2.59,9.73,17.72,0.0,0.7,58.19,749.72,0.0,0.0,0.0,4.44,7.04,0.0384
2019-07-07 23:30:00,188,23.5,42,2487,1,0,2402.5,3,35.0,36.61,0.0,0.0,0.0,0.0,0.5796,0.0,318.25,315.66,0.0,2.59,2.59,9.73,17.72,0.0,0.7,58.19,749.72,0.0,0.0,0.0,4.44,7.04,0.0384
2019-07-07 23:30:00,188,23.5,43,2464,1,0,2402.5,3,35.0,37.21,0.0,0.0,0.0,0.0,0.5802,0.0,318.25,315.66,0.0,2.59,2.59,9.73,17.87,0.0,0.7,58.19,749.72,0.0,0.0,0.0,4.44,7.04,0.0384
2019-07-07 23:30:00,188,23.5,44,2555,1,0,2402.5,3,35.0,34.84,0.0,0.0,0.0,0.0,0.5779,0.0,318.25,315.66,0.0,2.59,2.59,9.73,17.28,0.0,0.7,58.19,749.72,0.0,0.0,0.0,4.44,7.04,0.0384
2019-07-07 23:30:00,188,23.5,45,2555,1,0,2402.5,3,35.0,34.84,0.0,0.0,0.0,0.0,0.5779,0.0,318.25,315.66,0.0,2.59,2.59,9.73,17.28,0.0,0.7,58.19,749.72,0.0,0.0,0.0,4.44,7.04,0.0384
2019-07-07 23:30:00,188,23.5,46,2555,1,0,2402.5,3,35.0,34.84,0.0,0.0,0.0,0.0,0.5779,0.0,318.25,315.66,0.0,2.59,2.59,9.73,17.28,0.0,0.7,58.19,749.72,0.0,0.0,0.0,4.44,7.04,0.0384
2019-07-07 23:30:00,188,23.5,47,2530,1,0,2402.5,3,35.0,35.49,0.0,0.0,0.0,0.0,0.5785,0.0,318.25,315.66,0.0,2.59,2.59,9.73,17.44,0.0,0.7,58.19,749.72,0.0,0.0,0.0,4.44,7.04,0.0384
2019-07-07 23:30:00,188,23.5,48,2510,1,0,2402.5,3,35.0,36.01,0.0,0.0,0.0,0.0,0.579,0.0,318.25,315.66,0.0,2.59,2.59,9.73,17.57,0.0,0.7,58.19,749.72,0.0,0.0,0.0,4.44,7.04,0.0384
2019-07-07 23:30:00,188,23.5,49,2534,1,0,2402.5,3,35.0,35.39,0.0,0.0,0.0,0.0,0.5784,0.0,318.25,315.66,0.0,2.59,2.59,9.73,17.41,0.0,0.7,58.19,749.72,0.0,0.0,0.0,4.44,7.04,0.0384
2019-07-07 23:30:00,188,23.5,50,2531,1,0,2402.5,3,35.0,35.47,0.0,0.0,0.0,0.0,0.5785,0.0,318.25,315.66,0.0,2.59,2.59,9.73,17.43,0.0,0.7,58.19,749.72,0.0,0.0,0.0,4.44,7.04,0.0384
2019-07-07 23:30:00,188,23.5,51,2531,1,0,2402.5,3,35.0,35.47,0.0,0.0,0.0,0.0,0.5785,0.0,318.25,315.66,0.0,2.59,2.59,9.73,17.43,0.0,0.7,58.19,749.72,0.0,0.0,0.0,4.44,7.04,0.0384
2019-07-07 23:30:00,188,23.5,52,2531,1,0,2402.5,3,35.0,35.47,0.0,0.0,0.0,0.0,0.5785,0.0,318.25,315.66,0.0,2.59,2.59,9.73,17.43,0.0,0.7,58.19,749.72,0.0,0.0,0.0,4.44,7.04,0.0384
2019-07-07 23:30:00,188,23.5,53,2507,1,0,2402.5,3,35.0,36.09,0.0,0.0,0.0,0.0,0.5791,0.0,318.25,315.66,0.0,2.59,2.59,9.73,17.59,0.0,0.7,58.19,749.72,0.0,0.0,0.0,4.44,7.04,0.0384
2019-07-07 23:30:00,188,23.5,54,2494,1,0,2402.5,3,35.0,36.43,0.0,0.0,0.0,0.0,0.5795,0.0,318.25,315.66,0.0,2.59,2.59,9.73,17.67,0.0,0.7,58.19,749.72,0.0,0.0,0.0,4.44,7.04,0.0384
2019-07-07 23:30:00,188,23.5,55,2531,1,0,2402.5,3,35.0,35.47,0.0,0.0,0.0,0.0,0.5785,0.0,318.25,315.66,0.0,2.59,2.59,9.73,17.43,0.0,0.7,58.19,749.72,0.0,0.0,0.0,4.44,7.04,0.0384
2019-07-07 23:30:00,188,23.5,56,2531,1,0,2402.5,3,35.0,35.47,0.0,0.0,0.0,0.0,0.5785,0.0,318.25,315.66,0.0,2.59,2.59,9.73,17.43,0.0,0.7,58.19,749.72,0.0,0.0,0.0,4.44,7.04,0.0384
2019-07-07 23:30:00,188,23.5,57,2507,1,0,2402.5,3,35.0,36.09,0.0,0.0,0.0,0.0,0.5791,0.0,318.25,315.66,0.0,2.59,2.59,9.73,17.59,0.0,0.7,58.19,749.72,0.0,0.0,0.0,4.44,7.04,0.0384
2019-07-07 23:30:00,188,23.5,58,2494,1,0,2402.5,3,35.0,36.43,0.0,0.0,0.0,0.0,0.5795,0.0,318.25,315.66,0.0,2.59,2.59,9.73,17.67,0.0,0.7,58.19,749.72,0.0,0.0,0.0,4.44,7.04,0.0384
2019-07-07 23:30:00,188,23.5,59,2506,1,0,2402.5,3,35.0,36.12,0.0,0.0,0.0,0.0,0.5791,0.0,318.25,315.66,0.0,2.59,2.59,9.73,17.6,0.0,0.7,58.19,749.72,0.0,0.0,0.0,4.44,7.04,0.0384
2019-07-07 23:30:00,188,23.5,60,2506,1,0,2402.5,3,35.0,36.12,0.0,0.0,0.0,0.0,0.5791,0.0,318.25,315.66,0.0,2.59,2.59,9.73,17.6,0.0,0.7,58.19,749.72,0.0,0.0,0.0,4.44,7.04,0.0384
2019-07-07 23:30:00,188,23.5,61,2485,1,0,2402.5,3,35.0,36.66,0.0,0.0,0.0,0.0,0.5797,0.0,318.25,315.66,0.0,2.59,2.59,9.73,17.73,0.0,0.7,58.19,749.72,0.0,0.0,0.0,4.44,7.04,0.0384
2019-07-07 23:30:00,188,23.5,62,2469,1,0,2402.5,3,35.0,37.08,0.0,0.0,0.0,0.0,0.5801,0.0,318.25,315.66,0.0,2.59,2.59,9.73,17.84,0.0,0.7,58.19,749.72,0.0,0.0,0.0,4.44,7.04,0.0384
2019-07-07 23:30:00,188,23.5,63,2506,1,0,2402.5,3,35.0,36.12,0.0,0.0,0.0,0.0,0.5791,0.0,318.25,315.66,0.0,2.59,2.59,9.73,17.6,0.0,0.7,58.19,749.72,0.0,0.0,0.0,4.44,7.04,0.0384
2019-07-07 23:30:00,188,23.5,64,2506,1,0,2402.5,3,35.0,36.12,0.0,0.0,0.0,0.0,0.5791,0.0,318.25,315.66,0.0,2.59,2.59,9.73,17.6,0.0,0.7,58.19,749.72,0.0,0.0,0.0,4.44,7.04,0.0384
2019-07-07 23:30:00,188,23.5,65,2506,1,0,2402.5,3,35.0,36.12,0.0,0.0,0.0,0.0,0.5791,0.0,318.25,315.66,0.0,2.59,2.59,9.73,17.6,0.0,0.7,58.19,749.72,0.0,0.0,0.0,4.44,7.04,0.0384
2019-07-07 23:30:00,188,23.5,66,2485,1,0,2402.5,3,35.0,36.66,0.0,0.0,0.0,0.0,0.5797,0.0,318.25,315.66,0.0,2.59,2.59,9.73,17.73,0.0,0.7,58.19,749.72,0.0,0.0,0.0,4.44,7.04,0.0384
2019-07-07 23:30:00,188,23.5,67,2455,1,0,2402.5,3,35.0,37.44,0.0,0.0,0.0,0.0,0.5804,0.0,318.25,315.66,0.0,2.59,2.59,9.73,17.93,0.0,0.7,58.19,749.72,0.0,0.0,0.0,4.44,7.04,0.0384
2019-07-07 23:30:00,188,23.5,68,2489,1,0,2402.5,3,35.0,36.56,0.0,0.0,0.0,0.0,0.5796,0.0,318.25,315.66,0.0,2.59,2.59,9.73,17.71,0.0,0.7,58.19,749.72,0.0,0.0,0.0,4.44,7.04,0.0384
2019-07-07 23:30:00,188,23.5,69,2489,1,0,2402.5,3,35.0,36.56,0.0,0.0,0.0,0.0,0.5796,0.0,318.25,315.66,0.0,2.59,2.59,9.73,17.71,0.0,0.7,58.19,749.72,0.0,0.0,0.0,4.44,7.04,0.0384
2019-07-07 23:30:00,188,23.5,70,2489,1,0,2402.5,3,35.0,36.56,0.0,0.0,0.0,0.0,0.5796,0.0,318.25,315.66,0.0,2.59,2.59,9.73,17.71,0.0,0.7,58.19,749.72,0.0,0.0,0.0,4.44,7.04,0.0384
2019-07-07 23:30:00,188,23.5,71,2477,1,0,2402.5,3,35.0,36.87,0.0,0.0,0.0,0.0,0.5799,0.0,318.25,315.66,0.0,2.59,2.59,9.73,17.79,0.0,0.7,58.19,749.72,0.0,0.0,0.0,4.44,7.04,0.0384
2019-07-07 23:30:00,188,23.5,72,2455,1,0,2402.5,3,35.0,37.44,0.0,0.0,0.0,0.0,0.5804,0.0,318.25,315.66,0.0,2.59,2.59,9.73,17.93,0.0,0.7,58.19,749.72,0.0,0.0,0.0,4.44,7.04,0.0384
2019-07-07 23:30:00,188,23.5,73,2485,1,0,2402.5,3,35.0,36.66,0.0,0.0,0.0,0.0,0.5797,0.0,318.25,315.66,0.0,2.59,2.59,9.73,17.73,0.0,0.7,58.19,749.72,0.0,0.0,0.0,4.44,7.04,0.0384
2019-07-07 23:30:00,188,23.5,74,2485,1,0,2402.5,3,35.0,36.66,0.0,0.0,0.0,0.0,0.5797,0.0,318.25,315.66,0.0,2.59,2.59,9.73,17.73,0.0,0.7,58.19,749.72,0.0,0.0,0.0,4.44,7.04,0.0384
2019-07-07 23:30:00,188,23.5,75,2485,1,0,2402.5,3,35.0,36.66,0.0,0.0,0.0,0.0,0.5797,0.0,318.25,315.66,0.0,2.59,2.59,9.73,17.73,0.0,0.7,58.19,749.72,0.0,0.0,0.0,4.44,7.04,0.0384
2019-07-07 23:30:00,188,23.5,76,2466,1,0,2402.5,3,35.0,37.16,0.0,0.0,0.0,0.0,0.5802,0.0,318.25,315.66,0.0,2.59,2.59,9.73,17.86,0.0,0.7,58.19,749.72,0.0,0.0,0.0,4.44,7.04,0.0384
2019-07-07 23:30:00,188,23.5,77,2445,1,0,2402.5,3,35.0,37.7,0.0,0.0,0.0,0.0,0.5807,0.0,318.25,315.66,0.0,2.59,2.59,9.73,17.99,0.0,0.7,58.19,749.72,0.0,0.0,0.0,4.44,7.04,0.0384
2019-07-07 23:30:00,188,23.5,78,2478,1,0,2402.5,3,35.0,36.85,0.0,0.0,0.0,0.0,0.5799,0.0,318.25,315.66,0.0,2.59,2.59,9.73,17.78,0.0,0.7,58.19,749.72,0.0,0.0,0.0,4.44,7.04,0.0384
2019-07-07 23:30:00,188,23.5,79,2478,1,0,2402.5,3,35.0,36.85,0.0,0.0,0.0,0.0,0.5799,0.0,318.25,315.66,0.0,2.59,2.59,9.73,17.78,0.0,0.7,58.19,749.72,0.0,0.0,0.0,4.44,7.04,0.0384
2019-07-07 23:30:00,188,23.5,80,2449,1,0,2402.5,3,35.0,37.6,0.0,0.0,0.0,0.0,0.5806,0.0,318.25,315.66,0.0,2.59,2.59,9.73,17.97,0.0,0.7,58.19,749.72,0.0,0.0,0.0,4.44,7.04,0.0384
2019-07-07 23:30:00,188,23.5,81,2412,1,0,2402.5,3,35.0,38.56,0.0,0.0,0.0,0.0,0.5815,0.0,318.25,315.66,0.0,2.59,2.59,9.73,18.21,0.0,0.7,58.19,749.72,0.0,0.0,0.0,4.44,7.04,0.0384
2019-07-07 23:30:00,188,23.5,82,2443,1,0,2402.5,3,35.0,37.76,0.0,0.0,0.0,0.0,0.5807,0.0,318.25,315.66,0.0,2.59,2.59,9.73,18.01,0.0,0.7,58.19,749.72,0.0,0.0,0.0,4.44,7.04,0.0384
2019-07-07 23:30:00,188,23.5,83,2474,1,0,2402.5,3,35.0,36.95,0.0,0.0,0.0,0.0,0.58,0.0,318.25,315.66,0.0,2.59,2.59,9.73,17.8,0.0,0.7,58.19,749.72,0.0,0.0,0.0,4.44,7.04,0.0384
2019-07-07 23:30:00,188,23.5,84,2474,1,0,2402.5,3,35.0,36.95,0.0,0.0,0.0,0.0,0.58,0.0,318.25,315.66,0.0,2.59,2.59,9.73,17.8,0.0,0.7,58.19,749.72,0.0,0.0,0.0,4.44,7.04,0.0384
2019-07-07 23:30:00,188,23.5,85,2436,1,0,2402.5,3,35.0,37.94,0.0,0.0,0.0,0.0,0.5809,0.0,318.25,315.66,0.0,2.59,2.59,9.73,18.05,0.0,0.7,58.19,749.72,0.0,0.0,0.0,4.44,7.04,0.0384
2019-07-07 23:30:00,188,23.5,86,2397,0,0,2402.5,3,35.0,38.95,0.0,0.0,0.0,0.0,0.2445,0.0,318.25,315.66,0.0,2.59,2.59,9.73,18.3,0.0,0.7,58.19,749.72,0.0,0.0,0.0,24.44,27.04,0.1453
2019-07-07 23:30:00,188,23.5,87,2415,1,0,2402.5,3,35.0,38.48,0.0,0.0,0.0,0.0,0.5815,0.0,318.25,315.66,0.0,2.59,2.59,9.73,18.19,0.0,0.7,58.19,749.72,0.0,0.0,0.0,4.44,7.04,0.0384
2019-07-07 23:30:00,188,23.5,88,2476,1,0,2402.5,3,35.0,36.9,0.0,0.0,0.0,0.0,0.5799,0.0,318.25,315.66,0.0,2.59,2.59,9.73,17.79,0.0,0.7,58.19,749.72,0.0,0.0,0.0,4.44,7.04,0.0384
2019-07-07 23:30:00,188,23.5,89,2428,1,0,2402.5,3,35.0,38.15,0.0,0.0,0.0,0.0,0.5811,0.0,318.25,315.66,0.0,2.59,2.59,9.73,18.1,0.0,0.7,58.19,749.72,0.0,0.0,0.0,4.44,7.04,0.0384
2019-07-07 23:30:00,188,23.5,90,2377,0,0,2402.5,3,35.0,39.47,0.0,0.0,0.0,0.0,0.245,0.0,318.25,315.66,0.0,2.59,2.59,9.73,18.43,0.0,0.7,58.19,749.72,0.0,0.0,0.0,24.44,27.04,0.1453
2019-07-07 23:30:00,188,23.5,91,2378,0,0,2402.5,3,35.0,39.45,0.0,0.0,0.0,0.0,0.2449,0.0,318.25,315.66,0.0,2.59,2.59,9.73,18.43,0.0,0.7,58.19,749.72,0.0,0.0,0.0,24.44,27.04,0.1453
2019-07-07 23:30:00,188,23.5,92,2496,1,0,2402.5,3,35.0,36.38,0.0,0.0,0.0,0.0,0.5794,0.0,318.25,315.66,0.0,2.59,2.59,9.73,17.66,0.0,0.7,58.19,749.72,0.0,0.0,0.0,4.44,7.04,0.0384
2019-07-07 23:30:00,188,23.5,93,2423,1,0,2402.5,3,35.0,38.28,0.0,0.0,0.0,0.0,0.5813,0.0,318.25,315.66,0.0,2.59,2.59,9.73,18.14,0.0,0.7,58.19,749.72,0.0,0.0,0.0,4.44,7.04,0.0384
2019-07-07 23:30:00,188,23.5,95,2372,0,0,2402.5,3,35.0,39.6,0.0,0.0,0.0,0.0,0.2451,0.0,318.25,315.66,0.0,2.59,2.59,9.73,18.47,0.0,0.7,58.19,749.72,0.0,0.0,0.0,24.44,27.04,0.1453
2019-07-07 23:30:00,188,23.5,97,2358,0,0,2402.5,3,35.0,39.97,0.0,0.0,0.0,0.0,0.2454,0.0,318.25,315.66,0.0,2.59,2.59,9.73,18.56,0.0,0.7,58.19,749.72,0.0,0.0,0.0,24.44,27.04,0.1453
2019-07-07 23:30:00,188,23.5,98,2554,1,0,2402.5,3,35.0,34.87,0.0,0.0,0.0,0.0,0.5779,0.0,318.25,315.66,0.0,2.59,2.59,9.73,17.28,0.0,0.7,58.19,749.72,0.0,0.0,0.0,4.44,7.04,0.0384
2019-07-07 23:30:00,188,23.5,99,2451,1,0,2402.5,3,35.0,37.55,0.0,0.0,0.0,0.0,0.5805,0.0,318.25,315.66,0.0,2.59,2.59,9.73,17.95,0.0,0.7,58.19,749.72,0.0,0.0,0.0,4.44,7.04,0.0384
2019-07-07 23:30:00,188,23.5,100,2361,0,0,2402.5,3,35.0,39.89,0.0,0.0,0.0,0.0,0.2454,0.0,318.25,315.66,0.0,2.59,2.59,9.73,18.54,0.0,0.7,58.19,749.72,0.0,0.0,0.0,24.44,27.04,0.1453
